﻿Quelle:;"Bayerisches Landesamt für Umwelt, www.gkd.bayern.de"
Datenbankabfrage:;"18.11.2023 16:31"
Zeitbezug:;MEZ
Messstellen-Name:;"JOHANNESKIRCHEN KPA 222"
Messstellen-Nr.:;16277
Ostwert:;696784;Nordwert:;5338502;"ETRS89 / UTM Zone 32N"

Datum;"Grundwasserstand [m ü. NN]";Prüfstatus
2023-01-01;506,61;Rohdaten
2023-01-02;506,61;Rohdaten
2023-01-03;506,60;Rohdaten
2023-01-04;506,60;Rohdaten
2023-01-05;506,60;Rohdaten
2023-01-06;506,60;Rohdaten
2023-01-07;506,59;Rohdaten
2023-01-08;506,59;Rohdaten
2023-01-09;506,58;Rohdaten
2023-01-10;506,58;Rohdaten
2023-01-11;506,57;Rohdaten
2023-01-12;506,57;Rohdaten
2023-01-13;506,56;Rohdaten
2023-01-14;506,56;Rohdaten
2023-01-15;506,55;Rohdaten
2023-01-16;506,55;Rohdaten
2023-01-17;506,54;Rohdaten
2023-01-18;506,53;Rohdaten
2023-01-19;506,52;Rohdaten
2023-01-20;506,52;Rohdaten
2023-01-21;506,51;Rohdaten
2023-01-22;506,50;Rohdaten
2023-01-23;506,49;Rohdaten
2023-01-24;506,48;Rohdaten
2023-01-25;506,48;Rohdaten
2023-01-26;506,47;Rohdaten
2023-01-27;506,46;Rohdaten
2023-01-28;506,46;Rohdaten
2023-01-29;506,45;Rohdaten
2023-01-30;506,44;Rohdaten
2023-01-31;506,44;Rohdaten
2023-02-01;506,43;Rohdaten
2023-02-02;506,43;Rohdaten
2023-02-03;506,43;Rohdaten
2023-02-04;506,42;Rohdaten
2023-02-05;506,42;Rohdaten
2023-02-06;506,41;Rohdaten
2023-02-07;506,41;Rohdaten
2023-02-08;506,40;Rohdaten
2023-02-09;506,40;Rohdaten
2023-02-10;506,39;Rohdaten
2023-02-11;506,38;Rohdaten
2023-02-12;506,38;Rohdaten
2023-02-13;506,37;Rohdaten
2023-02-14;506,37;Rohdaten
2023-02-15;506,36;Rohdaten
2023-02-16;506,36;Rohdaten
2023-02-17;506,35;Rohdaten
2023-02-18;506,35;Rohdaten
2023-02-19;506,34;Rohdaten
2023-02-20;506,34;Rohdaten
2023-02-21;506,33;Rohdaten
2023-02-22;506,33;Rohdaten
2023-02-23;506,32;Rohdaten
2023-02-24;506,32;Rohdaten
2023-02-25;506,34;Rohdaten
2023-02-26;506,34;Rohdaten
2023-02-27;506,34;Rohdaten
2023-02-28;506,34;Rohdaten
2023-03-01;506,34;Rohdaten
2023-03-02;506,33;Rohdaten
2023-03-03;506,33;Rohdaten
2023-03-04;506,33;Rohdaten
2023-03-05;506,33;Rohdaten
2023-03-06;506,32;Rohdaten
2023-03-07;506,32;Rohdaten
2023-03-08;506,31;Rohdaten
2023-03-09;506,31;Rohdaten
2023-03-10;506,31;Rohdaten
2023-03-11;506,31;Rohdaten
2023-03-12;506,30;Rohdaten
2023-03-13;506,30;Rohdaten
2023-03-14;506,30;Rohdaten
2023-03-15;506,30;Rohdaten
2023-03-16;506,29;Rohdaten
2023-03-17;506,29;Rohdaten
2023-03-18;506,29;Rohdaten
2023-03-19;506,28;Rohdaten
2023-03-20;506,28;Rohdaten
2023-03-21;506,28;Rohdaten
2023-03-22;506,27;Rohdaten
2023-03-23;506,27;Rohdaten
2023-03-24;506,27;Rohdaten
2023-03-25;506,26;Rohdaten
2023-03-26;506,26;Rohdaten
2023-03-27;506,26;Rohdaten
2023-03-28;506,26;Rohdaten
2023-03-29;506,25;Rohdaten
2023-03-30;506,26;Rohdaten
2023-03-31;506,26;Rohdaten
2023-04-01;506,27;Rohdaten
2023-04-02;506,26;Rohdaten
2023-04-03;506,26;Rohdaten
2023-04-04;506,26;Rohdaten
2023-04-05;506,26;Rohdaten
2023-04-06;506,25;Rohdaten
2023-04-07;506,25;Rohdaten
2023-04-08;506,25;Rohdaten
2023-04-09;506,24;Rohdaten
2023-04-10;506,24;Rohdaten
2023-04-11;506,24;Rohdaten
2023-04-12;506,24;Rohdaten
2023-04-13;506,25;Rohdaten
2023-04-14;506,26;Rohdaten
2023-04-15;506,27;Rohdaten
2023-04-16;506,28;Rohdaten
2023-04-17;506,28;Rohdaten
2023-04-18;506,29;Rohdaten
2023-04-19;506,30;Rohdaten
2023-04-20;506,31;Rohdaten
2023-04-21;506,32;Rohdaten
2023-04-22;506,32;Rohdaten
2023-04-23;506,33;Rohdaten
2023-04-24;506,34;Rohdaten
2023-04-25;506,34;Rohdaten
2023-04-26;506,35;Rohdaten
2023-04-27;506,35;Rohdaten
2023-04-28;506,36;Rohdaten
2023-04-29;506,47;Rohdaten
2023-04-30;506,52;Rohdaten
2023-05-01;506,54;Rohdaten
2023-05-02;506,56;Rohdaten
2023-05-03;506,58;Rohdaten
2023-05-04;506,59;Rohdaten
2023-05-05;506,60;Rohdaten
2023-05-06;506,65;Rohdaten
2023-05-07;506,67;Rohdaten
2023-05-08;506,67;Rohdaten
2023-05-09;506,67;Rohdaten
2023-05-10;506,67;Rohdaten
2023-05-11;506,70;Rohdaten
2023-05-12;506,75;Rohdaten
2023-05-13;506,78;Rohdaten
2023-05-14;506,79;Rohdaten
2023-05-15;506,79;Rohdaten
2023-05-16;506,79;Rohdaten
2023-05-17;506,80;Rohdaten
2023-05-18;506,79;Rohdaten
2023-05-19;506,79;Rohdaten
2023-05-20;506,78;Rohdaten
2023-05-21;506,78;Rohdaten
2023-05-22;506,77;Rohdaten
2023-05-23;506,76;Rohdaten
2023-05-24;506,75;Rohdaten
2023-05-25;506,74;Rohdaten
2023-05-26;506,72;Rohdaten
2023-05-27;506,71;Rohdaten
2023-05-28;506,70;Rohdaten
2023-05-29;506,69;Rohdaten
2023-05-30;506,68;Rohdaten
2023-05-31;506,66;Rohdaten
2023-06-01;506,65;Rohdaten
2023-06-02;506,63;Rohdaten
2023-06-03;506,62;Rohdaten
2023-06-04;506,61;Rohdaten
2023-06-05;506,60;Rohdaten
2023-06-06;506,58;Rohdaten
2023-06-07;506,57;Rohdaten
2023-06-08;506,56;Rohdaten
2023-06-09;506,55;Rohdaten
2023-06-10;506,54;Rohdaten
2023-06-11;506,52;Rohdaten
2023-06-12;506,51;Rohdaten
2023-06-13;506,50;Rohdaten
2023-06-14;506,49;Rohdaten
2023-06-15;506,47;Rohdaten
2023-06-16;506,46;Rohdaten
2023-06-17;506,45;Rohdaten
2023-06-18;506,44;Rohdaten
2023-06-19;506,43;Rohdaten
2023-06-20;506,42;Rohdaten
2023-06-21;506,41;Rohdaten
2023-06-22;506,40;Rohdaten
2023-06-23;506,39;Rohdaten
2023-06-24;506,38;Rohdaten
2023-06-25;506,37;Rohdaten
2023-06-26;506,36;Rohdaten
2023-06-27;506,35;Rohdaten
2023-06-28;506,34;Rohdaten
2023-06-29;506,34;Rohdaten
2023-06-30;506,33;Rohdaten
2023-07-01;506,33;Rohdaten
2023-07-02;506,32;Rohdaten
2023-07-03;506,32;Rohdaten
2023-07-04;506,31;Rohdaten
2023-07-05;506,30;Rohdaten
2023-07-06;506,30;Rohdaten
2023-07-07;506,29;Rohdaten
2023-07-08;506,28;Rohdaten
2023-07-09;506,28;Rohdaten
2023-07-10;506,27;Rohdaten
2023-07-11;506,26;Rohdaten
2023-07-12;506,26;Rohdaten
2023-07-13;506,26;Rohdaten
2023-07-14;506,26;Rohdaten
2023-07-15;506,25;Rohdaten
2023-07-16;506,25;Rohdaten
2023-07-17;506,25;Rohdaten
2023-07-18;506,26;Rohdaten
2023-07-19;506,25;Rohdaten
2023-07-20;506,24;Rohdaten
2023-07-21;506,24;Rohdaten
2023-07-22;506,24;Rohdaten
2023-07-23;506,24;Rohdaten
2023-07-24;506,23;Rohdaten
2023-07-25;506,23;Rohdaten
2023-07-26;506,24;Rohdaten
2023-07-27;506,24;Rohdaten
2023-07-28;506,24;Rohdaten
2023-07-29;506,24;Rohdaten
2023-07-30;506,24;Rohdaten
2023-07-31;506,24;Rohdaten
2023-08-01;506,24;Rohdaten
2023-08-02;506,23;Rohdaten
2023-08-03;506,24;Rohdaten
2023-08-04;506,23;Rohdaten
2023-08-05;506,23;Rohdaten
2023-08-06;506,25;Rohdaten
2023-08-07;506,26;Rohdaten
2023-08-08;506,26;Rohdaten
2023-08-09;506,26;Rohdaten
2023-08-10;506,26;Rohdaten
2023-08-11;506,26;Rohdaten
2023-08-12;506,25;Rohdaten
2023-08-13;506,25;Rohdaten
2023-08-14;506,24;Rohdaten
2023-08-15;506,25;Rohdaten
2023-08-16;506,26;Rohdaten
2023-08-17;506,26;Rohdaten
2023-08-18;506,25;Rohdaten
2023-08-19;506,24;Rohdaten
2023-08-20;506,24;Rohdaten
2023-08-21;506,23;Rohdaten
2023-08-22;506,23;Rohdaten
2023-08-23;506,23;Rohdaten
2023-08-24;506,22;Rohdaten
2023-08-25;506,22;Rohdaten
2023-08-26;506,23;Rohdaten
2023-08-27;506,26;Rohdaten
2023-08-28;506,33;Rohdaten
2023-08-29;506,45;Rohdaten
2023-08-30;506,54;Rohdaten
2023-08-31;506,57;Rohdaten
2023-09-01;506,59;Rohdaten
2023-09-02;506,59;Rohdaten
2023-09-03;506,59;Rohdaten
2023-09-04;506,58;Rohdaten
2023-09-05;506,58;Rohdaten
2023-09-06;506,58;Rohdaten
2023-09-07;506,57;Rohdaten
2023-09-08;506,57;Rohdaten
2023-09-09;506,56;Rohdaten
2023-09-10;506,55;Rohdaten
2023-09-11;506,55;Rohdaten
2023-09-12;506,54;Rohdaten
2023-09-13;506,54;Rohdaten
2023-09-14;506,57;Rohdaten
2023-09-15;506,56;Rohdaten
2023-09-16;506,55;Rohdaten
2023-09-17;506,55;Rohdaten
2023-09-18;506,54;Rohdaten
2023-09-19;506,53;Rohdaten
2023-09-20;506,52;Rohdaten
2023-09-21;506,52;Rohdaten
2023-09-22;506,51;Rohdaten
2023-09-23;506,51;Rohdaten
2023-09-24;506,50;Rohdaten
2023-09-25;506,49;Rohdaten
2023-09-26;506,49;Rohdaten
2023-09-27;506,48;Rohdaten
2023-09-28;506,47;Rohdaten
2023-09-29;506,46;Rohdaten
2023-09-30;506,45;Rohdaten
2023-10-01;506,45;Rohdaten
2023-10-02;506,44;Rohdaten
2023-10-03;506,43;Rohdaten
2023-10-04;506,42;Rohdaten
2023-10-05;506,41;Rohdaten
2023-10-06;506,41;Rohdaten
2023-10-07;506,40;Rohdaten
2023-10-08;506,39;Rohdaten
2023-10-09;506,38;Rohdaten
2023-10-10;506,38;Rohdaten
2023-10-11;506,37;Rohdaten
2023-10-12;506,36;Rohdaten
2023-10-13;506,35;Rohdaten
2023-10-14;506,34;Rohdaten
2023-10-15;506,34;Rohdaten
2023-10-16;506,33;Rohdaten
2023-10-17;506,33;Rohdaten
2023-10-18;506,32;Rohdaten
2023-10-19;506,31;Rohdaten
2023-10-20;506,31;Rohdaten
2023-10-21;506,30;Rohdaten
2023-10-22;506,30;Rohdaten
2023-10-23;506,29;Rohdaten
2023-10-24;506,28;Rohdaten
2023-10-25;506,28;Rohdaten
2023-10-26;506,28;Rohdaten
2023-10-27;506,29;Rohdaten
2023-10-28;506,28;Rohdaten
2023-10-29;506,28;Rohdaten
2023-10-30;506,27;Rohdaten
2023-10-31;506,28;Rohdaten
