﻿Quelle:;"Bayerisches Landesamt für Umwelt, www.gkd.bayern.de"
Datenbankabfrage:;"18.11.2023 16:31"
Zeitbezug:;MEZ
Messstellen-Name:;"München KPA 751"
Messstellen-Nr.:;16815
Ostwert:;695873;Nordwert:;5343278;"ETRS89 / UTM Zone 32N"

Datum;"Grundwasserstand [m ü. NN]";Prüfstatus
2023-01-01;485,76;Rohdaten
2023-01-02;485,76;Rohdaten
2023-01-03;485,76;Rohdaten
2023-01-04;485,76;Rohdaten
2023-01-05;485,75;Rohdaten
2023-01-06;485,74;Rohdaten
2023-01-07;485,73;Rohdaten
2023-01-08;485,71;Rohdaten
2023-01-09;485,68;Rohdaten
2023-01-10;485,66;Rohdaten
2023-01-11;485,65;Rohdaten
2023-01-12;485,65;Rohdaten
2023-01-13;485,66;Rohdaten
2023-01-14;485,66;Rohdaten
2023-01-15;485,66;Rohdaten
2023-01-16;485,65;Rohdaten
2023-01-17;485,64;Rohdaten
2023-01-18;485,62;Rohdaten
2023-01-19;485,61;Rohdaten
2023-01-20;485,60;Rohdaten
2023-01-21;485,60;Rohdaten
2023-01-22;485,59;Rohdaten
2023-01-23;485,58;Rohdaten
2023-01-24;485,57;Rohdaten
2023-01-25;485,57;Rohdaten
2023-01-26;485,58;Rohdaten
2023-01-27;485,60;Rohdaten
2023-01-28;485,59;Rohdaten
2023-01-29;485,59;Rohdaten
2023-01-30;485,58;Rohdaten
2023-01-31;485,58;Rohdaten
2023-02-01;485,57;Rohdaten
2023-02-02;485,57;Rohdaten
2023-02-03;485,56;Rohdaten
2023-02-04;485,56;Rohdaten
2023-02-05;485,55;Rohdaten
2023-02-06;485,54;Rohdaten
2023-02-07;485,54;Rohdaten
2023-02-08;485,54;Rohdaten
2023-02-09;485,53;Rohdaten
2023-02-10;485,52;Rohdaten
2023-02-11;485,52;Rohdaten
2023-02-12;485,51;Rohdaten
2023-02-13;485,51;Rohdaten
2023-02-14;485,51;Rohdaten
2023-02-15;485,51;Rohdaten
2023-02-16;485,51;Rohdaten
2023-02-17;485,51;Rohdaten
2023-02-18;485,50;Rohdaten
2023-02-19;485,50;Rohdaten
2023-02-20;485,50;Rohdaten
2023-02-21;485,52;Rohdaten
2023-02-22;485,52;Rohdaten
2023-02-23;485,51;Rohdaten
2023-02-24;485,51;Rohdaten
2023-02-25;485,53;Rohdaten
2023-02-26;485,58;Rohdaten
2023-02-27;485,64;Rohdaten
2023-02-28;485,68;Rohdaten
2023-03-01;485,70;Rohdaten
2023-03-02;485,70;Rohdaten
2023-03-03;485,69;Rohdaten
2023-03-04;485,69;Rohdaten
2023-03-05;485,69;Rohdaten
2023-03-06;485,69;Rohdaten
2023-03-07;485,69;Rohdaten
2023-03-08;485,70;Rohdaten
2023-03-09;485,71;Rohdaten
2023-03-10;485,72;Rohdaten
2023-03-11;485,73;Rohdaten
2023-03-12;485,73;Rohdaten
2023-03-13;485,73;Rohdaten
2023-03-14;485,73;Rohdaten
2023-03-15;485,73;Rohdaten
2023-03-16;485,74;Rohdaten
2023-03-17;485,75;Rohdaten
2023-03-18;485,75;Rohdaten
2023-03-19;485,75;Rohdaten
2023-03-20;485,76;Rohdaten
2023-03-21;485,76;Rohdaten
2023-03-22;485,75;Rohdaten
2023-03-23;485,75;Rohdaten
2023-03-24;485,74;Rohdaten
2023-03-25;485,73;Rohdaten
2023-03-26;485,72;Rohdaten
2023-03-27;485,71;Rohdaten
2023-03-28;485,70;Rohdaten
2023-03-29;485,69;Rohdaten
2023-03-30;485,69;Rohdaten
2023-03-31;485,69;Rohdaten
2023-04-01;485,69;Rohdaten
2023-04-02;485,69;Rohdaten
2023-04-03;485,69;Rohdaten
2023-04-04;485,69;Rohdaten
2023-04-05;485,70;Rohdaten
2023-04-06;485,74;Rohdaten
2023-04-07;485,78;Rohdaten
2023-04-08;485,80;Rohdaten
2023-04-09;485,85;Rohdaten
2023-04-10;485,93;Rohdaten
2023-04-11;485,98;Rohdaten
2023-04-12;485,96;Rohdaten
2023-04-13;485,92;Rohdaten
2023-04-14;485,89;Rohdaten
2023-04-15;485,86;Rohdaten
2023-04-16;485,83;Rohdaten
2023-04-17;485,81;Rohdaten
2023-04-18;485,81;Rohdaten
2023-04-19;485,82;Rohdaten
2023-04-20;485,82;Rohdaten
2023-04-21;485,85;Rohdaten
2023-04-22;485,88;Rohdaten
2023-04-23;485,91;Rohdaten
2023-04-24;485,93;Rohdaten
2023-04-25;485,92;Rohdaten
2023-04-26;485,90;Rohdaten
2023-04-27;485,88;Rohdaten
2023-04-28;485,88;Rohdaten
2023-04-29;485,90;Rohdaten
2023-04-30;485,91;Rohdaten
2023-05-01;485,95;Rohdaten
2023-05-02;486,00;Rohdaten
2023-05-03;486,09;Rohdaten
2023-05-04;486,18;Rohdaten
2023-05-05;486,25;Rohdaten
2023-05-06;486,30;Rohdaten
2023-05-07;486,34;Rohdaten
2023-05-08;486,36;Rohdaten
2023-05-09;486,34;Rohdaten
2023-05-10;486,32;Rohdaten
2023-05-11;486,43;Rohdaten
2023-05-12;486,54;Rohdaten
2023-05-13;486,56;Rohdaten
2023-05-14;486,54;Rohdaten
2023-05-15;486,51;Rohdaten
2023-05-16;486,46;Rohdaten
2023-05-17;486,43;Rohdaten
2023-05-18;486,41;Rohdaten
2023-05-19;486,39;Rohdaten
2023-05-20;486,37;Rohdaten
2023-05-21;486,33;Rohdaten
2023-05-22;486,29;Rohdaten
2023-05-23;486,24;Rohdaten
2023-05-24;486,20;Rohdaten
2023-05-25;486,17;Rohdaten
2023-05-26;486,15;Rohdaten
2023-05-27;486,12;Rohdaten
2023-05-28;486,10;Rohdaten
2023-05-29;486,07;Rohdaten
2023-05-30;486,03;Rohdaten
2023-05-31;486,01;Rohdaten
2023-06-01;485,99;Rohdaten
2023-06-02;485,98;Rohdaten
2023-06-03;485,96;Rohdaten
2023-06-04;485,94;Rohdaten
2023-06-05;485,92;Rohdaten
2023-06-06;485,91;Rohdaten
2023-06-07;485,92;Rohdaten
2023-06-08;485,91;Rohdaten
2023-06-09;485,90;Rohdaten
2023-06-10;485,90;Rohdaten
2023-06-11;485,89;Rohdaten
2023-06-12;485,89;Rohdaten
2023-06-13;485,88;Rohdaten
2023-06-14;485,87;Rohdaten
2023-06-15;485,86;Rohdaten
2023-06-16;485,85;Rohdaten
2023-06-17;485,84;Rohdaten
2023-06-18;485,83;Rohdaten
2023-06-19;485,83;Rohdaten
2023-06-20;485,84;Rohdaten
2023-06-21;485,84;Rohdaten
2023-06-22;485,84;Rohdaten
2023-06-23;485,83;Rohdaten
2023-06-24;485,82;Rohdaten
2023-06-25;485,79;Rohdaten
2023-06-26;485,77;Rohdaten
2023-06-27;485,75;Rohdaten
2023-06-28;485,73;Rohdaten
2023-06-29;485,71;Rohdaten
2023-06-30;485,70;Rohdaten
2023-07-01;485,69;Rohdaten
2023-07-02;485,67;Rohdaten
2023-07-03;485,66;Rohdaten
2023-07-04;485,66;Rohdaten
2023-07-05;485,65;Rohdaten
2023-07-06;485,64;Rohdaten
2023-07-07;485,63;Rohdaten
2023-07-08;485,62;Rohdaten
2023-07-09;485,61;Rohdaten
2023-07-10;485,60;Rohdaten
2023-07-11;485,59;Rohdaten
2023-07-12;485,59;Rohdaten
2023-07-13;485,64;Rohdaten
2023-07-14;485,72;Rohdaten
2023-07-15;485,75;Rohdaten
2023-07-16;485,73;Rohdaten
2023-07-17;485,71;Rohdaten
2023-07-18;485,69;Rohdaten
2023-07-19;485,67;Rohdaten
2023-07-20;485,66;Rohdaten
2023-07-21;485,65;Rohdaten
2023-07-22;485,64;Rohdaten
2023-07-23;485,64;Rohdaten
2023-07-24;485,63;Rohdaten
2023-07-25;485,64;Rohdaten
2023-07-26;485,64;Rohdaten
2023-07-27;485,63;Rohdaten
2023-07-28;485,62;Rohdaten
2023-07-29;485,62;Rohdaten
2023-07-30;485,62;Rohdaten
2023-07-31;485,62;Rohdaten
2023-08-01;485,63;Rohdaten
2023-08-02;485,64;Rohdaten
2023-08-03;485,65;Rohdaten
2023-08-04;485,65;Rohdaten
2023-08-05;485,67;Rohdaten
2023-08-06;485,69;Rohdaten
2023-08-07;485,70;Rohdaten
2023-08-08;485,71;Rohdaten
2023-08-09;485,71;Rohdaten
2023-08-10;485,73;Rohdaten
2023-08-11;485,75;Rohdaten
2023-08-12;485,76;Rohdaten
2023-08-13;485,78;Rohdaten
2023-08-14;485,79;Rohdaten
2023-08-15;485,80;Rohdaten
2023-08-16;485,82;Rohdaten
2023-08-17;485,83;Rohdaten
2023-08-18;485,84;Rohdaten
2023-08-19;485,85;Rohdaten
2023-08-20;485,86;Rohdaten
2023-08-21;485,87;Rohdaten
2023-08-22;485,88;Rohdaten
2023-08-23;485,89;Rohdaten
2023-08-24;485,90;Rohdaten
2023-08-25;485,91;Rohdaten
2023-08-26;485,93;Rohdaten
2023-08-27;485,96;Rohdaten
2023-08-28;486,01;Rohdaten
2023-08-29;486,06;Rohdaten
2023-08-30;486,09;Rohdaten
2023-08-31;486,10;Rohdaten
2023-09-01;486,11;Rohdaten
2023-09-02;486,11;Rohdaten
2023-09-03;486,10;Rohdaten
2023-09-04;486,08;Rohdaten
2023-09-05;486,08;Rohdaten
2023-09-06;486,07;Rohdaten
2023-09-07;486,06;Rohdaten
2023-09-08;486,06;Rohdaten
2023-09-09;486,05;Rohdaten
2023-09-10;486,05;Rohdaten
2023-09-11;486,05;Rohdaten
2023-09-12;486,05;Rohdaten
2023-09-13;486,05;Rohdaten
2023-09-14;486,06;Rohdaten
2023-09-15;486,06;Rohdaten
2023-09-16;486,04;Rohdaten
2023-09-17;486,03;Rohdaten
2023-09-18;486,02;Rohdaten
2023-09-19;486,02;Rohdaten
2023-09-20;486,03;Rohdaten
2023-09-21;486,03;Rohdaten
2023-09-22;486,03;Rohdaten
2023-09-23;486,05;Rohdaten
2023-09-24;486,07;Rohdaten
2023-09-25;486,08;Rohdaten
2023-09-26;486,07;Rohdaten
2023-09-27;486,05;Rohdaten
2023-09-28;486,01;Rohdaten
2023-09-29;485,95;Rohdaten
2023-09-30;485,89;Rohdaten
2023-10-01;485,85;Rohdaten
2023-10-02;485,81;Rohdaten
2023-10-03;485,79;Rohdaten
2023-10-04;485,76;Rohdaten
2023-10-05;485,74;Rohdaten
2023-10-06;485,72;Rohdaten
2023-10-07;485,70;Rohdaten
2023-10-08;485,69;Rohdaten
2023-10-09;485,68;Rohdaten
2023-10-10;485,66;Rohdaten
2023-10-11;485,66;Rohdaten
2023-10-12;485,65;Rohdaten
2023-10-13;485,64;Rohdaten
2023-10-14;485,63;Rohdaten
2023-10-15;485,63;Rohdaten
2023-10-16;485,62;Rohdaten
2023-10-17;485,61;Rohdaten
2023-10-18;485,61;Rohdaten
2023-10-19;485,60;Rohdaten
2023-10-20;485,59;Rohdaten
2023-10-21;485,58;Rohdaten
2023-10-22;485,58;Rohdaten
2023-10-23;485,57;Rohdaten
2023-10-24;485,55;Rohdaten
2023-10-25;485,53;Rohdaten
2023-10-26;485,52;Rohdaten
