﻿Quelle:;"Bayerisches Landesamt für Umwelt, www.gkd.bayern.de"
Datenbankabfrage:;"18.11.2023 16:31"
Zeitbezug:;MEZ
Messstellen-Name:;"München RSS P 144"
Messstellen-Nr.:;16810
Ostwert:;695106;Nordwert:;5335005;"ETRS89 / UTM Zone 32N"

Datum;"Grundwasserstand [m ü. NN]";Prüfstatus
2014-11-19;518,72;Rohdaten
2014-11-20;518,71;Rohdaten
2014-11-21;518,71;Rohdaten
2014-11-22;518,70;Rohdaten
2014-11-23;518,70;Rohdaten
2014-11-24;518,69;Rohdaten
2014-11-25;518,69;Rohdaten
2014-11-26;518,68;Rohdaten
2014-11-27;518,68;Rohdaten
2014-11-28;;Rohdaten
2014-11-29;;Rohdaten
2014-11-30;;Rohdaten
2014-12-01;518,66;Rohdaten
2014-12-02;518,65;Rohdaten
2014-12-03;518,65;Rohdaten
2014-12-04;518,64;Rohdaten
2014-12-05;518,64;Rohdaten
2014-12-06;518,64;Rohdaten
2014-12-07;518,64;Rohdaten
2014-12-08;518,64;Rohdaten
2014-12-09;518,64;Rohdaten
2014-12-10;518,64;Rohdaten
2014-12-11;518,64;Rohdaten
2014-12-12;518,64;Rohdaten
2014-12-13;518,63;Rohdaten
2014-12-14;518,63;Rohdaten
2014-12-15;518,62;Rohdaten
2014-12-16;518,62;Rohdaten
2014-12-17;518,62;Rohdaten
2014-12-18;518,63;Rohdaten
2014-12-19;518,63;Rohdaten
2014-12-20;518,66;Rohdaten
2014-12-21;518,65;Rohdaten
2014-12-22;518,64;Rohdaten
2014-12-23;518,63;Rohdaten
2014-12-24;518,63;Rohdaten
2014-12-25;518,62;Rohdaten
2014-12-26;518,62;Rohdaten
2014-12-27;518,62;Rohdaten
2014-12-28;518,62;Rohdaten
2014-12-29;518,61;Rohdaten
2014-12-30;518,61;Rohdaten
2014-12-31;518,61;Rohdaten
2015-01-01;518,60;Rohdaten
2015-01-02;518,61;Rohdaten
2015-01-03;518,65;Rohdaten
2015-01-04;518,71;Rohdaten
2015-01-05;518,71;Rohdaten
2015-01-06;518,72;Rohdaten
2015-01-07;518,73;Rohdaten
2015-01-08;;Rohdaten
2015-01-09;518,75;Rohdaten
2015-01-10;518,77;Rohdaten
2015-01-11;518,78;Rohdaten
2015-01-12;518,79;Rohdaten
2015-01-13;518,80;Rohdaten
2015-01-14;518,80;Rohdaten
2015-01-15;518,80;Rohdaten
2015-01-16;518,80;Rohdaten
2015-01-17;518,80;Rohdaten
2015-01-18;518,81;Rohdaten
2015-01-19;518,81;Rohdaten
2015-01-20;518,81;Rohdaten
2015-01-21;518,80;Rohdaten
2015-01-22;518,80;Rohdaten
2015-01-23;518,79;Rohdaten
2015-01-24;518,79;Rohdaten
2015-01-25;518,78;Rohdaten
2015-01-26;518,78;Rohdaten
2015-01-27;518,78;Rohdaten
2015-01-28;518,78;Rohdaten
2015-01-29;518,79;Rohdaten
2015-01-30;518,79;Rohdaten
2015-01-31;518,78;Rohdaten
2015-02-01;518,78;Rohdaten
2015-02-02;518,77;Rohdaten
2015-02-03;518,77;Rohdaten
2015-02-04;518,76;Rohdaten
2015-02-05;518,76;Rohdaten
2015-02-06;518,75;Rohdaten
2015-02-07;518,74;Rohdaten
2015-02-08;518,74;Rohdaten
2015-02-09;518,73;Rohdaten
2015-02-10;518,73;Rohdaten
2015-02-11;518,72;Rohdaten
2015-02-12;518,72;Rohdaten
2015-02-13;518,71;Rohdaten
2015-02-14;518,71;Rohdaten
2015-02-15;518,70;Rohdaten
2015-02-16;518,70;Rohdaten
2015-02-17;518,69;Rohdaten
2015-02-18;518,69;Rohdaten
2015-02-19;518,68;Rohdaten
2015-02-20;518,68;Rohdaten
2015-02-21;518,68;Rohdaten
2015-02-22;518,67;Rohdaten
2015-02-23;518,67;Rohdaten
2015-02-24;518,68;Rohdaten
2015-02-25;518,68;Rohdaten
2015-02-26;518,67;Rohdaten
2015-02-27;518,67;Rohdaten
2015-02-28;518,67;Rohdaten
2015-03-01;518,66;Rohdaten
2015-03-02;518,67;Rohdaten
2015-03-03;518,68;Rohdaten
2015-03-04;518,67;Rohdaten
2015-03-05;518,67;Rohdaten
2015-03-06;518,67;Rohdaten
2015-03-07;518,67;Rohdaten
2015-03-08;518,67;Rohdaten
2015-03-09;518,67;Rohdaten
2015-03-10;518,67;Rohdaten
2015-03-11;518,67;Rohdaten
2015-03-12;518,66;Rohdaten
2015-03-13;518,66;Rohdaten
2015-03-14;518,66;Rohdaten
2015-03-15;518,66;Rohdaten
2015-03-16;518,65;Rohdaten
2015-03-17;518,65;Rohdaten
2015-03-18;518,65;Rohdaten
2015-03-19;518,64;Rohdaten
2015-03-20;518,64;Rohdaten
2015-03-21;518,64;Rohdaten
2015-03-22;518,65;Rohdaten
2015-03-23;518,64;Rohdaten
2015-03-24;518,64;Rohdaten
2015-03-25;518,63;Rohdaten
2015-03-26;518,63;Rohdaten
2015-03-27;518,63;Rohdaten
2015-03-28;518,62;Rohdaten
2015-03-29;518,62;Rohdaten
2015-03-30;518,65;Rohdaten
2015-03-31;518,65;Rohdaten
2015-04-01;518,67;Rohdaten
2015-04-02;518,66;Rohdaten
2015-04-03;518,67;Rohdaten
2015-04-04;518,67;Rohdaten
2015-04-05;518,67;Rohdaten
2015-04-06;518,67;Rohdaten
2015-04-07;518,66;Rohdaten
2015-04-08;518,66;Rohdaten
2015-04-09;518,66;Rohdaten
2015-04-10;518,65;Rohdaten
2015-04-11;518,65;Rohdaten
2015-04-12;518,65;Rohdaten
2015-04-13;518,64;Rohdaten
2015-04-14;518,64;Rohdaten
2015-04-15;518,64;Rohdaten
2015-04-16;518,64;Rohdaten
2015-04-17;518,64;Rohdaten
2015-04-18;518,65;Rohdaten
2015-04-19;518,64;Rohdaten
2015-04-20;518,64;Rohdaten
2015-04-21;518,63;Rohdaten
2015-04-22;518,63;Rohdaten
2015-04-23;518,63;Rohdaten
2015-04-24;518,62;Rohdaten
2015-04-25;518,62;Rohdaten
2015-04-26;518,62;Rohdaten
2015-04-27;518,62;Rohdaten
2015-04-28;518,63;Rohdaten
2015-04-29;518,63;Rohdaten
2015-04-30;518,63;Rohdaten
2015-05-01;518,65;Rohdaten
2015-05-02;518,71;Rohdaten
2015-05-03;518,73;Rohdaten
2015-05-04;518,75;Rohdaten
2015-05-05;518,75;Rohdaten
2015-05-06;518,79;Rohdaten
2015-05-07;518,80;Rohdaten
2015-05-08;518,81;Rohdaten
2015-05-09;518,81;Rohdaten
2015-05-10;518,82;Rohdaten
2015-05-11;518,82;Rohdaten
2015-05-12;518,82;Rohdaten
2015-05-13;518,82;Rohdaten
2015-05-14;518,82;Rohdaten
2015-05-15;518,82;Rohdaten
2015-05-16;518,81;Rohdaten
2015-05-17;518,81;Rohdaten
2015-05-18;518,80;Rohdaten
2015-05-19;518,80;Rohdaten
2015-05-20;518,87;Rohdaten
2015-05-21;518,89;Rohdaten
2015-05-22;518,89;Rohdaten
2015-05-23;518,89;Rohdaten
2015-05-24;518,90;Rohdaten
2015-05-25;518,90;Rohdaten
2015-05-26;518,91;Rohdaten
2015-05-27;518,90;Rohdaten
2015-05-28;518,90;Rohdaten
2015-05-29;518,90;Rohdaten
2015-05-30;518,89;Rohdaten
2015-05-31;518,89;Rohdaten
2015-06-01;518,88;Rohdaten
2015-06-02;;Rohdaten
2015-06-03;518,88;Rohdaten
2015-06-04;518,87;Rohdaten
2015-06-05;518,86;Rohdaten
2015-06-06;518,86;Rohdaten
2015-06-07;518,87;Rohdaten
2015-06-08;;Rohdaten
2015-06-09;518,99;Rohdaten
2015-06-10;519,00;Rohdaten
2015-06-11;519,00;Rohdaten
2015-06-12;519,00;Rohdaten
2015-06-13;519,00;Rohdaten
2015-06-14;518,99;Rohdaten
2015-06-15;519,06;Rohdaten
2015-06-16;519,07;Rohdaten
2015-06-17;519,06;Rohdaten
2015-06-18;519,06;Rohdaten
2015-06-19;519,06;Rohdaten
2015-06-20;519,06;Rohdaten
2015-06-21;519,05;Rohdaten
2015-06-22;519,06;Rohdaten
2015-06-23;519,07;Rohdaten
2015-06-24;519,06;Rohdaten
2015-06-25;519,06;Rohdaten
2015-06-26;519,04;Rohdaten
2015-06-27;519,03;Rohdaten
2015-06-28;519,02;Rohdaten
2015-06-29;519,01;Rohdaten
2015-06-30;519,00;Rohdaten
2015-07-01;518,99;Rohdaten
2015-07-02;518,98;Rohdaten
2015-07-03;518,97;Rohdaten
2015-07-04;518,96;Rohdaten
2015-07-05;518,95;Rohdaten
2015-07-06;518,94;Rohdaten
2015-07-07;518,93;Rohdaten
2015-07-08;518,93;Rohdaten
2015-07-09;518,92;Rohdaten
2015-07-10;518,92;Rohdaten
2015-07-11;518,91;Rohdaten
2015-07-12;518,90;Rohdaten
2015-07-13;518,89;Rohdaten
2015-07-14;518,89;Rohdaten
2015-07-15;518,88;Rohdaten
2015-07-16;518,87;Rohdaten
2015-07-17;518,86;Rohdaten
2015-07-18;518,86;Rohdaten
2015-07-19;518,85;Rohdaten
2015-07-20;518,85;Rohdaten
2015-07-21;518,84;Rohdaten
2015-07-22;518,84;Rohdaten
2015-07-23;518,83;Rohdaten
2015-07-24;518,82;Rohdaten
2015-07-25;518,82;Rohdaten
2015-07-26;518,82;Rohdaten
2015-07-27;518,82;Rohdaten
2015-07-28;518,81;Rohdaten
2015-07-29;518,81;Rohdaten
2015-07-30;518,80;Rohdaten
2015-07-31;518,80;Rohdaten
2015-08-01;518,79;Rohdaten
2015-08-02;518,79;Rohdaten
2015-08-03;518,79;Rohdaten
2015-08-04;518,78;Rohdaten
2015-08-05;518,78;Rohdaten
2015-08-06;518,78;Rohdaten
2015-08-07;518,78;Rohdaten
2015-08-08;518,77;Rohdaten
2015-08-09;518,76;Rohdaten
2015-08-10;518,76;Rohdaten
2015-08-11;518,76;Rohdaten
2015-08-12;518,76;Rohdaten
2015-08-13;518,76;Rohdaten
2015-08-14;518,75;Rohdaten
2015-08-15;518,75;Rohdaten
2015-08-16;518,75;Rohdaten
2015-08-17;518,75;Rohdaten
2015-08-18;518,75;Rohdaten
2015-08-19;518,75;Rohdaten
2015-08-20;518,75;Rohdaten
2015-08-21;518,75;Rohdaten
2015-08-22;518,75;Rohdaten
2015-08-23;518,75;Rohdaten
2015-08-24;518,76;Rohdaten
2015-08-25;518,77;Rohdaten
2015-08-26;518,77;Rohdaten
2015-08-27;518,77;Rohdaten
2015-08-28;518,76;Rohdaten
2015-08-29;518,76;Rohdaten
2015-08-30;518,76;Rohdaten
2015-08-31;518,75;Rohdaten
2015-09-01;518,76;Rohdaten
2015-09-02;518,79;Rohdaten
2015-09-03;518,80;Rohdaten
2015-09-04;518,83;Rohdaten
2015-09-05;518,82;Rohdaten
2015-09-06;518,81;Rohdaten
2015-09-07;518,81;Rohdaten
2015-09-08;518,82;Rohdaten
2015-09-09;518,81;Rohdaten
2015-09-10;518,81;Rohdaten
2015-09-11;518,81;Rohdaten
2015-09-12;518,81;Rohdaten
2015-09-13;518,79;Rohdaten
2015-09-14;518,79;Rohdaten
2015-09-15;518,79;Rohdaten
2015-09-16;518,78;Rohdaten
2015-09-17;518,78;Rohdaten
2015-09-18;518,77;Rohdaten
2015-09-19;518,77;Rohdaten
2015-09-20;518,76;Rohdaten
2015-09-21;518,76;Rohdaten
2015-09-22;518,76;Rohdaten
2015-09-23;518,76;Rohdaten
2015-09-24;518,75;Rohdaten
2015-09-25;518,75;Rohdaten
2015-09-26;518,74;Rohdaten
2015-09-27;518,73;Rohdaten
2015-09-28;518,73;Rohdaten
2015-09-29;518,72;Rohdaten
2015-09-30;518,72;Rohdaten
2015-10-01;518,71;Rohdaten
2015-10-02;518,71;Rohdaten
2015-10-03;518,71;Rohdaten
2015-10-04;518,71;Rohdaten
2015-10-05;518,71;Rohdaten
2015-10-06;518,71;Rohdaten
2015-10-07;518,73;Rohdaten
2015-10-08;518,74;Rohdaten
2015-10-09;518,74;Rohdaten
2015-10-10;518,74;Rohdaten
2015-10-11;518,73;Rohdaten
2015-10-12;518,73;Rohdaten
2015-10-13;518,72;Rohdaten
2015-10-14;518,74;Rohdaten
2015-10-15;518,78;Rohdaten
2015-10-16;518,78;Rohdaten
2015-10-17;518,77;Rohdaten
2015-10-18;518,78;Rohdaten
2015-10-19;518,78;Rohdaten
2015-10-20;518,78;Rohdaten
2015-10-21;518,78;Rohdaten
2015-10-22;518,78;Rohdaten
2015-10-23;518,77;Rohdaten
2015-10-24;518,77;Rohdaten
2015-10-25;518,77;Rohdaten
2015-10-26;518,76;Rohdaten
2015-10-27;518,76;Rohdaten
2015-10-28;518,76;Rohdaten
2015-10-29;518,75;Rohdaten
2015-10-30;518,75;Rohdaten
2015-10-31;518,74;Rohdaten
2015-11-01;518,74;Rohdaten
2015-11-02;518,74;Rohdaten
2015-11-03;518,73;Rohdaten
2015-11-04;518,73;Rohdaten
2015-11-05;518,72;Rohdaten
2015-11-06;518,72;Rohdaten
2015-11-07;518,71;Rohdaten
2015-11-08;518,71;Rohdaten
2015-11-09;518,70;Rohdaten
2015-11-10;518,70;Rohdaten
2015-11-11;518,69;Rohdaten
2015-11-12;518,68;Rohdaten
2015-11-13;518,65;Rohdaten
2015-11-14;518,62;Rohdaten
2015-11-15;518,61;Rohdaten
2015-11-16;518,61;Rohdaten
2015-11-17;518,63;Rohdaten
2015-11-18;518,59;Rohdaten
2015-11-19;518,56;Rohdaten
2015-11-20;518,57;Rohdaten
2015-11-21;518,63;Rohdaten
2015-11-22;518,61;Rohdaten
2015-11-23;518,60;Rohdaten
2015-11-24;518,59;Rohdaten
2015-11-25;518,56;Rohdaten
2015-11-26;518,56;Rohdaten
2015-11-27;518,55;Rohdaten
2015-11-28;518,53;Rohdaten
2015-11-29;518,53;Rohdaten
2015-11-30;518,52;Rohdaten
2015-12-01;518,52;Rohdaten
2015-12-02;518,51;Rohdaten
2015-12-03;518,51;Rohdaten
2015-12-04;518,50;Rohdaten
2015-12-05;518,50;Rohdaten
2015-12-06;518,49;Rohdaten
2015-12-07;518,48;Rohdaten
2015-12-08;518,48;Rohdaten
2015-12-09;518,47;Rohdaten
2015-12-10;518,47;Rohdaten
2015-12-11;518,47;Rohdaten
2015-12-12;518,47;Rohdaten
2015-12-13;518,46;Rohdaten
2015-12-14;518,46;Rohdaten
2015-12-15;518,46;Rohdaten
2015-12-16;518,46;Rohdaten
2015-12-17;518,46;Rohdaten
2015-12-18;518,45;Rohdaten
2015-12-19;518,45;Rohdaten
2015-12-20;518,44;Rohdaten
2015-12-21;518,44;Rohdaten
2015-12-22;518,43;Rohdaten
2015-12-23;518,43;Rohdaten
2015-12-24;518,42;Rohdaten
2015-12-25;518,42;Rohdaten
2015-12-26;518,41;Rohdaten
2015-12-27;518,41;Rohdaten
2015-12-28;518,40;Rohdaten
2015-12-29;518,40;Rohdaten
2015-12-30;518,40;Rohdaten
2015-12-31;518,39;Rohdaten
2016-01-01;518,40;Rohdaten
2016-01-02;518,40;Rohdaten
2016-01-03;518,41;Rohdaten
2016-01-04;518,41;Rohdaten
2016-01-05;518,41;Rohdaten
2016-01-06;518,40;Rohdaten
2016-01-07;518,41;Rohdaten
2016-01-08;518,40;Rohdaten
2016-01-09;518,42;Rohdaten
2016-01-10;518,42;Rohdaten
2016-01-11;518,43;Rohdaten
2016-01-12;518,43;Rohdaten
2016-01-13;518,43;Rohdaten
2016-01-14;518,43;Rohdaten
2016-01-15;518,43;Rohdaten
2016-01-16;518,43;Rohdaten
2016-01-17;518,43;Rohdaten
2016-01-18;518,43;Rohdaten
2016-01-19;518,42;Rohdaten
2016-01-20;518,42;Rohdaten
2016-01-21;518,42;Rohdaten
2016-01-22;518,42;Rohdaten
2016-01-23;518,42;Rohdaten
2016-01-24;518,42;Rohdaten
2016-01-25;518,42;Rohdaten
2016-01-26;518,42;Rohdaten
2016-01-27;518,42;Rohdaten
2016-01-28;518,41;Rohdaten
2016-01-29;518,42;Rohdaten
2016-01-30;518,41;Rohdaten
2016-01-31;518,45;Rohdaten
2016-02-01;518,50;Rohdaten
2016-02-02;518,49;Rohdaten
2016-02-03;518,50;Rohdaten
2016-02-04;518,51;Rohdaten
2016-02-05;518,52;Rohdaten
2016-02-06;518,52;Rohdaten
2016-02-07;518,53;Rohdaten
2016-02-08;518,53;Rohdaten
2016-02-09;518,53;Rohdaten
2016-02-10;518,54;Rohdaten
2016-02-11;518,55;Rohdaten
2016-02-12;518,60;Rohdaten
2016-02-13;518,61;Rohdaten
2016-02-14;518,61;Rohdaten
2016-02-15;518,61;Rohdaten
2016-02-16;518,61;Rohdaten
2016-02-17;518,64;Rohdaten
2016-02-18;518,65;Rohdaten
2016-02-19;518,70;Rohdaten
2016-02-20;518,67;Rohdaten
2016-02-21;518,65;Rohdaten
2016-02-22;518,63;Rohdaten
2016-02-23;518,62;Rohdaten
2016-02-24;518,61;Rohdaten
2016-02-25;518,61;Rohdaten
2016-02-26;518,60;Rohdaten
2016-02-27;518,60;Rohdaten
2016-02-28;518,60;Rohdaten
2016-02-29;518,61;Rohdaten
2016-03-01;518,63;Rohdaten
2016-03-02;518,59;Rohdaten
2016-03-03;518,58;Rohdaten
2016-03-04;518,62;Rohdaten
2016-03-05;518,63;Rohdaten
2016-03-06;518,64;Rohdaten
2016-03-07;518,63;Rohdaten
2016-03-08;518,62;Rohdaten
2016-03-09;518,62;Rohdaten
2016-03-10;518,64;Rohdaten
2016-03-11;518,65;Rohdaten
2016-03-12;518,67;Rohdaten
2016-03-13;518,67;Rohdaten
2016-03-14;518,66;Rohdaten
2016-03-15;518,65;Rohdaten
2016-03-16;518,65;Rohdaten
2016-03-17;518,66;Rohdaten
2016-03-18;518,67;Rohdaten
2016-03-19;518,66;Rohdaten
2016-03-20;518,65;Rohdaten
2016-03-21;518,65;Rohdaten
2016-03-22;518,64;Rohdaten
2016-03-23;518,64;Rohdaten
2016-03-24;518,63;Rohdaten
2016-03-25;518,62;Rohdaten
2016-03-26;518,62;Rohdaten
2016-03-27;518,63;Rohdaten
2016-03-28;518,63;Rohdaten
2016-03-29;518,63;Rohdaten
2016-03-30;518,63;Rohdaten
2016-03-31;518,64;Rohdaten
2016-04-01;518,66;Rohdaten
2016-04-02;518,65;Rohdaten
2016-04-03;518,65;Rohdaten
2016-04-04;518,64;Rohdaten
2016-04-05;518,64;Rohdaten
2016-04-06;518,62;Rohdaten
2016-04-07;518,60;Rohdaten
2016-04-08;518,60;Rohdaten
2016-04-09;518,59;Rohdaten
2016-04-10;518,59;Rohdaten
2016-04-11;518,58;Rohdaten
2016-04-12;518,59;Rohdaten
2016-04-13;518,60;Rohdaten
2016-04-14;518,61;Rohdaten
2016-04-15;518,60;Rohdaten
2016-04-16;518,60;Rohdaten
2016-04-17;518,60;Rohdaten
2016-04-18;518,64;Rohdaten
2016-04-19;518,62;Rohdaten
2016-04-20;518,61;Rohdaten
2016-04-21;518,60;Rohdaten
2016-04-22;518,59;Rohdaten
2016-04-23;518,59;Rohdaten
2016-04-24;518,61;Rohdaten
2016-04-25;518,61;Rohdaten
2016-04-26;518,61;Rohdaten
2016-04-27;518,62;Rohdaten
2016-04-28;518,61;Rohdaten
2016-04-29;518,61;Rohdaten
2016-04-30;518,61;Rohdaten
2016-05-01;518,60;Rohdaten
2016-05-02;518,61;Rohdaten
2016-05-03;518,60;Rohdaten
2016-05-04;518,60;Rohdaten
2016-05-05;518,60;Rohdaten
2016-05-06;518,59;Rohdaten
2016-05-07;518,59;Rohdaten
2016-05-08;518,59;Rohdaten
2016-05-09;518,58;Rohdaten
2016-05-10;518,58;Rohdaten
2016-05-11;518,58;Rohdaten
2016-05-12;518,58;Rohdaten
2016-05-13;518,59;Rohdaten
2016-05-14;518,63;Rohdaten
2016-05-15;518,63;Rohdaten
2016-05-16;518,62;Rohdaten
2016-05-17;518,63;Rohdaten
2016-05-18;518,62;Rohdaten
2016-05-19;518,63;Rohdaten
2016-05-20;518,64;Rohdaten
2016-05-21;518,64;Rohdaten
2016-05-22;518,63;Rohdaten
2016-05-23;518,64;Rohdaten
2016-05-24;518,73;Rohdaten
2016-05-25;518,72;Rohdaten
2016-05-26;518,71;Rohdaten
2016-05-27;518,70;Rohdaten
2016-05-28;518,70;Rohdaten
2016-05-29;518,70;Rohdaten
2016-05-30;518,71;Rohdaten
2016-05-31;518,70;Rohdaten
2016-06-01;518,71;Rohdaten
2016-06-02;518,71;Rohdaten
2016-06-03;518,71;Rohdaten
2016-06-04;518,72;Rohdaten
2016-06-05;518,73;Rohdaten
2016-06-06;518,73;Rohdaten
2016-06-07;518,72;Rohdaten
2016-06-08;518,72;Rohdaten
2016-06-09;518,73;Rohdaten
2016-06-10;518,73;Rohdaten
2016-06-11;518,72;Rohdaten
2016-06-12;518,72;Rohdaten
2016-06-13;518,72;Rohdaten
2016-06-14;518,72;Rohdaten
2016-06-15;518,73;Rohdaten
2016-06-16;518,73;Rohdaten
2016-06-17;518,74;Rohdaten
2016-06-18;518,74;Rohdaten
2016-06-19;518,80;Rohdaten
2016-06-20;518,81;Rohdaten
2016-06-21;518,79;Rohdaten
2016-06-22;518,79;Rohdaten
2016-06-23;518,78;Rohdaten
2016-06-24;518,78;Rohdaten
2016-06-25;518,78;Rohdaten
2016-06-26;518,79;Rohdaten
2016-06-27;518,80;Rohdaten
2016-06-28;518,79;Rohdaten
2016-06-29;518,80;Rohdaten
2016-06-30;518,81;Rohdaten
2016-07-01;518,83;Rohdaten
2016-07-02;518,83;Rohdaten
2016-07-03;518,83;Rohdaten
2016-07-04;518,82;Rohdaten
2016-07-05;518,81;Rohdaten
2016-07-06;518,79;Rohdaten
2016-07-07;518,79;Rohdaten
2016-07-08;518,78;Rohdaten
2016-07-09;518,78;Rohdaten
2016-07-10;518,77;Rohdaten
2016-07-11;518,76;Rohdaten
2016-07-12;518,79;Rohdaten
2016-07-13;518,86;Rohdaten
2016-07-14;518,88;Rohdaten
2016-07-15;518,87;Rohdaten
2016-07-16;518,86;Rohdaten
2016-07-17;518,86;Rohdaten
2016-07-18;518,85;Rohdaten
2016-07-19;518,84;Rohdaten
2016-07-20;518,83;Rohdaten
2016-07-21;518,83;Rohdaten
2016-07-22;518,83;Rohdaten
2016-07-23;518,82;Rohdaten
2016-07-24;518,84;Rohdaten
2016-07-25;518,84;Rohdaten
2016-07-26;518,84;Rohdaten
2016-07-27;518,84;Rohdaten
2016-07-28;518,84;Rohdaten
2016-07-29;518,83;Rohdaten
2016-07-30;518,83;Rohdaten
2016-07-31;518,82;Rohdaten
2016-08-01;518,82;Rohdaten
2016-08-02;518,81;Rohdaten
2016-08-03;518,81;Rohdaten
2016-08-04;518,80;Rohdaten
2016-08-05;518,89;Rohdaten
2016-08-06;518,90;Rohdaten
2016-08-07;518,87;Rohdaten
2016-08-08;518,87;Rohdaten
2016-08-09;518,87;Rohdaten
2016-08-10;518,88;Rohdaten
2016-08-11;518,89;Rohdaten
2016-08-12;518,88;Rohdaten
2016-08-13;518,88;Rohdaten
2016-08-14;518,87;Rohdaten
2016-08-15;518,87;Rohdaten
2016-08-16;518,86;Rohdaten
2016-08-17;518,86;Rohdaten
2016-08-18;518,89;Rohdaten
2016-08-19;518,91;Rohdaten
2016-08-20;518,89;Rohdaten
2016-08-21;518,89;Rohdaten
2016-08-22;518,88;Rohdaten
2016-08-23;518,87;Rohdaten
2016-08-24;518,87;Rohdaten
2016-08-25;518,87;Rohdaten
2016-08-26;518,86;Rohdaten
2016-08-27;518,86;Rohdaten
2016-08-28;518,85;Rohdaten
2016-08-29;518,85;Rohdaten
2016-08-30;518,86;Rohdaten
2016-08-31;518,85;Rohdaten
2016-09-01;518,84;Rohdaten
2016-09-02;518,84;Rohdaten
2016-09-03;518,84;Rohdaten
2016-09-04;518,84;Rohdaten
2016-09-05;518,91;Rohdaten
2016-09-06;518,90;Rohdaten
2016-09-07;518,88;Rohdaten
2016-09-08;518,87;Rohdaten
2016-09-09;518,86;Rohdaten
2016-09-10;518,86;Rohdaten
2016-09-11;518,85;Rohdaten
2016-09-12;518,85;Rohdaten
2016-09-13;518,84;Rohdaten
2016-09-14;518,84;Rohdaten
2016-09-15;518,84;Rohdaten
2016-09-16;518,83;Rohdaten
2016-09-17;518,93;Rohdaten
2016-09-18;518,98;Rohdaten
2016-09-19;519,00;Rohdaten
2016-09-20;519,00;Rohdaten
2016-09-21;518,98;Rohdaten
2016-09-22;518,98;Rohdaten
2016-09-23;518,97;Rohdaten
2016-09-24;518,96;Rohdaten
2016-09-25;518,96;Rohdaten
2016-09-26;518,95;Rohdaten
2016-09-27;518,95;Rohdaten
2016-09-28;518,94;Rohdaten
2016-09-29;518,93;Rohdaten
2016-09-30;518,93;Rohdaten
2016-10-01;518,92;Rohdaten
2016-10-02;518,91;Rohdaten
2016-10-03;518,90;Rohdaten
2016-10-04;518,90;Rohdaten
2016-10-05;518,89;Rohdaten
2016-10-06;518,89;Rohdaten
2016-10-07;518,89;Rohdaten
2016-10-08;518,88;Rohdaten
2016-10-09;518,87;Rohdaten
2016-10-10;518,87;Rohdaten
2016-10-11;518,86;Rohdaten
2016-10-12;518,86;Rohdaten
2016-10-13;518,85;Rohdaten
2016-10-14;518,85;Rohdaten
2016-10-15;518,84;Rohdaten
2016-10-16;518,83;Rohdaten
2016-10-17;518,83;Rohdaten
2016-10-18;518,87;Rohdaten
2016-10-19;518,86;Rohdaten
2016-10-20;518,86;Rohdaten
2016-10-21;518,86;Rohdaten
2016-10-22;518,85;Rohdaten
2016-10-23;518,84;Rohdaten
2016-10-24;518,84;Rohdaten
2016-10-25;518,84;Rohdaten
2016-10-26;518,85;Rohdaten
2016-10-27;518,84;Rohdaten
2016-10-28;518,83;Rohdaten
2016-10-29;518,83;Rohdaten
2016-10-30;518,82;Rohdaten
2016-10-31;518,82;Rohdaten
2016-11-01;518,81;Rohdaten
2016-11-02;518,81;Rohdaten
2016-11-03;518,81;Rohdaten
2016-11-04;518,81;Rohdaten
2016-11-05;518,81;Rohdaten
2016-11-06;518,85;Rohdaten
2016-11-07;518,85;Rohdaten
2016-11-08;518,84;Rohdaten
2016-11-09;518,84;Rohdaten
2016-11-10;518,84;Rohdaten
2016-11-11;518,86;Rohdaten
2016-11-12;518,85;Rohdaten
2016-11-13;518,84;Rohdaten
2016-11-14;518,84;Rohdaten
2016-11-15;518,83;Rohdaten
2016-11-16;518,84;Rohdaten
2016-11-17;518,85;Rohdaten
2016-11-18;518,85;Rohdaten
2016-11-19;518,84;Rohdaten
2016-11-20;518,85;Rohdaten
2016-11-21;518,85;Rohdaten
2016-11-22;518,83;Rohdaten
2016-11-23;518,83;Rohdaten
2016-11-24;518,85;Rohdaten
2016-11-25;518,85;Rohdaten
2016-11-26;518,85;Rohdaten
2016-11-27;518,84;Rohdaten
2016-11-28;518,84;Rohdaten
2016-11-29;518,82;Rohdaten
2016-11-30;518,82;Rohdaten
2016-12-01;518,82;Rohdaten
2016-12-02;518,82;Rohdaten
2016-12-03;518,81;Rohdaten
2016-12-04;518,81;Rohdaten
2016-12-05;518,81;Rohdaten
2016-12-06;518,80;Rohdaten
2016-12-07;518,80;Rohdaten
2016-12-08;518,80;Rohdaten
2016-12-09;518,80;Rohdaten
2016-12-10;518,79;Rohdaten
2016-12-11;518,79;Rohdaten
2016-12-12;518,78;Rohdaten
2016-12-13;518,78;Rohdaten
2016-12-14;518,78;Rohdaten
2016-12-15;518,77;Rohdaten
2016-12-16;518,76;Rohdaten
2016-12-17;518,75;Rohdaten
2016-12-18;518,75;Rohdaten
2016-12-19;518,74;Rohdaten
2016-12-20;518,74;Rohdaten
2016-12-21;518,73;Rohdaten
2016-12-22;518,73;Rohdaten
2016-12-23;518,73;Rohdaten
2016-12-24;518,72;Rohdaten
2016-12-25;518,72;Rohdaten
2016-12-26;518,72;Rohdaten
2016-12-27;518,71;Rohdaten
2016-12-28;518,71;Rohdaten
2016-12-29;518,70;Rohdaten
2016-12-30;518,70;Rohdaten
2016-12-31;518,70;Rohdaten
2017-01-01;518,69;Rohdaten
2017-01-02;518,69;Rohdaten
2017-01-03;518,69;Rohdaten
2017-01-04;518,68;Rohdaten
2017-01-05;518,68;Rohdaten
2017-01-06;518,68;Rohdaten
2017-01-07;518,67;Rohdaten
2017-01-08;518,66;Rohdaten
2017-01-09;518,66;Rohdaten
2017-01-10;518,63;Rohdaten
2017-01-11;518,52;Rohdaten
2017-01-12;518,50;Rohdaten
2017-01-13;518,51;Rohdaten
2017-01-14;518,51;Rohdaten
2017-01-15;518,51;Rohdaten
2017-01-16;518,50;Rohdaten
2017-01-17;518,50;Rohdaten
2017-01-18;518,50;Rohdaten
2017-01-19;518,50;Rohdaten
2017-01-20;518,49;Rohdaten
2017-01-21;518,49;Rohdaten
2017-01-22;518,49;Rohdaten
2017-01-23;518,49;Rohdaten
2017-01-24;518,48;Rohdaten
2017-01-25;518,48;Rohdaten
2017-01-26;518,48;Rohdaten
2017-01-27;518,48;Rohdaten
2017-01-28;518,48;Rohdaten
2017-01-29;518,47;Rohdaten
2017-01-30;518,47;Rohdaten
2017-01-31;518,50;Rohdaten
2017-02-01;518,52;Rohdaten
2017-02-02;518,52;Rohdaten
2017-02-03;518,52;Rohdaten
2017-02-04;518,51;Rohdaten
2017-02-05;518,51;Rohdaten
2017-02-06;518,50;Rohdaten
2017-02-07;518,50;Rohdaten
2017-02-08;518,49;Rohdaten
2017-02-09;518,49;Rohdaten
2017-02-10;518,49;Rohdaten
2017-02-11;518,48;Rohdaten
2017-02-12;518,48;Rohdaten
2017-02-13;518,48;Rohdaten
2017-02-14;518,47;Rohdaten
2017-02-15;518,47;Rohdaten
2017-02-16;518,47;Rohdaten
2017-02-17;518,48;Rohdaten
2017-02-18;518,49;Rohdaten
2017-02-19;518,49;Rohdaten
2017-02-20;518,49;Rohdaten
2017-02-21;518,49;Rohdaten
2017-02-22;518,49;Rohdaten
2017-02-23;518,49;Rohdaten
2017-02-24;518,49;Rohdaten
2017-02-25;518,48;Rohdaten
2017-02-26;518,48;Rohdaten
2017-02-27;518,48;Rohdaten
2017-02-28;518,48;Rohdaten
2017-03-01;518,50;Rohdaten
2017-03-02;518,51;Rohdaten
2017-03-03;518,50;Rohdaten
2017-03-04;518,50;Rohdaten
2017-03-05;518,49;Rohdaten
2017-03-06;518,49;Rohdaten
2017-03-07;518,49;Rohdaten
2017-03-08;518,50;Rohdaten
2017-03-09;518,53;Rohdaten
2017-03-10;518,54;Rohdaten
2017-03-11;518,54;Rohdaten
2017-03-12;518,53;Rohdaten
2017-03-13;518,53;Rohdaten
2017-03-14;518,53;Rohdaten
2017-03-15;518,53;Rohdaten
2017-03-16;518,53;Rohdaten
2017-03-17;518,53;Rohdaten
2017-03-18;518,53;Rohdaten
2017-03-19;518,54;Rohdaten
2017-03-20;518,54;Rohdaten
2017-03-21;518,53;Rohdaten
2017-03-22;518,54;Rohdaten
2017-03-23;518,53;Rohdaten
2017-03-24;518,53;Rohdaten
2017-03-25;518,53;Rohdaten
2017-03-26;518,52;Rohdaten
2017-03-27;518,52;Rohdaten
2017-03-28;518,52;Rohdaten
2017-03-29;518,51;Rohdaten
2017-03-30;518,51;Rohdaten
2017-03-31;518,51;Rohdaten
2017-04-01;518,50;Rohdaten
2017-04-02;518,50;Rohdaten
2017-04-03;518,49;Rohdaten
2017-04-04;518,49;Rohdaten
2017-04-05;518,49;Rohdaten
2017-04-06;518,48;Rohdaten
2017-04-07;518,48;Rohdaten
2017-04-08;518,48;Rohdaten
2017-04-09;518,47;Rohdaten
2017-04-10;518,47;Rohdaten
2017-04-11;518,47;Rohdaten
2017-04-12;518,46;Rohdaten
2017-04-13;518,46;Rohdaten
2017-04-14;518,45;Rohdaten
2017-04-15;518,45;Rohdaten
2017-04-16;518,45;Rohdaten
2017-04-17;518,45;Rohdaten
2017-04-18;518,47;Rohdaten
2017-04-19;518,47;Rohdaten
2017-04-20;518,46;Rohdaten
2017-04-21;518,46;Rohdaten
2017-04-22;518,45;Rohdaten
2017-04-23;518,45;Rohdaten
2017-04-24;518,44;Rohdaten
2017-04-25;518,44;Rohdaten
2017-04-26;518,48;Rohdaten
2017-04-27;518,52;Rohdaten
2017-04-28;518,57;Rohdaten
2017-04-29;518,60;Rohdaten
2017-04-30;518,59;Rohdaten
2017-05-01;518,59;Rohdaten
2017-05-02;518,63;Rohdaten
2017-05-03;518,63;Rohdaten
2017-05-04;518,63;Rohdaten
2017-05-05;518,62;Rohdaten
2017-05-06;518,62;Rohdaten
2017-05-07;518,63;Rohdaten
2017-05-08;518,69;Rohdaten
2017-05-09;518,73;Rohdaten
2017-05-10;518,73;Rohdaten
2017-05-11;518,73;Rohdaten
2017-05-12;518,73;Rohdaten
2017-05-13;518,73;Rohdaten
2017-05-14;518,74;Rohdaten
2017-05-15;518,75;Rohdaten
2017-05-16;518,75;Rohdaten
2017-05-17;518,75;Rohdaten
2017-05-18;518,74;Rohdaten
2017-05-19;518,74;Rohdaten
2017-05-20;518,74;Rohdaten
2017-05-21;518,73;Rohdaten
2017-05-22;518,73;Rohdaten
2017-05-23;518,72;Rohdaten
2017-05-24;518,72;Rohdaten
2017-05-25;518,71;Rohdaten
2017-05-26;518,70;Rohdaten
2017-05-27;518,70;Rohdaten
2017-05-28;518,69;Rohdaten
2017-05-29;518,69;Rohdaten
2017-05-30;518,69;Rohdaten
2017-05-31;518,69;Rohdaten
2017-06-01;518,69;Rohdaten
2017-06-02;518,69;Rohdaten
2017-06-03;518,69;Rohdaten
2017-06-04;518,69;Rohdaten
2017-06-05;518,69;Rohdaten
2017-06-06;518,71;Rohdaten
2017-06-07;518,71;Rohdaten
2017-06-08;518,70;Rohdaten
2017-06-09;518,70;Rohdaten
2017-06-10;518,69;Rohdaten
2017-06-11;518,69;Rohdaten
2017-06-12;518,68;Rohdaten
2017-06-13;518,67;Rohdaten
2017-06-14;518,66;Rohdaten
2017-06-15;518,66;Rohdaten
2017-06-16;518,65;Rohdaten
2017-06-17;518,65;Rohdaten
2017-06-18;518,65;Rohdaten
2017-06-19;518,64;Rohdaten
2017-06-20;518,63;Rohdaten
2017-06-21;518,63;Rohdaten
2017-06-22;518,62;Rohdaten
2017-06-23;518,61;Rohdaten
2017-06-24;518,61;Rohdaten
2017-06-25;518,61;Rohdaten
2017-06-26;518,61;Rohdaten
2017-06-27;518,61;Rohdaten
2017-06-28;518,61;Rohdaten
2017-06-29;518,61;Rohdaten
2017-06-30;518,61;Rohdaten
2017-07-01;518,60;Rohdaten
2017-07-02;518,60;Rohdaten
2017-07-03;518,61;Rohdaten
2017-07-04;518,60;Rohdaten
2017-07-05;518,60;Rohdaten
2017-07-06;518,59;Rohdaten
2017-07-07;518,59;Rohdaten
2017-07-08;518,58;Rohdaten
2017-07-09;518,58;Rohdaten
2017-07-10;518,58;Rohdaten
2017-07-11;518,58;Rohdaten
2017-07-12;518,57;Rohdaten
2017-07-13;518,57;Rohdaten
2017-07-14;518,57;Rohdaten
2017-07-15;;Rohdaten
2017-07-16;;Rohdaten
2017-07-17;518,59;Rohdaten
2017-07-18;518,58;Rohdaten
2017-07-19;518,57;Rohdaten
2017-07-20;518,57;Rohdaten
2017-07-21;518,57;Rohdaten
2017-07-22;518,56;Rohdaten
2017-07-23;518,57;Rohdaten
2017-07-24;518,58;Rohdaten
2017-07-25;518,60;Rohdaten
2017-07-26;518,68;Rohdaten
2017-07-27;518,72;Rohdaten
2017-07-28;518,72;Rohdaten
2017-07-29;518,71;Rohdaten
2017-07-30;518,70;Rohdaten
2017-07-31;518,70;Rohdaten
2017-08-01;518,69;Rohdaten
2017-08-02;518,70;Rohdaten
2017-08-03;518,69;Rohdaten
2017-08-04;518,68;Rohdaten
2017-08-05;518,68;Rohdaten
2017-08-06;518,69;Rohdaten
2017-08-07;518,68;Rohdaten
2017-08-08;518,68;Rohdaten
2017-08-09;518,71;Rohdaten
2017-08-10;518,70;Rohdaten
2017-08-11;518,73;Rohdaten
2017-08-12;518,73;Rohdaten
2017-08-13;518,72;Rohdaten
2017-08-14;518,71;Rohdaten
2017-08-15;518,71;Rohdaten
2017-08-16;518,74;Rohdaten
2017-08-17;518,74;Rohdaten
2017-08-18;518,74;Rohdaten
2017-08-19;518,79;Rohdaten
2017-08-20;518,79;Rohdaten
2017-08-21;518,77;Rohdaten
2017-08-22;518,77;Rohdaten
2017-08-23;518,77;Rohdaten
2017-08-24;518,76;Rohdaten
2017-08-25;518,75;Rohdaten
2017-08-26;518,75;Rohdaten
2017-08-27;518,74;Rohdaten
2017-08-28;518,73;Rohdaten
2017-08-29;518,73;Rohdaten
2017-08-30;518,72;Rohdaten
2017-08-31;518,71;Rohdaten
2017-09-01;518,75;Rohdaten
2017-09-02;518,77;Rohdaten
2017-09-03;518,77;Rohdaten
2017-09-04;518,76;Rohdaten
2017-09-05;518,75;Rohdaten
2017-09-06;518,74;Rohdaten
2017-09-07;518,74;Rohdaten
2017-09-08;518,73;Rohdaten
2017-09-09;518,73;Rohdaten
2017-09-10;518,74;Rohdaten
2017-09-11;518,73;Rohdaten
2017-09-12;518,72;Rohdaten
2017-09-13;518,72;Rohdaten
2017-09-14;518,72;Rohdaten
2017-09-15;518,71;Rohdaten
2017-09-16;518,71;Rohdaten
2017-09-17;518,70;Rohdaten
2017-09-18;518,70;Rohdaten
2017-09-19;518,69;Rohdaten
2017-09-20;518,69;Rohdaten
2017-09-21;518,69;Rohdaten
2017-09-22;518,68;Rohdaten
2017-09-23;518,68;Rohdaten
2017-09-24;518,67;Rohdaten
2017-09-25;518,67;Rohdaten
2017-09-26;518,66;Rohdaten
2017-09-27;518,66;Rohdaten
2017-09-28;518,65;Rohdaten
2017-09-29;518,65;Rohdaten
2017-09-30;518,64;Rohdaten
2017-10-01;518,64;Rohdaten
2017-10-02;518,64;Rohdaten
2017-10-03;518,66;Rohdaten
2017-10-04;518,66;Rohdaten
2017-10-05;518,65;Rohdaten
2017-10-06;518,66;Rohdaten
2017-10-07;518,66;Rohdaten
2017-10-08;518,65;Rohdaten
2017-10-09;518,66;Rohdaten
2017-10-10;518,65;Rohdaten
2017-10-11;518,65;Rohdaten
2017-10-12;518,64;Rohdaten
2017-10-13;518,63;Rohdaten
2017-10-14;518,63;Rohdaten
2017-10-15;518,62;Rohdaten
2017-10-16;518,62;Rohdaten
2017-10-17;518,64;Rohdaten
2017-10-18;518,70;Rohdaten
2017-10-19;518,64;Rohdaten
2017-10-20;518,63;Rohdaten
2017-10-21;518,62;Rohdaten
2017-10-22;518,62;Rohdaten
2017-10-23;518,62;Rohdaten
2017-10-24;518,61;Rohdaten
2017-10-25;518,61;Rohdaten
2017-10-26;518,61;Rohdaten
2017-10-27;518,61;Rohdaten
2017-10-28;518,60;Rohdaten
2017-10-29;518,61;Rohdaten
2017-10-30;518,61;Rohdaten
2017-10-31;518,60;Rohdaten
2017-11-01;518,60;Rohdaten
2017-11-02;518,60;Rohdaten
2017-11-03;518,59;Rohdaten
2017-11-04;518,59;Rohdaten
2017-11-05;518,60;Rohdaten
2017-11-06;518,62;Rohdaten
2017-11-07;518,63;Rohdaten
2017-11-08;518,62;Rohdaten
2017-11-09;518,61;Rohdaten
2017-11-10;518,61;Rohdaten
2017-11-11;518,62;Rohdaten
2017-11-12;518,66;Rohdaten
2017-11-13;518,68;Rohdaten
2017-11-14;518,67;Rohdaten
2017-11-15;518,67;Rohdaten
2017-11-16;518,67;Rohdaten
2017-11-17;518,66;Rohdaten
2017-11-18;518,66;Rohdaten
2017-11-19;518,67;Rohdaten
2017-11-20;518,67;Rohdaten
2017-11-21;518,67;Rohdaten
2017-11-22;518,66;Rohdaten
2017-11-23;518,66;Rohdaten
2017-11-24;518,65;Rohdaten
2017-11-25;518,65;Rohdaten
2017-11-26;518,65;Rohdaten
2017-11-27;518,64;Rohdaten
2017-11-28;518,64;Rohdaten
2017-11-29;518,63;Rohdaten
2017-11-30;518,63;Rohdaten
2017-12-01;518,62;Rohdaten
2017-12-02;518,62;Rohdaten
2017-12-03;518,62;Rohdaten
2017-12-04;518,61;Rohdaten
2017-12-05;518,62;Rohdaten
2017-12-06;518,61;Rohdaten
2017-12-07;518,61;Rohdaten
2017-12-08;518,61;Rohdaten
2017-12-09;518,61;Rohdaten
2017-12-10;518,61;Rohdaten
2017-12-11;518,61;Rohdaten
2017-12-12;518,62;Rohdaten
2017-12-13;518,61;Rohdaten
2017-12-14;518,61;Rohdaten
2017-12-15;518,62;Rohdaten
2017-12-16;518,61;Rohdaten
2017-12-17;518,61;Rohdaten
2017-12-18;518,60;Rohdaten
2017-12-19;518,60;Rohdaten
2017-12-20;518,60;Rohdaten
2017-12-21;518,59;Rohdaten
2017-12-22;518,61;Rohdaten
2017-12-23;518,61;Rohdaten
2017-12-24;518,61;Rohdaten
2017-12-25;518,60;Rohdaten
2017-12-26;518,60;Rohdaten
2017-12-27;518,60;Rohdaten
2017-12-28;518,61;Rohdaten
2017-12-29;518,61;Rohdaten
2017-12-30;518,61;Rohdaten
2017-12-31;518,62;Rohdaten
2018-01-01;518,62;Rohdaten
2018-01-02;518,62;Rohdaten
2018-01-03;518,64;Rohdaten
2018-01-04;518,68;Rohdaten
2018-01-05;518,73;Rohdaten
2018-01-06;518,73;Rohdaten
2018-01-07;518,72;Rohdaten
2018-01-08;518,73;Rohdaten
2018-01-09;518,73;Rohdaten
2018-01-10;518,73;Rohdaten
2018-01-11;518,73;Rohdaten
2018-01-12;518,73;Rohdaten
2018-01-13;518,72;Rohdaten
2018-01-14;518,72;Rohdaten
2018-01-15;518,72;Rohdaten
2018-01-16;518,72;Rohdaten
2018-01-17;518,73;Rohdaten
2018-01-18;518,73;Rohdaten
2018-01-19;518,75;Rohdaten
2018-01-20;518,75;Rohdaten
2018-01-21;518,76;Rohdaten
2018-01-22;518,77;Rohdaten
2018-01-23;518,80;Rohdaten
2018-01-24;518,80;Rohdaten
2018-01-25;518,80;Rohdaten
2018-01-26;518,80;Rohdaten
2018-01-27;518,80;Rohdaten
2018-01-28;518,80;Rohdaten
2018-01-29;518,80;Rohdaten
2018-01-30;518,80;Rohdaten
2018-01-31;518,79;Rohdaten
2018-02-01;518,79;Rohdaten
2018-02-02;518,80;Rohdaten
2018-02-03;518,79;Rohdaten
2018-02-04;518,79;Rohdaten
2018-02-05;518,78;Rohdaten
2018-02-06;518,78;Rohdaten
2018-02-07;518,77;Rohdaten
2018-02-08;518,76;Rohdaten
2018-02-09;518,76;Rohdaten
2018-02-10;518,75;Rohdaten
2018-02-11;518,75;Rohdaten
2018-02-12;518,76;Rohdaten
2018-02-13;518,75;Rohdaten
2018-02-14;518,74;Rohdaten
2018-02-15;518,74;Rohdaten
2018-02-16;518,76;Rohdaten
2018-02-17;518,76;Rohdaten
2018-02-18;518,76;Rohdaten
2018-02-19;518,76;Rohdaten
2018-02-20;518,75;Rohdaten
2018-02-21;518,75;Rohdaten
2018-02-22;518,75;Rohdaten
2018-02-23;518,74;Rohdaten
2018-02-24;518,74;Rohdaten
2018-02-25;518,74;Rohdaten
2018-02-26;518,73;Rohdaten
2018-02-27;518,73;Rohdaten
2018-02-28;518,73;Rohdaten
2018-03-01;518,73;Rohdaten
2018-03-02;518,72;Rohdaten
2018-03-03;518,72;Rohdaten
2018-03-04;518,72;Rohdaten
2018-03-05;518,72;Rohdaten
2018-03-06;518,72;Rohdaten
2018-03-07;518,71;Rohdaten
2018-03-08;518,71;Rohdaten
2018-03-09;518,71;Rohdaten
2018-03-10;518,70;Rohdaten
2018-03-11;;Rohdaten
2018-03-12;;Rohdaten
2018-03-13;;Rohdaten
2018-03-14;;Rohdaten
2018-03-15;518,70;Rohdaten
2018-03-16;518,70;Rohdaten
2018-03-17;518,70;Rohdaten
2018-03-18;518,70;Rohdaten
2018-03-19;518,69;Rohdaten
2018-03-20;518,69;Rohdaten
2018-03-21;;Rohdaten
2018-03-22;518,68;Rohdaten
2018-03-23;518,68;Rohdaten
2018-03-24;518,68;Rohdaten
2018-03-25;518,68;Rohdaten
2018-03-26;518,68;Rohdaten
2018-03-27;518,68;Rohdaten
2018-03-28;518,68;Rohdaten
2018-03-29;518,69;Rohdaten
2018-03-30;518,69;Rohdaten
2018-03-31;518,69;Rohdaten
2018-04-01;518,69;Rohdaten
2018-04-02;518,68;Rohdaten
2018-04-03;518,68;Rohdaten
2018-04-04;518,68;Rohdaten
2018-04-05;;Rohdaten
2018-04-06;518,68;Rohdaten
2018-04-07;518,68;Rohdaten
2018-04-08;518,68;Rohdaten
2018-04-09;518,67;Rohdaten
2018-04-10;518,67;Rohdaten
2018-04-11;518,67;Rohdaten
2018-04-12;518,67;Rohdaten
2018-04-13;518,67;Rohdaten
2018-04-14;518,66;Rohdaten
2018-04-15;;Rohdaten
2018-04-16;518,66;Rohdaten
2018-04-17;518,66;Rohdaten
2018-04-18;518,66;Rohdaten
2018-04-19;518,65;Rohdaten
2018-04-20;518,65;Rohdaten
2018-04-21;518,65;Rohdaten
2018-04-22;518,65;Rohdaten
2018-04-23;518,65;Rohdaten
2018-04-24;518,65;Rohdaten
2018-04-25;518,65;Rohdaten
2018-04-26;518,64;Rohdaten
2018-04-27;518,64;Rohdaten
2018-04-28;518,64;Rohdaten
2018-04-29;518,64;Rohdaten
2018-04-30;518,64;Rohdaten
2018-05-01;518,64;Rohdaten
2018-05-02;518,64;Rohdaten
2018-05-03;518,69;Rohdaten
2018-05-04;518,66;Rohdaten
2018-05-05;518,64;Rohdaten
2018-05-06;518,63;Rohdaten
2018-05-07;518,63;Rohdaten
2018-05-08;518,63;Rohdaten
2018-05-09;518,62;Rohdaten
2018-05-10;518,62;Rohdaten
2018-05-11;;Rohdaten
2018-05-12;518,62;Rohdaten
2018-05-13;518,62;Rohdaten
2018-05-14;518,63;Rohdaten
2018-05-15;518,65;Rohdaten
2018-05-16;518,69;Rohdaten
2018-05-17;518,72;Rohdaten
2018-05-18;518,72;Rohdaten
2018-05-19;518,72;Rohdaten
2018-05-20;518,74;Rohdaten
2018-05-21;518,73;Rohdaten
2018-05-22;518,72;Rohdaten
2018-05-23;;Rohdaten
2018-05-24;518,72;Rohdaten
2018-05-25;518,75;Rohdaten
2018-05-26;518,74;Rohdaten
2018-05-27;518,73;Rohdaten
2018-05-28;518,72;Rohdaten
2018-05-29;518,72;Rohdaten
2018-05-30;518,71;Rohdaten
2018-05-31;518,71;Rohdaten
2018-06-01;518,70;Rohdaten
2018-06-02;518,70;Rohdaten
2018-06-03;518,69;Rohdaten
2018-06-04;518,69;Rohdaten
2018-06-05;518,67;Rohdaten
2018-06-06;518,66;Rohdaten
2018-06-07;518,65;Rohdaten
2018-06-08;518,64;Rohdaten
2018-06-09;518,64;Rohdaten
2018-06-10;518,68;Rohdaten
2018-06-11;518,66;Rohdaten
2018-06-12;518,69;Rohdaten
2018-06-13;518,82;Rohdaten
2018-06-14;518,83;Rohdaten
2018-06-15;518,82;Rohdaten
2018-06-16;518,81;Rohdaten
2018-06-17;518,80;Rohdaten
2018-06-18;518,80;Rohdaten
2018-06-19;518,79;Rohdaten
2018-06-20;518,78;Rohdaten
2018-06-21;518,77;Rohdaten
2018-06-22;518,77;Rohdaten
2018-06-23;518,76;Rohdaten
2018-06-24;518,75;Rohdaten
2018-06-25;518,74;Rohdaten
2018-06-26;;Rohdaten
2018-06-27;518,72;Rohdaten
2018-06-28;518,73;Rohdaten
2018-06-29;518,75;Rohdaten
2018-06-30;518,73;Rohdaten
2018-07-01;518,72;Rohdaten
2018-07-02;518,71;Rohdaten
2018-07-03;518,70;Rohdaten
2018-07-04;518,69;Rohdaten
2018-07-05;518,68;Rohdaten
2018-07-06;518,70;Rohdaten
2018-07-07;518,71;Rohdaten
2018-07-08;518,69;Rohdaten
2018-07-09;518,68;Rohdaten
2018-07-10;518,68;Rohdaten
2018-07-11;518,67;Rohdaten
2018-07-12;518,67;Rohdaten
2018-07-13;518,66;Rohdaten
2018-07-14;518,65;Rohdaten
2018-07-15;518,65;Rohdaten
2018-07-16;518,66;Rohdaten
2018-07-17;518,65;Rohdaten
2018-07-18;518,65;Rohdaten
2018-07-19;518,64;Rohdaten
2018-07-20;518,64;Rohdaten
2018-07-21;518,65;Rohdaten
2018-07-22;518,73;Rohdaten
2018-07-23;518,75;Rohdaten
2018-07-24;518,75;Rohdaten
2018-07-25;518,73;Rohdaten
2018-07-26;518,72;Rohdaten
2018-07-27;518,71;Rohdaten
2018-07-28;518,70;Rohdaten
2018-07-29;518,70;Rohdaten
2018-07-30;518,69;Rohdaten
2018-07-31;518,68;Rohdaten
2018-08-01;518,67;Rohdaten
2018-08-02;518,66;Rohdaten
2018-08-03;518,65;Rohdaten
2018-08-04;518,64;Rohdaten
2018-08-05;518,64;Rohdaten
2018-08-06;518,63;Rohdaten
2018-08-07;518,62;Rohdaten
2018-08-08;518,62;Rohdaten
2018-08-09;518,61;Rohdaten
2018-08-10;518,63;Rohdaten
2018-08-11;518,64;Rohdaten
2018-08-12;518,63;Rohdaten
2018-08-13;518,62;Rohdaten
2018-08-14;518,64;Rohdaten
2018-08-15;518,63;Rohdaten
2018-08-16;518,63;Rohdaten
2018-08-17;518,62;Rohdaten
2018-08-18;518,61;Rohdaten
2018-08-19;518,61;Rohdaten
2018-08-20;518,60;Rohdaten
2018-08-21;518,60;Rohdaten
2018-08-22;518,59;Rohdaten
2018-08-23;518,59;Rohdaten
2018-08-24;518,58;Rohdaten
2018-08-25;518,58;Rohdaten
2018-08-26;518,58;Rohdaten
2018-08-27;518,57;Rohdaten
2018-08-28;518,57;Rohdaten
2018-08-29;;Rohdaten
2018-08-30;518,58;Rohdaten
2018-08-31;518,59;Rohdaten
2018-09-01;518,63;Rohdaten
2018-09-02;518,64;Rohdaten
2018-09-03;518,63;Rohdaten
2018-09-04;518,73;Rohdaten
2018-09-05;518,75;Rohdaten
2018-09-06;518,74;Rohdaten
2018-09-07;518,74;Rohdaten
2018-09-08;518,75;Rohdaten
2018-09-09;;Rohdaten
2018-09-10;518,73;Rohdaten
2018-09-11;518,72;Rohdaten
2018-09-12;518,71;Rohdaten
2018-09-13;518,70;Rohdaten
2018-09-14;518,71;Rohdaten
2018-09-15;518,70;Rohdaten
2018-09-16;518,69;Rohdaten
2018-09-17;518,68;Rohdaten
2018-09-18;518,67;Rohdaten
2018-09-19;518,66;Rohdaten
2018-09-20;518,65;Rohdaten
2018-09-21;518,65;Rohdaten
2018-09-22;518,64;Rohdaten
2018-09-23;518,65;Rohdaten
2018-09-24;518,67;Rohdaten
2018-09-25;518,66;Rohdaten
2018-09-26;518,65;Rohdaten
2018-09-27;518,64;Rohdaten
2018-09-28;518,63;Rohdaten
2018-09-29;518,63;Rohdaten
2018-09-30;518,63;Rohdaten
2018-10-01;518,67;Rohdaten
2018-10-02;518,68;Rohdaten
2018-10-03;518,67;Rohdaten
2018-10-04;518,66;Rohdaten
2018-10-05;518,66;Rohdaten
2018-10-06;518,65;Rohdaten
2018-10-07;518,65;Rohdaten
2018-10-08;;Rohdaten
2018-10-09;518,64;Rohdaten
2018-10-10;518,64;Rohdaten
2018-10-11;518,63;Rohdaten
2018-10-12;518,62;Rohdaten
2018-10-13;518,62;Rohdaten
2018-10-14;518,61;Rohdaten
2018-10-15;518,61;Rohdaten
2018-10-16;518,60;Rohdaten
2018-10-17;518,60;Rohdaten
2018-10-18;518,59;Rohdaten
2018-10-19;518,58;Rohdaten
2018-10-20;518,58;Rohdaten
2018-10-21;518,57;Rohdaten
2018-10-22;518,57;Rohdaten
2018-10-23;518,56;Rohdaten
2018-10-24;518,56;Rohdaten
2018-10-25;518,56;Rohdaten
2018-10-26;518,55;Rohdaten
2018-10-27;518,56;Rohdaten
2018-10-28;518,60;Rohdaten
2018-10-29;518,60;Rohdaten
2018-10-30;518,60;Rohdaten
2018-10-31;518,59;Rohdaten
2018-11-01;518,58;Rohdaten
2018-11-02;518,58;Rohdaten
2018-11-03;518,57;Rohdaten
2018-11-04;518,57;Rohdaten
2018-11-05;518,57;Rohdaten
2018-11-06;518,56;Rohdaten
2018-11-07;518,56;Rohdaten
2018-11-08;518,55;Rohdaten
2018-11-09;518,55;Rohdaten
2018-11-10;518,55;Rohdaten
2018-11-11;518,54;Rohdaten
2018-11-12;518,54;Rohdaten
2018-11-13;518,53;Rohdaten
2018-11-14;518,53;Rohdaten
2018-11-15;518,53;Rohdaten
2018-11-16;518,52;Rohdaten
2018-11-17;518,51;Rohdaten
2018-11-18;518,51;Rohdaten
2018-11-19;518,50;Rohdaten
2018-11-20;518,50;Rohdaten
2018-11-21;518,51;Rohdaten
2018-11-22;518,50;Rohdaten
2018-11-23;518,49;Rohdaten
2018-11-24;518,48;Rohdaten
2018-11-25;518,48;Rohdaten
2018-11-26;518,48;Rohdaten
2018-11-27;518,50;Rohdaten
2018-11-28;518,52;Rohdaten
2018-11-29;518,50;Rohdaten
2018-11-30;518,48;Rohdaten
2018-12-01;518,48;Rohdaten
2018-12-02;518,48;Rohdaten
2018-12-03;518,50;Rohdaten
2018-12-04;518,50;Rohdaten
2018-12-05;518,51;Rohdaten
2018-12-06;518,51;Rohdaten
2018-12-07;518,54;Rohdaten
2018-12-08;518,53;Rohdaten
2018-12-09;518,54;Rohdaten
2018-12-10;518,58;Rohdaten
2018-12-11;518,57;Rohdaten
2018-12-12;518,53;Rohdaten
2018-12-13;518,54;Rohdaten
2018-12-14;518,49;Rohdaten
2018-12-15;518,48;Rohdaten
2018-12-16;518,47;Rohdaten
2018-12-17;518,46;Rohdaten
2018-12-18;518,47;Rohdaten
2018-12-19;518,51;Rohdaten
2018-12-20;518,52;Rohdaten
2018-12-21;518,47;Rohdaten
2018-12-22;518,46;Rohdaten
2018-12-23;518,48;Rohdaten
2018-12-24;518,53;Rohdaten
2018-12-25;518,54;Rohdaten
2018-12-26;518,54;Rohdaten
2018-12-27;518,53;Rohdaten
2018-12-28;518,53;Rohdaten
2018-12-29;518,53;Rohdaten
2018-12-30;518,53;Rohdaten
2018-12-31;518,55;Rohdaten
2019-01-01;518,55;Rohdaten
2019-01-02;518,55;Rohdaten
2019-01-03;518,55;Rohdaten
2019-01-04;518,54;Rohdaten
2019-01-05;518,54;Rohdaten
2019-01-06;518,56;Rohdaten
2019-01-07;518,60;Rohdaten
2019-01-08;518,65;Rohdaten
2019-01-09;518,69;Rohdaten
2019-01-10;518,69;Rohdaten
2019-01-11;518,69;Rohdaten
2019-01-12;518,69;Rohdaten
2019-01-13;518,74;Rohdaten
2019-01-14;518,80;Rohdaten
2019-01-15;518,82;Rohdaten
2019-01-16;518,83;Rohdaten
2019-01-17;518,84;Rohdaten
2019-01-18;518,84;Rohdaten
2019-01-19;518,84;Rohdaten
2019-01-20;518,84;Rohdaten
2019-01-21;518,84;Rohdaten
2019-01-22;518,83;Rohdaten
2019-01-23;518,82;Rohdaten
2019-01-24;518,81;Rohdaten
2019-01-25;518,81;Rohdaten
2019-01-26;518,80;Rohdaten
2019-01-27;518,80;Rohdaten
2019-01-28;518,78;Rohdaten
2019-01-29;518,78;Rohdaten
2019-01-30;518,77;Rohdaten
2019-01-31;518,76;Rohdaten
2019-02-01;518,72;Rohdaten
2019-02-02;518,70;Rohdaten
2019-02-03;518,70;Rohdaten
2019-02-04;518,70;Rohdaten
2019-02-05;518,70;Rohdaten
2019-02-06;518,68;Rohdaten
2019-02-07;518,68;Rohdaten
2019-02-08;518,69;Rohdaten
2019-02-09;518,72;Rohdaten
2019-02-10;518,74;Rohdaten
2019-02-11;518,76;Rohdaten
2019-02-12;518,76;Rohdaten
2019-02-13;518,75;Rohdaten
2019-02-14;518,74;Rohdaten
2019-02-15;518,72;Rohdaten
2019-02-16;518,71;Rohdaten
2019-02-17;518,71;Rohdaten
2019-02-18;518,72;Rohdaten
2019-02-19;518,74;Rohdaten
2019-02-20;518,74;Rohdaten
2019-02-21;518,74;Rohdaten
2019-02-22;518,73;Rohdaten
2019-02-23;518,74;Rohdaten
2019-02-24;518,74;Rohdaten
2019-02-25;518,74;Rohdaten
2019-02-26;518,75;Rohdaten
2019-02-27;518,76;Rohdaten
2019-02-28;518,75;Rohdaten
2019-03-01;518,74;Rohdaten
2019-03-02;518,73;Rohdaten
2019-03-03;518,73;Rohdaten
2019-03-04;518,72;Rohdaten
2019-03-05;518,72;Rohdaten
2019-03-06;518,70;Rohdaten
2019-03-07;518,69;Rohdaten
2019-03-08;518,68;Rohdaten
2019-03-09;518,67;Rohdaten
2019-03-10;518,67;Rohdaten
2019-03-11;518,68;Rohdaten
2019-03-12;518,69;Rohdaten
2019-03-13;518,68;Rohdaten
2019-03-14;518,68;Rohdaten
2019-03-15;518,69;Rohdaten
2019-03-16;518,68;Rohdaten
2019-03-17;518,67;Rohdaten
2019-03-18;518,66;Rohdaten
2019-03-19;518,66;Rohdaten
2019-03-20;518,65;Rohdaten
2019-03-21;518,65;Rohdaten
2019-03-22;518,64;Rohdaten
2019-03-23;518,65;Rohdaten
2019-03-24;518,67;Rohdaten
2019-03-25;518,68;Rohdaten
2019-03-26;518,67;Rohdaten
2019-03-27;518,67;Rohdaten
2019-03-28;518,67;Rohdaten
2019-03-29;518,68;Rohdaten
2019-03-30;518,66;Rohdaten
2019-03-31;518,66;Rohdaten
2019-04-01;518,66;Rohdaten
2019-04-02;518,66;Rohdaten
2019-04-03;518,65;Rohdaten
2019-04-04;518,64;Rohdaten
2019-04-05;518,65;Rohdaten
2019-04-06;518,65;Rohdaten
2019-04-07;518,65;Rohdaten
2019-04-08;518,65;Rohdaten
2019-04-09;518,65;Rohdaten
2019-04-10;518,65;Rohdaten
2019-04-11;518,65;Rohdaten
2019-04-12;518,65;Rohdaten
2019-04-13;518,65;Rohdaten
2019-04-14;518,65;Rohdaten
2019-04-15;518,65;Rohdaten
2019-04-16;518,64;Rohdaten
2019-04-17;518,64;Rohdaten
2019-04-18;518,64;Rohdaten
2019-04-19;518,62;Rohdaten
2019-04-20;518,60;Rohdaten
2019-04-21;518,59;Rohdaten
2019-04-22;518,59;Rohdaten
2019-04-23;518,59;Rohdaten
2019-04-24;518,58;Rohdaten
2019-04-25;518,59;Rohdaten
2019-04-26;518,58;Rohdaten
2019-04-27;518,60;Rohdaten
2019-04-28;518,60;Rohdaten
2019-04-29;518,60;Rohdaten
2019-04-30;518,61;Rohdaten
2019-05-01;518,61;Rohdaten
2019-05-02;518,61;Rohdaten
2019-05-03;518,61;Rohdaten
2019-05-04;518,62;Rohdaten
2019-05-05;518,63;Rohdaten
2019-05-06;518,63;Rohdaten
2019-05-07;518,63;Rohdaten
2019-05-08;518,62;Rohdaten
2019-05-09;518,61;Rohdaten
2019-05-10;518,62;Rohdaten
2019-05-11;518,63;Rohdaten
2019-05-12;518,65;Rohdaten
2019-05-13;518,65;Rohdaten
2019-05-14;518,65;Rohdaten
2019-05-15;518,63;Rohdaten
2019-05-16;518,63;Rohdaten
2019-05-17;518,62;Rohdaten
2019-05-18;518,60;Rohdaten
2019-05-19;518,57;Rohdaten
2019-05-20;518,62;Rohdaten
2019-05-21;518,83;Rohdaten
2019-05-22;518,87;Rohdaten
2019-05-23;518,85;Rohdaten
2019-05-24;518,84;Rohdaten
2019-05-25;518,82;Rohdaten
2019-05-26;518,82;Rohdaten
2019-05-27;518,81;Rohdaten
2019-05-28;518,84;Rohdaten
2019-05-29;518,88;Rohdaten
2019-05-30;518,89;Rohdaten
2019-05-31;518,87;Rohdaten
2019-06-01;518,84;Rohdaten
2019-06-02;518,83;Rohdaten
2019-06-03;518,83;Rohdaten
2019-06-04;518,83;Rohdaten
2019-06-05;518,82;Rohdaten
2019-06-06;518,82;Rohdaten
2019-06-07;518,79;Rohdaten
2019-06-08;518,80;Rohdaten
2019-06-09;518,79;Rohdaten
2019-06-10;518,78;Rohdaten
2019-06-11;518,78;Rohdaten
2019-06-12;518,78;Rohdaten
2019-06-13;518,78;Rohdaten
2019-06-14;518,76;Rohdaten
2019-06-15;518,76;Rohdaten
2019-06-16;518,78;Rohdaten
2019-06-17;518,75;Rohdaten
2019-06-18;518,75;Rohdaten
2019-06-19;518,75;Rohdaten
2019-06-20;518,77;Rohdaten
2019-06-21;518,80;Rohdaten
2019-06-22;518,88;Rohdaten
2019-06-23;518,92;Rohdaten
2019-06-24;518,89;Rohdaten
2019-06-25;518,88;Rohdaten
2019-06-26;518,89;Rohdaten
2019-06-27;518,88;Rohdaten
2019-06-28;518,88;Rohdaten
2019-06-29;518,85;Rohdaten
2019-06-30;518,84;Rohdaten
2019-07-01;518,86;Rohdaten
2019-07-02;518,89;Rohdaten
2019-07-03;518,84;Rohdaten
2019-07-04;518,82;Rohdaten
2019-07-05;518,80;Rohdaten
2019-07-06;518,79;Rohdaten
2019-07-07;518,79;Rohdaten
2019-07-08;518,78;Rohdaten
2019-07-09;518,77;Rohdaten
2019-07-10;518,76;Rohdaten
2019-07-11;518,81;Rohdaten
2019-07-12;518,76;Rohdaten
2019-07-13;518,76;Rohdaten
2019-07-14;518,77;Rohdaten
2019-07-15;518,77;Rohdaten
2019-07-16;518,80;Rohdaten
2019-07-17;518,80;Rohdaten
2019-07-18;518,79;Rohdaten
2019-07-19;518,79;Rohdaten
2019-07-20;518,78;Rohdaten
2019-07-21;518,80;Rohdaten
2019-07-22;518,80;Rohdaten
2019-07-23;518,79;Rohdaten
2019-07-24;518,79;Rohdaten
2019-07-25;518,78;Rohdaten
2019-07-26;518,78;Rohdaten
2019-07-27;518,77;Rohdaten
2019-07-28;518,74;Rohdaten
2019-07-29;518,80;Rohdaten
2019-07-30;518,81;Rohdaten
2019-07-31;518,79;Rohdaten
2019-08-01;518,78;Rohdaten
2019-08-02;518,80;Rohdaten
2019-08-03;518,77;Rohdaten
2019-08-04;518,76;Rohdaten
2019-08-05;518,79;Rohdaten
2019-08-06;518,78;Rohdaten
2019-08-07;518,78;Rohdaten
2019-08-08;518,75;Rohdaten
2019-08-09;518,77;Rohdaten
2019-08-10;518,77;Rohdaten
2019-08-11;518,76;Rohdaten
2019-08-12;518,75;Rohdaten
2019-08-13;518,79;Rohdaten
2019-08-14;518,79;Rohdaten
2019-08-15;518,78;Rohdaten
2019-08-16;518,77;Rohdaten
2019-08-17;518,78;Rohdaten
2019-08-18;518,78;Rohdaten
2019-08-19;518,74;Rohdaten
2019-08-20;518,76;Rohdaten
2019-08-21;518,77;Rohdaten
2019-08-22;518,75;Rohdaten
2019-08-23;518,76;Rohdaten
2019-08-24;518,76;Rohdaten
2019-08-25;518,75;Rohdaten
2019-08-26;518,75;Rohdaten
2019-08-27;518,76;Rohdaten
2019-08-28;518,75;Rohdaten
2019-08-29;518,74;Rohdaten
2019-08-30;518,74;Rohdaten
2019-08-31;518,74;Rohdaten
2019-09-01;518,74;Rohdaten
2019-09-02;518,71;Rohdaten
2019-09-03;518,69;Rohdaten
2019-09-04;518,69;Rohdaten
2019-09-05;518,69;Rohdaten
2019-09-06;518,69;Rohdaten
2019-09-07;518,68;Rohdaten
2019-09-08;518,70;Rohdaten
2019-09-09;518,73;Rohdaten
2019-09-10;518,73;Rohdaten
2019-09-11;518,72;Rohdaten
2019-09-12;518,72;Rohdaten
2019-09-13;518,71;Rohdaten
2019-09-14;518,70;Rohdaten
2019-09-15;518,70;Rohdaten
2019-09-16;518,71;Rohdaten
2019-09-17;518,69;Rohdaten
2019-09-18;518,68;Rohdaten
2019-09-19;518,67;Rohdaten
2019-09-20;518,67;Rohdaten
2019-09-21;518,67;Rohdaten
2019-09-22;518,67;Rohdaten
2019-09-23;518,65;Rohdaten
2019-09-24;518,66;Rohdaten
2019-09-25;518,65;Rohdaten
2019-09-26;518,63;Rohdaten
2019-09-27;518,64;Rohdaten
2019-09-28;518,65;Rohdaten
2019-09-29;518,65;Rohdaten
2019-09-30;518,64;Rohdaten
2019-10-01;518,64;Rohdaten
2019-10-02;518,65;Rohdaten
2019-10-03;518,67;Rohdaten
2019-10-04;518,66;Rohdaten
2019-10-05;518,65;Rohdaten
2019-10-06;518,64;Rohdaten
2019-10-07;518,68;Rohdaten
2019-10-08;518,67;Rohdaten
2019-10-09;518,68;Rohdaten
2019-10-10;518,68;Rohdaten
2019-10-11;518,68;Rohdaten
2019-10-12;518,67;Rohdaten
2019-10-13;518,66;Rohdaten
2019-10-14;518,66;Rohdaten
2019-10-15;518,65;Rohdaten
2019-10-16;518,65;Rohdaten
2019-10-17;518,64;Rohdaten
2019-10-18;518,63;Rohdaten
2019-10-19;518,63;Rohdaten
2019-10-20;518,62;Rohdaten
2019-10-21;518,63;Rohdaten
2019-10-22;518,61;Rohdaten
2019-10-23;518,61;Rohdaten
2019-10-24;518,60;Rohdaten
2019-10-25;518,60;Rohdaten
2019-10-26;518,59;Rohdaten
2019-10-27;518,58;Rohdaten
2019-10-28;518,58;Rohdaten
2019-10-29;518,59;Rohdaten
2019-10-30;518,59;Rohdaten
2019-10-31;518,58;Rohdaten
2019-11-01;518,57;Rohdaten
2019-11-02;518,56;Rohdaten
2019-11-03;518,56;Rohdaten
2019-11-04;518,56;Rohdaten
2019-11-05;518,56;Rohdaten
2019-11-06;518,55;Rohdaten
2019-11-07;518,55;Rohdaten
2019-11-08;518,54;Rohdaten
2019-11-09;518,53;Rohdaten
2019-11-10;518,52;Rohdaten
2019-11-11;518,52;Rohdaten
2019-11-12;518,52;Rohdaten
2019-11-13;518,52;Rohdaten
2019-11-14;518,52;Rohdaten
2019-11-15;518,52;Rohdaten
2019-11-16;518,51;Rohdaten
2019-11-17;518,50;Rohdaten
2019-11-18;518,50;Rohdaten
2019-11-19;518,49;Rohdaten
2019-11-20;518,48;Rohdaten
2019-11-21;518,47;Rohdaten
2019-11-22;518,46;Rohdaten
2019-11-23;518,47;Rohdaten
2019-11-24;518,47;Rohdaten
2019-11-25;518,46;Rohdaten
2019-11-26;518,46;Rohdaten
2019-11-27;518,46;Rohdaten
2019-11-28;518,45;Rohdaten
2019-11-29;518,45;Rohdaten
2019-11-30;518,45;Rohdaten
2019-12-01;518,45;Rohdaten
2019-12-02;518,46;Rohdaten
2019-12-03;518,47;Rohdaten
2019-12-04;518,46;Rohdaten
2019-12-05;518,46;Rohdaten
2019-12-06;518,46;Rohdaten
2019-12-07;518,45;Rohdaten
2019-12-08;518,44;Rohdaten
2019-12-09;518,44;Rohdaten
2019-12-10;518,45;Rohdaten
2019-12-11;518,45;Rohdaten
2019-12-12;518,46;Rohdaten
2019-12-13;518,45;Rohdaten
2019-12-14;518,44;Rohdaten
2019-12-15;518,43;Rohdaten
2019-12-16;518,43;Rohdaten
2019-12-17;518,42;Rohdaten
2019-12-18;518,42;Rohdaten
2019-12-19;518,42;Rohdaten
2019-12-20;518,41;Rohdaten
2019-12-21;518,42;Rohdaten
2019-12-22;518,42;Rohdaten
2019-12-23;518,42;Rohdaten
2019-12-24;518,41;Rohdaten
2019-12-25;518,44;Rohdaten
2019-12-26;518,45;Rohdaten
2019-12-27;518,44;Rohdaten
2019-12-28;518,44;Rohdaten
2019-12-29;518,42;Rohdaten
2019-12-30;518,41;Rohdaten
2019-12-31;518,41;Rohdaten
2020-01-01;518,40;Rohdaten
2020-01-02;518,39;Rohdaten
2020-01-03;518,39;Rohdaten
2020-01-04;518,39;Rohdaten
2020-01-05;518,39;Rohdaten
2020-01-06;518,38;Rohdaten
2020-01-07;518,39;Rohdaten
2020-01-08;518,41;Rohdaten
2020-01-09;518,41;Rohdaten
2020-01-10;518,40;Rohdaten
2020-01-11;518,40;Rohdaten
2020-01-12;518,40;Rohdaten
2020-01-13;518,39;Rohdaten
2020-01-14;518,38;Rohdaten
2020-01-15;518,38;Rohdaten
2020-01-16;518,39;Rohdaten
2020-01-17;518,39;Rohdaten
2020-01-18;518,39;Rohdaten
2020-01-19;518,38;Rohdaten
2020-01-20;518,39;Rohdaten
2020-01-21;518,39;Rohdaten
2020-01-22;518,38;Rohdaten
2020-01-23;518,37;Rohdaten
2020-01-24;518,37;Rohdaten
2020-01-25;518,36;Rohdaten
2020-01-26;518,35;Rohdaten
2020-01-27;518,35;Rohdaten
2020-01-28;518,35;Rohdaten
2020-01-29;518,35;Rohdaten
2020-01-30;518,36;Rohdaten
2020-01-31;518,36;Rohdaten
2020-02-01;518,35;Rohdaten
2020-02-02;518,37;Rohdaten
2020-02-03;518,52;Rohdaten
2020-02-04;518,61;Rohdaten
2020-02-05;518,60;Rohdaten
2020-02-06;518,60;Rohdaten
2020-02-07;518,60;Rohdaten
2020-02-08;518,60;Rohdaten
2020-02-09;518,60;Rohdaten
2020-02-10;518,60;Rohdaten
2020-02-11;518,62;Rohdaten
2020-02-12;518,62;Rohdaten
2020-02-13;518,62;Rohdaten
2020-02-14;518,63;Rohdaten
2020-02-15;518,62;Rohdaten
2020-02-16;518,61;Rohdaten
2020-02-17;518,62;Rohdaten
2020-02-18;518,61;Rohdaten
2020-02-19;518,61;Rohdaten
2020-02-20;518,60;Rohdaten
2020-02-21;518,59;Rohdaten
2020-02-22;518,59;Rohdaten
2020-02-23;518,58;Rohdaten
2020-02-24;518,59;Rohdaten
2020-02-25;518,59;Rohdaten
2020-02-26;518,58;Rohdaten
2020-02-27;518,58;Rohdaten
2020-02-28;518,58;Rohdaten
2020-02-29;518,58;Rohdaten
2020-03-01;518,57;Rohdaten
2020-03-02;518,57;Rohdaten
2020-03-03;518,57;Rohdaten
2020-03-04;518,57;Rohdaten
2020-03-05;518,57;Rohdaten
2020-03-06;518,56;Rohdaten
2020-03-07;518,55;Rohdaten
2020-03-08;518,54;Rohdaten
2020-03-09;518,54;Rohdaten
2020-03-10;518,54;Rohdaten
2020-03-11;518,56;Rohdaten
2020-03-12;518,56;Rohdaten
2020-03-13;518,56;Rohdaten
2020-03-14;518,54;Rohdaten
2020-03-15;518,53;Rohdaten
2020-03-16;518,53;Rohdaten
2020-03-17;518,52;Rohdaten
2020-03-18;518,52;Rohdaten
2020-03-19;518,51;Rohdaten
2020-03-20;518,50;Rohdaten
2020-03-21;518,52;Rohdaten
2020-03-22;518,53;Rohdaten
2020-03-23;518,53;Rohdaten
2020-03-24;518,52;Rohdaten
2020-03-25;518,51;Rohdaten
2020-03-26;518,50;Rohdaten
2020-03-27;518,50;Rohdaten
2020-03-28;518,50;Rohdaten
2020-03-29;518,50;Rohdaten
2020-03-30;518,49;Rohdaten
2020-03-31;518,49;Rohdaten
2020-04-01;518,48;Rohdaten
2020-04-02;518,47;Rohdaten
2020-04-03;518,47;Rohdaten
2020-04-04;518,46;Rohdaten
2020-04-05;518,46;Rohdaten
2020-04-06;518,45;Rohdaten
2020-04-07;518,45;Rohdaten
2020-04-08;518,44;Rohdaten
2020-04-09;518,44;Rohdaten
2020-04-10;518,43;Rohdaten
2020-04-11;518,42;Rohdaten
2020-04-12;518,42;Rohdaten
2020-04-13;518,41;Rohdaten
2020-04-14;518,41;Rohdaten
2020-04-15;518,41;Rohdaten
2020-04-16;518,41;Rohdaten
2020-04-17;518,40;Rohdaten
2020-04-18;518,39;Rohdaten
2020-04-19;518,39;Rohdaten
2020-04-20;518,39;Rohdaten
2020-04-21;518,39;Rohdaten
2020-04-22;518,38;Rohdaten
2020-04-23;518,38;Rohdaten
2020-04-24;518,37;Rohdaten
2020-04-25;518,36;Rohdaten
2020-04-26;518,36;Rohdaten
2020-04-27;518,35;Rohdaten
2020-04-28;518,35;Rohdaten
2020-04-29;518,38;Rohdaten
2020-04-30;518,38;Rohdaten
2020-05-01;518,38;Rohdaten
2020-05-02;518,38;Rohdaten
2020-05-03;518,37;Rohdaten
2020-05-04;518,36;Rohdaten
2020-05-05;518,35;Rohdaten
2020-05-06;518,33;Rohdaten
2020-05-07;518,32;Rohdaten
2020-05-08;518,30;Rohdaten
2020-05-09;518,28;Rohdaten
2020-05-10;518,27;Rohdaten
2020-05-11;518,28;Rohdaten
2020-05-12;518,30;Rohdaten
2020-05-13;518,29;Rohdaten
2020-05-14;518,30;Rohdaten
2020-05-15;518,30;Rohdaten
2020-05-16;518,30;Rohdaten
2020-05-17;518,28;Rohdaten
2020-05-18;518,27;Rohdaten
2020-05-19;518,26;Rohdaten
2020-05-20;518,25;Rohdaten
2020-05-21;518,25;Rohdaten
2020-05-22;518,24;Rohdaten
2020-05-23;518,24;Rohdaten
2020-05-24;518,25;Rohdaten
2020-05-25;518,26;Rohdaten
2020-05-26;518,25;Rohdaten
2020-05-27;518,24;Rohdaten
2020-05-28;518,24;Rohdaten
2020-05-29;518,24;Rohdaten
2020-05-30;518,24;Rohdaten
2020-05-31;518,24;Rohdaten
2020-06-01;518,23;Rohdaten
2020-06-02;518,22;Rohdaten
2020-06-03;518,22;Rohdaten
2020-06-04;518,22;Rohdaten
2020-06-05;518,22;Rohdaten
2020-06-06;518,21;Rohdaten
2020-06-07;518,22;Rohdaten
2020-06-08;518,22;Rohdaten
2020-06-09;518,25;Rohdaten
2020-06-10;518,24;Rohdaten
2020-06-11;518,30;Rohdaten
2020-06-12;518,31;Rohdaten
2020-06-13;518,31;Rohdaten
2020-06-14;518,39;Rohdaten
2020-06-15;518,46;Rohdaten
2020-06-16;518,53;Rohdaten
2020-06-17;518,54;Rohdaten
2020-06-18;518,56;Rohdaten
2020-06-19;518,57;Rohdaten
2020-06-20;518,59;Rohdaten
2020-06-21;518,59;Rohdaten
2020-06-22;518,60;Rohdaten
2020-06-23;518,60;Rohdaten
2020-06-24;518,60;Rohdaten
2020-06-25;518,59;Rohdaten
2020-06-26;518,61;Rohdaten
2020-06-27;518,61;Rohdaten
2020-06-28;518,60;Rohdaten
2020-06-29;518,61;Rohdaten
2020-06-30;518,62;Rohdaten
2020-07-01;518,64;Rohdaten
2020-07-02;518,63;Rohdaten
2020-07-03;518,62;Rohdaten
2020-07-04;518,63;Rohdaten
2020-07-05;518,63;Rohdaten
2020-07-06;518,61;Rohdaten
2020-07-07;518,59;Rohdaten
2020-07-08;518,59;Rohdaten
2020-07-09;518,61;Rohdaten
2020-07-10;518,64;Rohdaten
2020-07-11;518,67;Rohdaten
2020-07-12;518,68;Rohdaten
2020-07-13;518,67;Rohdaten
2020-07-14;518,68;Rohdaten
2020-07-15;518,66;Rohdaten
2020-07-16;518,67;Rohdaten
2020-07-17;518,70;Rohdaten
2020-07-18;518,69;Rohdaten
2020-07-19;518,70;Rohdaten
2020-07-20;518,72;Rohdaten
2020-07-21;518,71;Rohdaten
2020-07-22;518,70;Rohdaten
2020-07-23;518,69;Rohdaten
2020-07-24;518,67;Rohdaten
2020-07-25;518,66;Rohdaten
2020-07-26;518,65;Rohdaten
2020-07-27;518,64;Rohdaten
2020-07-28;518,63;Rohdaten
2020-07-29;518,62;Rohdaten
2020-07-30;518,62;Rohdaten
2020-07-31;518,62;Rohdaten
2020-08-01;518,61;Rohdaten
2020-08-02;518,62;Rohdaten
2020-08-03;518,64;Rohdaten
2020-08-04;518,75;Rohdaten
2020-08-05;518,76;Rohdaten
2020-08-06;518,77;Rohdaten
2020-08-07;518,82;Rohdaten
2020-08-08;518,79;Rohdaten
2020-08-09;518,79;Rohdaten
2020-08-10;518,79;Rohdaten
2020-08-11;518,78;Rohdaten
2020-08-12;518,76;Rohdaten
2020-08-13;518,76;Rohdaten
2020-08-14;518,76;Rohdaten
2020-08-15;518,74;Rohdaten
2020-08-16;518,72;Rohdaten
2020-08-17;518,71;Rohdaten
2020-08-18;518,72;Rohdaten
2020-08-19;518,73;Rohdaten
2020-08-20;518,71;Rohdaten
2020-08-21;518,71;Rohdaten
2020-08-22;518,70;Rohdaten
2020-08-23;518,70;Rohdaten
2020-08-24;518,67;Rohdaten
2020-08-25;518,67;Rohdaten
2020-08-26;518,67;Rohdaten
2020-08-27;518,64;Rohdaten
2020-08-28;518,65;Rohdaten
2020-08-29;518,66;Rohdaten
2020-08-30;518,65;Rohdaten
2020-08-31;518,64;Rohdaten
2020-09-01;518,64;Rohdaten
2020-09-02;518,63;Rohdaten
2020-09-03;518,64;Rohdaten
2020-09-04;518,63;Rohdaten
2020-09-05;518,64;Rohdaten
2020-09-06;518,65;Rohdaten
2020-09-07;518,64;Rohdaten
2020-09-08;518,64;Rohdaten
2020-09-09;518,64;Rohdaten
2020-09-10;518,63;Rohdaten
2020-09-11;518,62;Rohdaten
2020-09-12;518,63;Rohdaten
2020-09-13;518,61;Rohdaten
2020-09-14;518,62;Rohdaten
2020-09-15;518,63;Rohdaten
2020-09-16;518,63;Rohdaten
2020-09-17;518,62;Rohdaten
2020-09-18;518,61;Rohdaten
2020-09-19;518,60;Rohdaten
2020-09-20;518,59;Rohdaten
2020-09-21;518,58;Rohdaten
2020-09-22;518,57;Rohdaten
2020-09-23;518,57;Rohdaten
2020-09-24;518,56;Rohdaten
2020-09-25;518,62;Rohdaten
2020-09-26;518,64;Rohdaten
2020-09-27;518,65;Rohdaten
2020-09-28;518,63;Rohdaten
2020-09-29;518,63;Rohdaten
2020-09-30;518,63;Rohdaten
2020-10-01;518,64;Rohdaten
2020-10-02;518,63;Rohdaten
2020-10-03;518,63;Rohdaten
2020-10-04;518,62;Rohdaten
2020-10-05;518,62;Rohdaten
2020-10-06;518,63;Rohdaten
2020-10-07;518,64;Rohdaten
2020-10-08;518,65;Rohdaten
2020-10-09;518,66;Rohdaten
2020-10-10;518,66;Rohdaten
2020-10-11;518,66;Rohdaten
2020-10-12;518,66;Rohdaten
2020-10-13;518,66;Rohdaten
2020-10-14;518,66;Rohdaten
2020-10-15;518,66;Rohdaten
2020-10-16;518,69;Rohdaten
2020-10-17;518,69;Rohdaten
2020-10-18;518,69;Rohdaten
2020-10-19;518,69;Rohdaten
2020-10-20;518,69;Rohdaten
2020-10-21;518,69;Rohdaten
2020-10-22;518,68;Rohdaten
2020-10-23;518,67;Rohdaten
2020-10-24;518,68;Rohdaten
2020-10-25;518,68;Rohdaten
2020-10-26;518,69;Rohdaten
2020-10-27;518,73;Rohdaten
2020-10-28;518,72;Rohdaten
2020-10-29;518,75;Rohdaten
2020-10-30;518,76;Rohdaten
2020-10-31;518,76;Rohdaten
2020-11-01;518,76;Rohdaten
2020-11-02;518,76;Rohdaten
2020-11-03;518,75;Rohdaten
2020-11-04;518,77;Rohdaten
2020-11-05;518,76;Rohdaten
2020-11-06;518,76;Rohdaten
2020-11-07;518,77;Rohdaten
2020-11-08;518,76;Rohdaten
2020-11-09;518,76;Rohdaten
2020-11-10;518,76;Rohdaten
2020-11-11;518,75;Rohdaten
2020-11-12;518,75;Rohdaten
2020-11-13;518,76;Rohdaten
2020-11-14;518,76;Rohdaten
2020-11-15;518,75;Rohdaten
2020-11-16;518,76;Rohdaten
2020-11-17;518,74;Rohdaten
2020-11-18;518,74;Rohdaten
2020-11-19;518,75;Rohdaten
2020-11-20;518,74;Rohdaten
2020-11-21;518,74;Rohdaten
2020-11-22;518,72;Rohdaten
2020-11-23;518,72;Rohdaten
2020-11-24;518,71;Rohdaten
2020-11-25;518,72;Rohdaten
2020-11-26;518,70;Rohdaten
2020-11-27;518,71;Rohdaten
2020-11-28;518,71;Rohdaten
2020-11-29;518,69;Rohdaten
2020-11-30;518,68;Rohdaten
2020-12-01;518,69;Rohdaten
2020-12-02;518,68;Rohdaten
2020-12-03;518,68;Rohdaten
2020-12-04;518,67;Rohdaten
2020-12-05;518,67;Rohdaten
2020-12-06;518,66;Rohdaten
2020-12-07;518,64;Rohdaten
2020-12-08;518,64;Rohdaten
2020-12-09;518,65;Rohdaten
2020-12-10;518,66;Rohdaten
2020-12-11;518,65;Rohdaten
2020-12-12;518,65;Rohdaten
2020-12-13;518,64;Rohdaten
2020-12-14;518,64;Rohdaten
2020-12-15;518,64;Rohdaten
2020-12-16;518,63;Rohdaten
2020-12-17;518,62;Rohdaten
2020-12-18;518,62;Rohdaten
2020-12-19;518,61;Rohdaten
2020-12-20;518,61;Rohdaten
2020-12-21;518,60;Rohdaten
2020-12-22;518,61;Rohdaten
2020-12-23;518,60;Rohdaten
2020-12-24;518,61;Rohdaten
2020-12-25;518,62;Rohdaten
2020-12-26;518,61;Rohdaten
2020-12-27;518,60;Rohdaten
2020-12-28;518,60;Rohdaten
2020-12-29;518,60;Rohdaten
2020-12-30;518,59;Rohdaten
2020-12-31;518,59;Rohdaten
2021-01-01;518,59;Rohdaten
2021-01-02;518,58;Rohdaten
2021-01-03;518,57;Rohdaten
2021-01-04;518,57;Rohdaten
2021-01-05;518,57;Rohdaten
2021-01-06;518,56;Rohdaten
2021-01-07;518,56;Rohdaten
2021-01-08;518,56;Rohdaten
2021-01-09;518,56;Rohdaten
2021-01-10;518,54;Rohdaten
2021-01-11;518,54;Rohdaten
2021-01-12;518,55;Rohdaten
2021-01-13;518,55;Rohdaten
2021-01-14;518,55;Rohdaten
2021-01-15;518,55;Rohdaten
2021-01-16;518,54;Rohdaten
2021-01-17;518,54;Rohdaten
2021-01-18;518,53;Rohdaten
2021-01-19;518,53;Rohdaten
2021-01-20;518,55;Rohdaten
2021-01-21;518,57;Rohdaten
2021-01-22;518,57;Rohdaten
2021-01-23;518,57;Rohdaten
2021-01-24;518,57;Rohdaten
2021-01-25;518,56;Rohdaten
2021-01-26;518,56;Rohdaten
2021-01-27;518,56;Rohdaten
2021-01-28;518,58;Rohdaten
2021-01-29;518,65;Rohdaten
2021-01-30;518,65;Rohdaten
2021-01-31;518,67;Rohdaten
2021-02-01;518,67;Rohdaten
2021-02-02;518,67;Rohdaten
2021-02-03;518,70;Rohdaten
2021-02-04;518,72;Rohdaten
2021-02-05;518,72;Rohdaten
2021-02-06;518,72;Rohdaten
2021-02-07;518,73;Rohdaten
2021-02-08;518,75;Rohdaten
2021-02-09;518,76;Rohdaten
2021-02-10;518,76;Rohdaten
2021-02-11;518,74;Rohdaten
2021-02-12;518,75;Rohdaten
2021-02-13;518,74;Rohdaten
2021-02-14;518,73;Rohdaten
2021-02-15;518,75;Rohdaten
2021-02-16;518,74;Rohdaten
2021-02-17;518,75;Rohdaten
2021-02-18;518,75;Rohdaten
2021-02-19;518,75;Rohdaten
2021-02-20;518,75;Rohdaten
2021-02-21;518,75;Rohdaten
2021-02-22;518,74;Rohdaten
2021-02-23;518,73;Rohdaten
2021-02-24;518,71;Rohdaten
2021-02-25;518,72;Rohdaten
2021-02-26;518,74;Rohdaten
2021-02-27;518,75;Rohdaten
2021-02-28;518,74;Rohdaten
2021-03-01;518,74;Rohdaten
2021-03-02;518,73;Rohdaten
2021-03-03;518,72;Rohdaten
2021-03-04;518,72;Rohdaten
2021-03-05;518,73;Rohdaten
2021-03-06;518,72;Rohdaten
2021-03-07;518,72;Rohdaten
2021-03-08;518,72;Rohdaten
2021-03-09;518,71;Rohdaten
2021-03-10;518,71;Rohdaten
2021-03-11;518,71;Rohdaten
2021-03-12;518,73;Rohdaten
2021-03-13;518,73;Rohdaten
2021-03-14;518,73;Rohdaten
2021-03-15;518,73;Rohdaten
2021-03-16;518,72;Rohdaten
2021-03-17;518,72;Rohdaten
2021-03-18;518,72;Rohdaten
2021-03-19;518,72;Rohdaten
2021-03-20;518,72;Rohdaten
2021-03-21;518,71;Rohdaten
2021-03-22;518,71;Rohdaten
2021-03-23;518,70;Rohdaten
2021-03-24;518,69;Rohdaten
2021-03-25;518,70;Rohdaten
2021-03-26;518,68;Rohdaten
2021-03-27;518,70;Rohdaten
2021-03-28;518,69;Rohdaten
2021-03-29;518,68;Rohdaten
2021-03-30;518,66;Rohdaten
2021-03-31;518,66;Rohdaten
2021-04-01;518,66;Rohdaten
2021-04-02;518,66;Rohdaten
2021-04-03;518,66;Rohdaten
2021-04-04;518,64;Rohdaten
2021-04-05;518,64;Rohdaten
2021-04-06;518,64;Rohdaten
2021-04-07;518,64;Rohdaten
2021-04-08;518,64;Rohdaten
2021-04-09;518,63;Rohdaten
2021-04-10;518,63;Rohdaten
2021-04-11;518,64;Rohdaten
2021-04-12;518,64;Rohdaten
2021-04-13;518,65;Rohdaten
2021-04-14;518,65;Rohdaten
2021-04-15;518,65;Rohdaten
2021-04-16;518,64;Rohdaten
2021-04-17;518,64;Rohdaten
2021-04-18;518,64;Rohdaten
2021-04-19;518,63;Rohdaten
2021-04-20;518,64;Rohdaten
2021-04-21;518,63;Rohdaten
2021-04-22;518,63;Rohdaten
2021-04-23;518,63;Rohdaten
2021-04-24;518,62;Rohdaten
2021-04-25;518,62;Rohdaten
2021-04-26;518,61;Rohdaten
2021-04-27;518,61;Rohdaten
2021-04-28;518,60;Rohdaten
2021-04-29;518,62;Rohdaten
2021-04-30;518,61;Rohdaten
2021-05-01;518,61;Rohdaten
2021-05-02;518,66;Rohdaten
2021-05-03;518,65;Rohdaten
2021-05-04;518,64;Rohdaten
2021-05-05;518,66;Rohdaten
2021-05-06;518,66;Rohdaten
2021-05-07;518,69;Rohdaten
2021-05-08;518,69;Rohdaten
2021-05-09;518,67;Rohdaten
2021-05-10;518,68;Rohdaten
2021-05-11;518,69;Rohdaten
2021-05-12;518,72;Rohdaten
2021-05-13;518,74;Rohdaten
2021-05-14;518,75;Rohdaten
2021-05-15;518,75;Rohdaten
2021-05-16;518,75;Rohdaten
2021-05-17;518,76;Rohdaten
2021-05-18;518,76;Rohdaten
2021-05-19;518,76;Rohdaten
2021-05-20;518,77;Rohdaten
2021-05-21;518,77;Rohdaten
2021-05-22;518,79;Rohdaten
2021-05-23;518,79;Rohdaten
2021-05-24;518,79;Rohdaten
2021-05-25;518,81;Rohdaten
2021-05-26;518,80;Rohdaten
2021-05-27;518,81;Rohdaten
2021-05-28;518,81;Rohdaten
2021-05-29;518,80;Rohdaten
2021-05-30;518,79;Rohdaten
2021-05-31;518,79;Rohdaten
2021-06-01;518,78;Rohdaten
2021-06-02;518,78;Rohdaten
2021-06-03;518,77;Rohdaten
2021-06-04;518,77;Rohdaten
2021-06-05;518,79;Rohdaten
2021-06-06;518,88;Rohdaten
2021-06-07;518,87;Rohdaten
2021-06-08;518,87;Rohdaten
2021-06-09;518,84;Rohdaten
2021-06-10;518,80;Rohdaten
2021-06-11;518,79;Rohdaten
2021-06-12;518,81;Rohdaten
2021-06-13;518,80;Rohdaten
2021-06-14;518,77;Rohdaten
2021-06-15;518,80;Rohdaten
2021-06-16;518,82;Rohdaten
2021-06-17;518,83;Rohdaten
2021-06-18;518,82;Rohdaten
2021-06-19;518,81;Rohdaten
2021-06-20;518,80;Rohdaten
2021-06-21;518,80;Rohdaten
2021-06-22;518,83;Rohdaten
2021-06-23;518,80;Rohdaten
2021-06-24;518,83;Rohdaten
2021-06-25;518,83;Rohdaten
2021-06-26;518,80;Rohdaten
2021-06-27;518,81;Rohdaten
2021-06-28;518,82;Rohdaten
2021-06-29;518,85;Rohdaten
2021-06-30;518,83;Rohdaten
2021-07-01;518,80;Rohdaten
2021-07-02;518,79;Rohdaten
2021-07-03;518,79;Rohdaten
2021-07-04;518,80;Rohdaten
2021-07-05;518,82;Rohdaten
2021-07-06;518,84;Rohdaten
2021-07-07;518,86;Rohdaten
2021-07-08;518,86;Rohdaten
2021-07-09;518,91;Rohdaten
2021-07-10;518,89;Rohdaten
2021-07-11;518,88;Rohdaten
2021-07-12;518,90;Rohdaten
2021-07-13;518,92;Rohdaten
2021-07-14;518,91;Rohdaten
2021-07-15;518,90;Rohdaten
2021-07-16;518,88;Rohdaten
2021-07-17;518,88;Rohdaten
2021-07-18;518,89;Rohdaten
2021-07-19;518,90;Rohdaten
2021-07-20;518,89;Rohdaten
2021-07-21;518,88;Rohdaten
2021-07-22;518,88;Rohdaten
2021-07-23;518,88;Rohdaten
2021-07-24;518,89;Rohdaten
2021-07-25;518,90;Rohdaten
2021-07-26;518,89;Rohdaten
2021-07-27;518,88;Rohdaten
2021-07-28;518,87;Rohdaten
2021-07-29;518,88;Rohdaten
2021-07-30;518,89;Rohdaten
2021-07-31;518,86;Rohdaten
2021-08-01;518,87;Rohdaten
2021-08-02;518,87;Rohdaten
2021-08-03;518,86;Rohdaten
2021-08-04;518,85;Rohdaten
2021-08-05;518,88;Rohdaten
2021-08-06;518,90;Rohdaten
2021-08-07;518,89;Rohdaten
2021-08-08;518,88;Rohdaten
2021-08-09;518,89;Rohdaten
2021-08-10;518,89;Rohdaten
2021-08-11;518,89;Rohdaten
2021-08-12;518,88;Rohdaten
2021-08-13;518,88;Rohdaten
2021-08-14;518,87;Rohdaten
2021-08-15;518,86;Rohdaten
2021-08-16;518,87;Rohdaten
2021-08-17;518,88;Rohdaten
2021-08-18;518,87;Rohdaten
2021-08-19;518,87;Rohdaten
2021-08-20;518,86;Rohdaten
2021-08-21;518,85;Rohdaten
2021-08-22;518,84;Rohdaten
2021-08-23;518,85;Rohdaten
2021-08-24;518,84;Rohdaten
2021-08-25;518,84;Rohdaten
2021-08-26;518,82;Rohdaten
2021-08-27;518,80;Rohdaten
2021-08-28;518,80;Rohdaten
2021-08-29;518,82;Rohdaten
2021-08-30;518,90;Rohdaten
2021-08-31;518,96;Rohdaten
2021-09-01;518,95;Rohdaten
2021-09-02;518,96;Rohdaten
2021-09-03;518,95;Rohdaten
2021-09-04;518,95;Rohdaten
2021-09-05;518,94;Rohdaten
2021-09-06;518,93;Rohdaten
2021-09-07;518,92;Rohdaten
2021-09-08;518,90;Rohdaten
2021-09-09;518,89;Rohdaten
2021-09-10;518,89;Rohdaten
2021-09-11;518,90;Rohdaten
2021-09-12;518,90;Rohdaten
2021-09-13;518,89;Rohdaten
2021-09-14;518,88;Rohdaten
2021-09-15;518,87;Rohdaten
2021-09-16;518,87;Rohdaten
2021-09-17;518,88;Rohdaten
2021-09-18;518,88;Rohdaten
2021-09-19;518,87;Rohdaten
2021-09-20;518,86;Rohdaten
2021-09-21;518,85;Rohdaten
2021-09-22;518,85;Rohdaten
2021-09-23;518,84;Rohdaten
2021-09-24;518,83;Rohdaten
2021-09-25;518,82;Rohdaten
2021-09-26;518,82;Rohdaten
2021-09-27;518,84;Rohdaten
2021-09-28;518,83;Rohdaten
2021-09-29;518,83;Rohdaten
2021-09-30;518,83;Rohdaten
2021-10-01;518,82;Rohdaten
2021-10-02;518,82;Rohdaten
2021-10-03;518,81;Rohdaten
2021-10-04;518,80;Rohdaten
2021-10-05;518,80;Rohdaten
2021-10-06;518,80;Rohdaten
2021-10-07;518,80;Rohdaten
2021-10-08;518,79;Rohdaten
2021-10-09;518,79;Rohdaten
2021-10-10;518,80;Rohdaten
2021-10-11;518,80;Rohdaten
2021-10-12;518,79;Rohdaten
2021-10-13;518,80;Rohdaten
2021-10-14;518,80;Rohdaten
2021-10-15;518,79;Rohdaten
2021-10-16;518,80;Rohdaten
2021-10-17;518,80;Rohdaten
2021-10-18;518,79;Rohdaten
2021-10-19;518,80;Rohdaten
2021-10-20;518,79;Rohdaten
2021-10-21;518,79;Rohdaten
2021-10-22;518,79;Rohdaten
2021-10-23;518,78;Rohdaten
2021-10-24;518,78;Rohdaten
2021-10-25;518,78;Rohdaten
2021-10-26;518,76;Rohdaten
2021-10-27;518,75;Rohdaten
2021-10-28;518,77;Rohdaten
2021-10-29;518,76;Rohdaten
2021-10-30;518,75;Rohdaten
2021-10-31;518,75;Rohdaten
2021-11-01;518,76;Rohdaten
2021-11-02;518,77;Rohdaten
2021-11-03;518,81;Rohdaten
2021-11-04;518,82;Rohdaten
2021-11-05;518,82;Rohdaten
2021-11-06;518,81;Rohdaten
2021-11-07;518,81;Rohdaten
2021-11-08;518,81;Rohdaten
2021-11-09;518,79;Rohdaten
2021-11-10;518,80;Rohdaten
2021-11-11;518,80;Rohdaten
2021-11-12;518,79;Rohdaten
2021-11-13;518,79;Rohdaten
2021-11-14;518,80;Rohdaten
2021-11-15;518,79;Rohdaten
2021-11-16;518,79;Rohdaten
2021-11-17;518,78;Rohdaten
2021-11-18;518,78;Rohdaten
2021-11-19;518,78;Rohdaten
2021-11-20;518,77;Rohdaten
2021-11-21;518,77;Rohdaten
2021-11-22;518,77;Rohdaten
2021-11-23;518,77;Rohdaten
2021-11-24;518,76;Rohdaten
2021-11-25;518,76;Rohdaten
2021-11-26;518,76;Rohdaten
2021-11-27;518,75;Rohdaten
2021-11-28;518,75;Rohdaten
2021-11-29;518,75;Rohdaten
2021-11-30;518,74;Rohdaten
2021-12-01;518,73;Rohdaten
2021-12-02;518,74;Rohdaten
2021-12-03;518,73;Rohdaten
2021-12-04;518,72;Rohdaten
2021-12-05;518,74;Rohdaten
2021-12-06;518,75;Rohdaten
2021-12-07;518,75;Rohdaten
2021-12-08;518,75;Rohdaten
2021-12-09;518,75;Rohdaten
2021-12-10;518,75;Rohdaten
2021-12-11;518,76;Rohdaten
2021-12-12;518,76;Rohdaten
2021-12-13;518,76;Rohdaten
2021-12-14;518,76;Rohdaten
2021-12-15;518,76;Rohdaten
2021-12-16;518,76;Rohdaten
2021-12-17;518,75;Rohdaten
2021-12-18;518,76;Rohdaten
2021-12-19;518,76;Rohdaten
2021-12-20;518,76;Rohdaten
2021-12-21;518,75;Rohdaten
2021-12-22;518,75;Rohdaten
2021-12-23;518,75;Rohdaten
2021-12-24;518,75;Rohdaten
2021-12-25;518,76;Rohdaten
2021-12-26;518,76;Rohdaten
2021-12-27;518,76;Rohdaten
2021-12-28;518,77;Rohdaten
2021-12-29;518,79;Rohdaten
2021-12-30;518,81;Rohdaten
2021-12-31;518,81;Rohdaten
2022-01-01;518,81;Rohdaten
2022-01-02;518,80;Rohdaten
2022-01-03;518,80;Rohdaten
2022-01-04;518,80;Rohdaten
2022-01-05;518,81;Rohdaten
2022-01-06;518,81;Rohdaten
2022-01-07;518,81;Rohdaten
2022-01-08;518,82;Rohdaten
2022-01-09;518,81;Rohdaten
2022-01-10;518,82;Rohdaten
2022-01-11;518,82;Rohdaten
2022-01-12;518,81;Rohdaten
2022-01-13;518,81;Rohdaten
2022-01-14;518,81;Rohdaten
2022-01-15;518,81;Rohdaten
2022-01-16;518,81;Rohdaten
2022-01-17;518,80;Rohdaten
2022-01-18;518,80;Rohdaten
2022-01-19;518,80;Rohdaten
2022-01-20;518,80;Rohdaten
2022-01-21;518,80;Rohdaten
2022-01-22;518,79;Rohdaten
2022-01-23;518,80;Rohdaten
2022-01-24;518,79;Rohdaten
2022-01-25;518,79;Rohdaten
2022-01-26;518,79;Rohdaten
2022-01-27;518,79;Rohdaten
2022-01-28;518,78;Rohdaten
2022-01-29;518,78;Rohdaten
2022-01-30;518,78;Rohdaten
2022-01-31;518,79;Rohdaten
2022-02-01;518,79;Rohdaten
2022-02-02;518,78;Rohdaten
2022-02-03;518,78;Rohdaten
2022-02-04;518,78;Rohdaten
2022-02-05;518,77;Rohdaten
2022-02-06;518,77;Rohdaten
2022-02-07;518,78;Rohdaten
2022-02-08;518,78;Rohdaten
2022-02-09;518,78;Rohdaten
2022-02-10;518,77;Rohdaten
2022-02-11;518,77;Rohdaten
2022-02-12;518,77;Rohdaten
2022-02-13;518,77;Rohdaten
2022-02-14;518,76;Rohdaten
2022-02-15;518,76;Rohdaten
2022-02-16;518,76;Rohdaten
2022-02-17;518,76;Rohdaten
2022-02-18;518,77;Rohdaten
2022-02-19;518,76;Rohdaten
2022-02-20;518,76;Rohdaten
2022-02-21;518,75;Rohdaten
2022-02-22;518,75;Rohdaten
2022-02-23;518,74;Rohdaten
2022-02-24;518,74;Rohdaten
2022-02-25;518,73;Rohdaten
2022-02-26;518,73;Rohdaten
2022-02-27;518,73;Rohdaten
2022-02-28;518,72;Rohdaten
2022-03-01;518,72;Rohdaten
2022-03-02;518,71;Rohdaten
2022-03-03;518,71;Rohdaten
2022-03-04;518,70;Rohdaten
2022-03-05;518,69;Rohdaten
2022-03-06;518,69;Rohdaten
2022-03-07;518,69;Rohdaten
2022-03-08;518,68;Rohdaten
2022-03-09;518,69;Rohdaten
2022-03-10;518,69;Rohdaten
2022-03-11;518,68;Rohdaten
2022-03-12;518,69;Rohdaten
2022-03-13;518,69;Rohdaten
2022-03-14;518,70;Rohdaten
2022-03-15;518,69;Rohdaten
2022-03-16;518,68;Rohdaten
2022-03-17;518,66;Rohdaten
2022-03-18;518,65;Rohdaten
2022-03-19;518,64;Rohdaten
2022-03-20;518,63;Rohdaten
2022-03-21;518,63;Rohdaten
2022-03-22;518,64;Rohdaten
2022-03-23;518,65;Rohdaten
2022-03-24;518,65;Rohdaten
2022-03-25;518,65;Rohdaten
2022-03-26;518,63;Rohdaten
2022-03-27;518,63;Rohdaten
2022-03-28;518,63;Rohdaten
2022-03-29;518,62;Rohdaten
2022-03-30;518,60;Rohdaten
2022-03-31;518,57;Rohdaten
2022-04-01;518,57;Rohdaten
2022-04-02;518,57;Rohdaten
2022-04-03;518,57;Rohdaten
2022-04-04;518,56;Rohdaten
2022-04-05;518,56;Rohdaten
2022-04-06;518,57;Rohdaten
2022-04-07;518,59;Rohdaten
2022-04-08;518,58;Rohdaten
2022-04-09;518,59;Rohdaten
2022-04-10;518,56;Rohdaten
2022-04-11;518,56;Rohdaten
2022-04-12;518,57;Rohdaten
2022-04-13;518,58;Rohdaten
2022-04-14;518,57;Rohdaten
2022-04-15;518,55;Rohdaten
2022-04-16;518,54;Rohdaten
2022-04-17;518,53;Rohdaten
2022-04-18;518,53;Rohdaten
2022-04-19;518,53;Rohdaten
2022-04-20;518,53;Rohdaten
2022-04-21;518,53;Rohdaten
2022-04-22;518,53;Rohdaten
2022-04-23;518,53;Rohdaten
2022-04-24;518,52;Rohdaten
2022-04-25;518,51;Rohdaten
2022-04-26;518,53;Rohdaten
2022-04-27;518,53;Rohdaten
2022-04-28;518,53;Rohdaten
2022-04-29;518,53;Rohdaten
2022-04-30;518,52;Rohdaten
2022-05-01;518,51;Rohdaten
2022-05-02;518,51;Rohdaten
2022-05-03;518,51;Rohdaten
2022-05-04;518,51;Rohdaten
2022-05-05;518,52;Rohdaten
2022-05-06;518,53;Rohdaten
2022-05-07;518,53;Rohdaten
2022-05-08;518,53;Rohdaten
2022-05-09;518,52;Rohdaten
2022-05-10;518,51;Rohdaten
2022-05-11;518,51;Rohdaten
2022-05-12;518,50;Rohdaten
2022-05-13;518,53;Rohdaten
2022-05-14;518,54;Rohdaten
2022-05-15;518,54;Rohdaten
2022-05-16;518,55;Rohdaten
2022-05-17;518,55;Rohdaten
2022-05-18;518,54;Rohdaten
2022-05-19;518,54;Rohdaten
2022-05-20;518,54;Rohdaten
2022-05-21;518,53;Rohdaten
2022-05-22;518,52;Rohdaten
2022-05-23;518,52;Rohdaten
2022-05-24;518,56;Rohdaten
2022-05-25;518,58;Rohdaten
2022-05-26;518,59;Rohdaten
2022-05-27;518,58;Rohdaten
2022-05-28;518,58;Rohdaten
2022-05-29;518,58;Rohdaten
2022-05-30;518,57;Rohdaten
2022-05-31;518,58;Rohdaten
2022-06-01;518,58;Rohdaten
2022-06-02;518,57;Rohdaten
2022-06-03;518,59;Rohdaten
2022-06-04;518,62;Rohdaten
2022-06-05;518,62;Rohdaten
2022-06-06;518,63;Rohdaten
2022-06-07;518,65;Rohdaten
2022-06-08;518,65;Rohdaten
2022-06-09;518,67;Rohdaten
2022-06-10;518,69;Rohdaten
2022-06-11;518,70;Rohdaten
2022-06-12;518,70;Rohdaten
2022-06-13;518,73;Rohdaten
2022-06-14;518,71;Rohdaten
2022-06-15;518,70;Rohdaten
2022-06-16;518,71;Rohdaten
2022-06-17;518,73;Rohdaten
2022-06-18;518,73;Rohdaten
2022-06-19;518,73;Rohdaten
2022-06-20;518,72;Rohdaten
2022-06-21;518,70;Rohdaten
2022-06-22;518,67;Rohdaten
2022-06-23;518,65;Rohdaten
2022-06-24;518,68;Rohdaten
2022-06-25;518,68;Rohdaten
2022-06-26;518,66;Rohdaten
2022-06-27;518,69;Rohdaten
2022-06-28;518,72;Rohdaten
2022-06-29;518,72;Rohdaten
2022-06-30;518,72;Rohdaten
2022-07-01;518,71;Rohdaten
2022-07-02;518,71;Rohdaten
2022-07-03;518,70;Rohdaten
2022-07-04;518,70;Rohdaten
2022-07-05;518,70;Rohdaten
2022-07-06;518,69;Rohdaten
2022-07-07;518,68;Rohdaten
2022-07-08;518,68;Rohdaten
2022-07-09;518,65;Rohdaten
2022-07-10;518,64;Rohdaten
2022-07-11;518,64;Rohdaten
2022-07-12;518,64;Rohdaten
2022-07-13;518,63;Rohdaten
2022-07-14;518,62;Rohdaten
2022-07-15;518,62;Rohdaten
2022-07-16;518,61;Rohdaten
2022-07-17;518,61;Rohdaten
2022-07-18;518,61;Rohdaten
2022-07-19;518,62;Rohdaten
2022-07-20;518,60;Rohdaten
2022-07-21;518,60;Rohdaten
2022-07-22;518,59;Rohdaten
2022-07-23;518,58;Rohdaten
2022-07-24;518,57;Rohdaten
2022-07-25;518,57;Rohdaten
2022-07-26;518,62;Rohdaten
2022-07-27;518,59;Rohdaten
2022-07-28;518,59;Rohdaten
2022-07-29;518,58;Rohdaten
2022-07-30;518,58;Rohdaten
2022-07-31;518,56;Rohdaten
2022-08-01;518,56;Rohdaten
2022-08-02;518,56;Rohdaten
2022-08-03;518,55;Rohdaten
2022-08-04;518,55;Rohdaten
2022-08-05;518,55;Rohdaten
2022-08-06;518,56;Rohdaten
2022-08-07;518,54;Rohdaten
2022-08-08;518,53;Rohdaten
2022-08-09;518,53;Rohdaten
2022-08-10;518,53;Rohdaten
2022-08-11;518,52;Rohdaten
2022-08-12;518,52;Rohdaten
2022-08-13;518,51;Rohdaten
2022-08-14;518,50;Rohdaten
2022-08-15;518,50;Rohdaten
2022-08-16;518,49;Rohdaten
2022-08-17;518,50;Rohdaten
2022-08-18;518,51;Rohdaten
2022-08-19;518,51;Rohdaten
2022-08-20;518,53;Rohdaten
2022-08-21;518,54;Rohdaten
2022-08-22;518,52;Rohdaten
2022-08-23;518,53;Rohdaten
2022-08-24;518,54;Rohdaten
2022-08-25;518,54;Rohdaten
2022-08-26;518,49;Rohdaten
2022-08-27;518,48;Rohdaten
2022-08-28;518,50;Rohdaten
2022-08-29;518,50;Rohdaten
2022-08-30;518,50;Rohdaten
2022-08-31;518,49;Rohdaten
2022-09-01;518,49;Rohdaten
2022-09-02;518,50;Rohdaten
2022-09-03;518,50;Rohdaten
2022-09-04;518,50;Rohdaten
2022-09-05;518,49;Rohdaten
2022-09-06;518,50;Rohdaten
2022-09-07;518,51;Rohdaten
2022-09-08;518,51;Rohdaten
2022-09-09;518,49;Rohdaten
2022-09-10;518,44;Rohdaten
2022-09-11;518,43;Rohdaten
2022-09-12;518,44;Rohdaten
2022-09-13;518,47;Rohdaten
2022-09-14;518,49;Rohdaten
2022-09-15;518,49;Rohdaten
2022-09-16;518,44;Rohdaten
2022-09-17;518,39;Rohdaten
2022-09-18;518,37;Rohdaten
2022-09-19;518,37;Rohdaten
2022-09-20;518,36;Rohdaten
2022-09-21;518,36;Rohdaten
2022-09-22;518,36;Rohdaten
2022-09-23;518,36;Rohdaten
2022-09-24;518,36;Rohdaten
2022-09-25;518,35;Rohdaten
2022-09-26;518,35;Rohdaten
2022-09-27;518,34;Rohdaten
2022-09-28;518,34;Rohdaten
2022-09-29;518,35;Rohdaten
2022-09-30;518,35;Rohdaten
2022-10-01;518,36;Rohdaten
2022-10-02;518,40;Rohdaten
2022-10-03;518,49;Rohdaten
2022-10-04;518,48;Rohdaten
2022-10-05;518,50;Rohdaten
2022-10-06;518,49;Rohdaten
2022-10-07;518,48;Rohdaten
2022-10-08;518,48;Rohdaten
2022-10-09;518,46;Rohdaten
2022-10-10;518,45;Rohdaten
2022-10-11;518,47;Rohdaten
2022-10-12;518,46;Rohdaten
2022-10-13;518,46;Rohdaten
2022-10-14;518,46;Rohdaten
2022-10-15;518,50;Rohdaten
2022-10-16;518,49;Rohdaten
2022-10-17;518,47;Rohdaten
2022-10-18;518,47;Rohdaten
2022-10-19;518,46;Rohdaten
2022-10-20;518,44;Rohdaten
2022-10-21;518,45;Rohdaten
2022-10-22;518,46;Rohdaten
2022-10-23;518,43;Rohdaten
2022-10-24;518,46;Rohdaten
2022-10-25;518,46;Rohdaten
2022-10-26;518,45;Rohdaten
2022-10-27;518,45;Rohdaten
2022-10-28;518,45;Rohdaten
2022-10-29;518,43;Rohdaten
2022-10-30;518,42;Rohdaten
2022-10-31;518,41;Rohdaten
2022-11-01;518,41;Rohdaten
2022-11-02;518,40;Rohdaten
2022-11-03;518,37;Rohdaten
2022-11-04;518,36;Rohdaten
2022-11-05;518,36;Rohdaten
2022-11-06;518,35;Rohdaten
2022-11-07;518,35;Rohdaten
2022-11-08;518,36;Rohdaten
2022-11-09;518,35;Rohdaten
2022-11-10;518,34;Rohdaten
2022-11-11;518,33;Rohdaten
2022-11-12;518,32;Rohdaten
2022-11-13;518,31;Rohdaten
2022-11-14;518,31;Rohdaten
2022-11-15;518,30;Rohdaten
2022-11-16;518,30;Rohdaten
2022-11-17;518,30;Rohdaten
2022-11-18;518,32;Rohdaten
2022-11-19;518,33;Rohdaten
2022-11-20;518,33;Rohdaten
2022-11-21;518,32;Rohdaten
2022-11-22;518,32;Rohdaten
2022-11-23;518,32;Rohdaten
2022-11-24;518,31;Rohdaten
2022-11-25;518,33;Rohdaten
2022-11-26;518,38;Rohdaten
2022-11-27;518,38;Rohdaten
2022-11-28;518,38;Rohdaten
2022-11-29;518,39;Rohdaten
2022-11-30;518,39;Rohdaten
2022-12-01;518,39;Rohdaten
2022-12-02;518,39;Rohdaten
2022-12-03;518,39;Rohdaten
2022-12-04;518,38;Rohdaten
2022-12-05;518,38;Rohdaten
2022-12-06;518,36;Rohdaten
2022-12-07;518,23;Rohdaten
2022-12-08;518,24;Rohdaten
2022-12-09;518,06;Rohdaten
2022-12-10;517,88;Rohdaten
2022-12-11;518,26;Rohdaten
2022-12-12;518,35;Rohdaten
2022-12-13;518,35;Rohdaten
2022-12-14;518,36;Rohdaten
2022-12-15;518,35;Rohdaten
2022-12-16;518,35;Rohdaten
2022-12-17;518,35;Rohdaten
2022-12-18;518,35;Rohdaten
2022-12-19;518,35;Rohdaten
2022-12-20;518,34;Rohdaten
2022-12-21;518,35;Rohdaten
2022-12-22;518,36;Rohdaten
2022-12-23;518,37;Rohdaten
2022-12-24;518,42;Rohdaten
2022-12-25;518,43;Rohdaten
2022-12-26;518,43;Rohdaten
2022-12-27;518,45;Rohdaten
2022-12-28;518,46;Rohdaten
2022-12-29;518,47;Rohdaten
2022-12-30;518,46;Rohdaten
2022-12-31;518,45;Rohdaten
