﻿Quelle:;"Bayerisches Landesamt für Umwelt, www.gkd.bayern.de"
Datenbankabfrage:;"18.11.2023 16:31"
Zeitbezug:;MEZ
Messstellen-Name:;"München KP 16"
Messstellen-Nr.:;16811
Ostwert:;698833;Nordwert:;5333374;"ETRS89 / UTM Zone 32N"

Datum;"Grundwasserstand [m ü. NN]";Prüfstatus
2014-11-19;523,60;Rohdaten
2014-11-20;523,59;Rohdaten
2014-11-21;523,59;Rohdaten
2014-11-22;;Rohdaten
2014-11-23;523,58;Rohdaten
2014-11-24;523,58;Rohdaten
2014-11-25;523,57;Rohdaten
2014-11-26;;Rohdaten
2014-11-27;523,56;Rohdaten
2014-11-28;523,55;Rohdaten
2014-11-29;523,55;Rohdaten
2014-11-30;523,54;Rohdaten
2014-12-01;523,53;Rohdaten
2014-12-02;523,53;Rohdaten
2014-12-03;523,52;Rohdaten
2014-12-04;523,51;Rohdaten
2014-12-05;523,51;Rohdaten
2014-12-06;523,50;Rohdaten
2014-12-07;;Rohdaten
2014-12-08;;Rohdaten
2014-12-09;523,48;Rohdaten
2014-12-10;523,48;Rohdaten
2014-12-11;523,47;Rohdaten
2014-12-12;523,47;Rohdaten
2014-12-13;523,46;Rohdaten
2014-12-14;523,45;Rohdaten
2014-12-15;523,45;Rohdaten
2014-12-16;;Rohdaten
2014-12-17;523,44;Rohdaten
2014-12-18;523,45;Rohdaten
2014-12-19;523,44;Rohdaten
2014-12-20;523,47;Rohdaten
2014-12-21;;Rohdaten
2014-12-22;;Rohdaten
2014-12-23;523,45;Rohdaten
2014-12-24;523,45;Rohdaten
2014-12-25;;Rohdaten
2014-12-26;;Rohdaten
2014-12-27;523,44;Rohdaten
2014-12-28;523,44;Rohdaten
2014-12-29;523,43;Rohdaten
2014-12-30;523,43;Rohdaten
2014-12-31;523,42;Rohdaten
2015-01-01;523,42;Rohdaten
2015-01-02;523,41;Rohdaten
2015-01-03;523,44;Rohdaten
2015-01-04;523,53;Rohdaten
2015-01-05;523,58;Rohdaten
2015-01-06;523,61;Rohdaten
2015-01-07;;Rohdaten
2015-01-08;;Rohdaten
2015-01-09;523,63;Rohdaten
2015-01-10;523,63;Rohdaten
2015-01-11;523,63;Rohdaten
2015-01-12;523,64;Rohdaten
2015-01-13;523,64;Rohdaten
2015-01-14;523,63;Rohdaten
2015-01-15;523,63;Rohdaten
2015-01-16;523,62;Rohdaten
2015-01-17;523,62;Rohdaten
2015-01-18;523,63;Rohdaten
2015-01-19;523,63;Rohdaten
2015-01-20;523,63;Rohdaten
2015-01-21;523,62;Rohdaten
2015-01-22;523,62;Rohdaten
2015-01-23;523,61;Rohdaten
2015-01-24;523,61;Rohdaten
2015-01-25;523,60;Rohdaten
2015-01-26;523,60;Rohdaten
2015-01-27;523,60;Rohdaten
2015-01-28;523,60;Rohdaten
2015-01-29;523,60;Rohdaten
2015-01-30;523,61;Rohdaten
2015-01-31;523,61;Rohdaten
2015-02-01;523,60;Rohdaten
2015-02-02;523,60;Rohdaten
2015-02-03;523,59;Rohdaten
2015-02-04;523,59;Rohdaten
2015-02-05;523,58;Rohdaten
2015-02-06;523,58;Rohdaten
2015-02-07;523,57;Rohdaten
2015-02-08;523,57;Rohdaten
2015-02-09;523,56;Rohdaten
2015-02-10;523,56;Rohdaten
2015-02-11;523,55;Rohdaten
2015-02-12;523,55;Rohdaten
2015-02-13;523,54;Rohdaten
2015-02-14;523,54;Rohdaten
2015-02-15;523,53;Rohdaten
2015-02-16;523,53;Rohdaten
2015-02-17;523,52;Rohdaten
2015-02-18;523,51;Rohdaten
2015-02-19;523,51;Rohdaten
2015-02-20;523,50;Rohdaten
2015-02-21;523,50;Rohdaten
2015-02-22;523,50;Rohdaten
2015-02-23;523,49;Rohdaten
2015-02-24;523,50;Rohdaten
2015-02-25;523,49;Rohdaten
2015-02-26;523,49;Rohdaten
2015-02-27;523,49;Rohdaten
2015-02-28;523,49;Rohdaten
2015-03-01;523,49;Rohdaten
2015-03-02;523,50;Rohdaten
2015-03-03;523,51;Rohdaten
2015-03-04;523,52;Rohdaten
2015-03-05;523,52;Rohdaten
2015-03-06;523,52;Rohdaten
2015-03-07;523,52;Rohdaten
2015-03-08;523,52;Rohdaten
2015-03-09;523,52;Rohdaten
2015-03-10;523,51;Rohdaten
2015-03-11;523,51;Rohdaten
2015-03-12;523,51;Rohdaten
2015-03-13;523,50;Rohdaten
2015-03-14;523,50;Rohdaten
2015-03-15;523,49;Rohdaten
2015-03-16;523,49;Rohdaten
2015-03-17;523,48;Rohdaten
2015-03-18;523,48;Rohdaten
2015-03-19;523,47;Rohdaten
2015-03-20;523,47;Rohdaten
2015-03-21;523,46;Rohdaten
2015-03-22;523,47;Rohdaten
2015-03-23;523,46;Rohdaten
2015-03-24;523,45;Rohdaten
2015-03-25;523,45;Rohdaten
2015-03-26;523,44;Rohdaten
2015-03-27;523,44;Rohdaten
2015-03-28;523,43;Rohdaten
2015-03-29;523,43;Rohdaten
2015-03-30;523,45;Rohdaten
2015-03-31;523,46;Rohdaten
2015-04-01;523,47;Rohdaten
2015-04-02;523,47;Rohdaten
2015-04-03;523,48;Rohdaten
2015-04-04;523,48;Rohdaten
2015-04-05;523,49;Rohdaten
2015-04-06;523,49;Rohdaten
2015-04-07;523,49;Rohdaten
2015-04-08;523,49;Rohdaten
2015-04-09;523,48;Rohdaten
2015-04-10;523,48;Rohdaten
2015-04-11;523,48;Rohdaten
2015-04-12;523,47;Rohdaten
2015-04-13;523,47;Rohdaten
2015-04-14;523,46;Rohdaten
2015-04-15;523,46;Rohdaten
2015-04-16;523,45;Rohdaten
2015-04-17;523,45;Rohdaten
2015-04-18;523,46;Rohdaten
2015-04-19;523,45;Rohdaten
2015-04-20;523,44;Rohdaten
2015-04-21;523,44;Rohdaten
2015-04-22;523,43;Rohdaten
2015-04-23;523,43;Rohdaten
2015-04-24;523,42;Rohdaten
2015-04-25;523,42;Rohdaten
2015-04-26;523,41;Rohdaten
2015-04-27;523,41;Rohdaten
2015-04-28;523,41;Rohdaten
2015-04-29;523,42;Rohdaten
2015-04-30;523,41;Rohdaten
2015-05-01;523,43;Rohdaten
2015-05-02;523,49;Rohdaten
2015-05-03;523,52;Rohdaten
2015-05-04;523,54;Rohdaten
2015-05-05;523,55;Rohdaten
2015-05-06;523,58;Rohdaten
2015-05-07;523,61;Rohdaten
2015-05-08;523,62;Rohdaten
2015-05-09;523,63;Rohdaten
2015-05-10;;Rohdaten
2015-05-11;;Rohdaten
2015-05-12;523,63;Rohdaten
2015-05-13;523,62;Rohdaten
2015-05-14;523,62;Rohdaten
2015-05-15;523,61;Rohdaten
2015-05-16;523,61;Rohdaten
2015-05-17;523,60;Rohdaten
2015-05-18;523,59;Rohdaten
2015-05-19;523,59;Rohdaten
2015-05-20;523,66;Rohdaten
2015-05-21;523,72;Rohdaten
2015-05-22;523,74;Rohdaten
2015-05-23;523,74;Rohdaten
2015-05-24;523,76;Rohdaten
2015-05-25;523,77;Rohdaten
2015-05-26;523,77;Rohdaten
2015-05-27;523,77;Rohdaten
2015-05-28;523,77;Rohdaten
2015-05-29;523,76;Rohdaten
2015-05-30;523,76;Rohdaten
2015-05-31;523,75;Rohdaten
2015-06-01;523,75;Rohdaten
2015-06-02;;Rohdaten
2015-06-03;523,76;Rohdaten
2015-06-04;523,76;Rohdaten
2015-06-05;523,75;Rohdaten
2015-06-06;523,75;Rohdaten
2015-06-07;523,76;Rohdaten
2015-06-08;;Rohdaten
2015-06-09;523,85;Rohdaten
2015-06-10;523,86;Rohdaten
2015-06-11;523,86;Rohdaten
2015-06-12;523,86;Rohdaten
2015-06-13;523,86;Rohdaten
2015-06-14;523,86;Rohdaten
2015-06-15;523,92;Rohdaten
2015-06-16;523,95;Rohdaten
2015-06-17;523,96;Rohdaten
2015-06-18;523,96;Rohdaten
2015-06-19;523,97;Rohdaten
2015-06-20;523,97;Rohdaten
2015-06-21;523,97;Rohdaten
2015-06-22;523,98;Rohdaten
2015-06-23;523,99;Rohdaten
2015-06-24;523,98;Rohdaten
2015-06-25;523,98;Rohdaten
2015-06-26;523,97;Rohdaten
2015-06-27;523,97;Rohdaten
2015-06-28;523,96;Rohdaten
2015-06-29;523,95;Rohdaten
2015-06-30;523,95;Rohdaten
2015-07-01;523,94;Rohdaten
2015-07-02;523,94;Rohdaten
2015-07-03;523,94;Rohdaten
2015-07-04;523,94;Rohdaten
2015-07-05;523,93;Rohdaten
2015-07-06;523,93;Rohdaten
2015-07-07;523,93;Rohdaten
2015-07-08;523,93;Rohdaten
2015-07-09;523,92;Rohdaten
2015-07-10;523,92;Rohdaten
2015-07-11;523,92;Rohdaten
2015-07-12;523,92;Rohdaten
2015-07-13;523,91;Rohdaten
2015-07-14;523,91;Rohdaten
2015-07-15;523,90;Rohdaten
2015-07-16;523,90;Rohdaten
2015-07-17;523,90;Rohdaten
2015-07-18;523,89;Rohdaten
2015-07-19;523,89;Rohdaten
2015-07-20;523,89;Rohdaten
2015-07-21;523,88;Rohdaten
2015-07-22;523,88;Rohdaten
2015-07-23;523,88;Rohdaten
2015-07-24;523,87;Rohdaten
2015-07-25;523,87;Rohdaten
2015-07-26;523,87;Rohdaten
2015-07-27;523,87;Rohdaten
2015-07-28;523,87;Rohdaten
2015-07-29;523,87;Rohdaten
2015-07-30;523,86;Rohdaten
2015-07-31;523,86;Rohdaten
2015-08-01;523,86;Rohdaten
2015-08-02;523,85;Rohdaten
2015-08-03;523,85;Rohdaten
2015-08-04;523,85;Rohdaten
2015-08-05;523,84;Rohdaten
2015-08-06;523,84;Rohdaten
2015-08-07;523,83;Rohdaten
2015-08-08;523,83;Rohdaten
2015-08-09;523,84;Rohdaten
2015-08-10;523,83;Rohdaten
2015-08-11;523,82;Rohdaten
2015-08-12;523,82;Rohdaten
2015-08-13;523,81;Rohdaten
2015-08-14;523,81;Rohdaten
2015-08-15;523,80;Rohdaten
2015-08-16;523,81;Rohdaten
2015-08-17;523,81;Rohdaten
2015-08-18;523,81;Rohdaten
2015-08-19;523,80;Rohdaten
2015-08-20;523,79;Rohdaten
2015-08-21;523,80;Rohdaten
2015-08-22;523,79;Rohdaten
2015-08-23;523,79;Rohdaten
2015-08-24;523,81;Rohdaten
2015-08-25;523,82;Rohdaten
2015-08-26;523,81;Rohdaten
2015-08-27;523,80;Rohdaten
2015-08-28;523,80;Rohdaten
2015-08-29;523,79;Rohdaten
2015-08-30;523,79;Rohdaten
2015-08-31;523,78;Rohdaten
2015-09-01;523,78;Rohdaten
2015-09-02;523,80;Rohdaten
2015-09-03;523,81;Rohdaten
2015-09-04;523,82;Rohdaten
2015-09-05;523,82;Rohdaten
2015-09-06;523,82;Rohdaten
2015-09-07;523,81;Rohdaten
2015-09-08;523,80;Rohdaten
2015-09-09;523,79;Rohdaten
2015-09-10;523,78;Rohdaten
2015-09-11;523,78;Rohdaten
2015-09-12;523,77;Rohdaten
2015-09-13;523,76;Rohdaten
2015-09-14;523,75;Rohdaten
2015-09-15;523,75;Rohdaten
2015-09-16;523,74;Rohdaten
2015-09-17;523,74;Rohdaten
2015-09-18;523,73;Rohdaten
2015-09-19;523,72;Rohdaten
2015-09-20;523,72;Rohdaten
2015-09-21;523,72;Rohdaten
2015-09-22;523,71;Rohdaten
2015-09-23;523,71;Rohdaten
2015-09-24;523,71;Rohdaten
2015-09-25;523,70;Rohdaten
2015-09-26;523,69;Rohdaten
2015-09-27;523,69;Rohdaten
2015-09-28;523,68;Rohdaten
2015-09-29;523,67;Rohdaten
2015-09-30;523,67;Rohdaten
2015-10-01;523,66;Rohdaten
2015-10-02;523,65;Rohdaten
2015-10-03;523,65;Rohdaten
2015-10-04;523,64;Rohdaten
2015-10-05;523,64;Rohdaten
2015-10-06;523,63;Rohdaten
2015-10-07;523,64;Rohdaten
2015-10-08;523,66;Rohdaten
2015-10-09;523,65;Rohdaten
2015-10-10;523,64;Rohdaten
2015-10-11;523,64;Rohdaten
2015-10-12;523,63;Rohdaten
2015-10-13;523,62;Rohdaten
2015-10-14;523,65;Rohdaten
2015-10-15;523,68;Rohdaten
2015-10-16;523,68;Rohdaten
2015-10-17;523,68;Rohdaten
2015-10-18;523,68;Rohdaten
2015-10-19;523,69;Rohdaten
2015-10-20;523,69;Rohdaten
2015-10-21;523,68;Rohdaten
2015-10-22;523,67;Rohdaten
2015-10-23;523,66;Rohdaten
2015-10-24;523,66;Rohdaten
2015-10-25;523,65;Rohdaten
2015-10-26;523,64;Rohdaten
2015-10-27;523,63;Rohdaten
2015-10-28;523,62;Rohdaten
2015-10-29;523,61;Rohdaten
2015-10-30;523,61;Rohdaten
2015-10-31;523,60;Rohdaten
2015-11-01;523,59;Rohdaten
2015-11-02;523,59;Rohdaten
2015-11-03;523,58;Rohdaten
2015-11-04;523,57;Rohdaten
2015-11-05;523,56;Rohdaten
2015-11-06;523,56;Rohdaten
2015-11-07;523,55;Rohdaten
2015-11-08;523,54;Rohdaten
2015-11-09;523,54;Rohdaten
2015-11-10;523,53;Rohdaten
2015-11-11;523,52;Rohdaten
2015-11-12;523,52;Rohdaten
2015-11-13;523,51;Rohdaten
2015-11-14;523,51;Rohdaten
2015-11-15;523,50;Rohdaten
2015-11-16;523,49;Rohdaten
2015-11-17;523,49;Rohdaten
2015-11-18;523,48;Rohdaten
2015-11-19;523,47;Rohdaten
2015-11-20;523,50;Rohdaten
2015-11-21;523,61;Rohdaten
2015-11-22;523,61;Rohdaten
2015-11-23;523,60;Rohdaten
2015-11-24;523,60;Rohdaten
2015-11-25;523,59;Rohdaten
2015-11-26;523,59;Rohdaten
2015-11-27;523,58;Rohdaten
2015-11-28;523,57;Rohdaten
2015-11-29;523,57;Rohdaten
2015-11-30;523,56;Rohdaten
2015-12-01;523,55;Rohdaten
2015-12-02;523,54;Rohdaten
2015-12-03;523,53;Rohdaten
2015-12-04;523,52;Rohdaten
2015-12-05;523,52;Rohdaten
2015-12-06;523,51;Rohdaten
2015-12-07;523,50;Rohdaten
2015-12-08;523,49;Rohdaten
2015-12-09;523,48;Rohdaten
2015-12-10;523,48;Rohdaten
2015-12-11;523,47;Rohdaten
2015-12-12;523,47;Rohdaten
2015-12-13;523,46;Rohdaten
2015-12-14;523,45;Rohdaten
2015-12-15;523,44;Rohdaten
2015-12-16;523,44;Rohdaten
2015-12-17;523,44;Rohdaten
2015-12-18;523,43;Rohdaten
2015-12-19;523,42;Rohdaten
2015-12-20;523,42;Rohdaten
2015-12-21;523,41;Rohdaten
2015-12-22;523,40;Rohdaten
2015-12-23;523,40;Rohdaten
2015-12-24;523,39;Rohdaten
2015-12-25;523,39;Rohdaten
2015-12-26;523,38;Rohdaten
2015-12-27;523,37;Rohdaten
2015-12-28;523,37;Rohdaten
2015-12-29;523,36;Rohdaten
2015-12-30;523,35;Rohdaten
2015-12-31;523,35;Rohdaten
2016-01-01;523,35;Rohdaten
2016-01-02;523,34;Rohdaten
2016-01-03;523,35;Rohdaten
2016-01-04;523,35;Rohdaten
2016-01-05;523,34;Rohdaten
2016-01-06;523,34;Rohdaten
2016-01-07;523,34;Rohdaten
2016-01-08;523,34;Rohdaten
2016-01-09;523,35;Rohdaten
2016-01-10;523,36;Rohdaten
2016-01-11;523,37;Rohdaten
2016-01-12;523,37;Rohdaten
2016-01-13;523,38;Rohdaten
2016-01-14;523,38;Rohdaten
2016-01-15;523,39;Rohdaten
2016-01-16;523,39;Rohdaten
2016-01-17;523,39;Rohdaten
2016-01-18;523,38;Rohdaten
2016-01-19;523,38;Rohdaten
2016-01-20;523,37;Rohdaten
2016-01-21;523,38;Rohdaten
2016-01-22;523,37;Rohdaten
2016-01-23;523,37;Rohdaten
2016-01-24;523,37;Rohdaten
2016-01-25;523,36;Rohdaten
2016-01-26;523,36;Rohdaten
2016-01-27;523,35;Rohdaten
2016-01-28;523,35;Rohdaten
2016-01-29;523,35;Rohdaten
2016-01-30;523,34;Rohdaten
2016-01-31;523,37;Rohdaten
2016-02-01;523,43;Rohdaten
2016-02-02;523,46;Rohdaten
2016-02-03;523,49;Rohdaten
2016-02-04;523,51;Rohdaten
2016-02-05;523,53;Rohdaten
2016-02-06;523,54;Rohdaten
2016-02-07;523,55;Rohdaten
2016-02-08;523,55;Rohdaten
2016-02-09;523,55;Rohdaten
2016-02-10;523,55;Rohdaten
2016-02-11;523,54;Rohdaten
2016-02-12;523,54;Rohdaten
2016-02-13;523,53;Rohdaten
2016-02-14;523,53;Rohdaten
2016-02-15;523,52;Rohdaten
2016-02-16;523,52;Rohdaten
2016-02-17;523,51;Rohdaten
2016-02-18;523,50;Rohdaten
2016-02-19;523,50;Rohdaten
2016-02-20;523,49;Rohdaten
2016-02-21;523,51;Rohdaten
2016-02-22;523,50;Rohdaten
2016-02-23;523,49;Rohdaten
2016-02-24;523,49;Rohdaten
2016-02-25;523,49;Rohdaten
2016-02-26;523,49;Rohdaten
2016-02-27;523,49;Rohdaten
2016-02-28;523,49;Rohdaten
2016-02-29;523,50;Rohdaten
2016-03-01;523,53;Rohdaten
2016-03-02;523,54;Rohdaten
2016-03-03;523,58;Rohdaten
2016-03-04;523,61;Rohdaten
2016-03-05;523,63;Rohdaten
2016-03-06;523,65;Rohdaten
2016-03-07;523,66;Rohdaten
2016-03-08;523,67;Rohdaten
2016-03-09;523,67;Rohdaten
2016-03-10;523,67;Rohdaten
2016-03-11;523,66;Rohdaten
2016-03-12;523,66;Rohdaten
2016-03-13;523,66;Rohdaten
2016-03-14;523,65;Rohdaten
2016-03-15;523,65;Rohdaten
2016-03-16;523,64;Rohdaten
2016-03-17;523,64;Rohdaten
2016-03-18;523,64;Rohdaten
2016-03-19;523,63;Rohdaten
2016-03-20;523,63;Rohdaten
2016-03-21;523,62;Rohdaten
2016-03-22;523,62;Rohdaten
2016-03-23;523,62;Rohdaten
2016-03-24;523,61;Rohdaten
2016-03-25;523,61;Rohdaten
2016-03-26;523,62;Rohdaten
2016-03-27;523,62;Rohdaten
2016-03-28;523,62;Rohdaten
2016-03-29;523,62;Rohdaten
2016-03-30;523,61;Rohdaten
2016-03-31;523,61;Rohdaten
2016-04-01;523,60;Rohdaten
2016-04-02;523,60;Rohdaten
2016-04-03;523,60;Rohdaten
2016-04-04;523,59;Rohdaten
2016-04-05;523,59;Rohdaten
2016-04-06;523,59;Rohdaten
2016-04-07;523,58;Rohdaten
2016-04-08;523,58;Rohdaten
2016-04-09;523,58;Rohdaten
2016-04-10;523,58;Rohdaten
2016-04-11;523,57;Rohdaten
2016-04-12;523,57;Rohdaten
2016-04-13;523,57;Rohdaten
2016-04-14;523,58;Rohdaten
2016-04-15;523,58;Rohdaten
2016-04-16;523,57;Rohdaten
2016-04-17;523,58;Rohdaten
2016-04-18;523,61;Rohdaten
2016-04-19;523,61;Rohdaten
2016-04-20;523,60;Rohdaten
2016-04-21;523,60;Rohdaten
2016-04-22;523,60;Rohdaten
2016-04-23;523,60;Rohdaten
2016-04-24;523,61;Rohdaten
2016-04-25;523,61;Rohdaten
2016-04-26;523,61;Rohdaten
2016-04-27;523,61;Rohdaten
2016-04-28;523,61;Rohdaten
2016-04-29;523,60;Rohdaten
2016-04-30;523,60;Rohdaten
2016-05-01;523,60;Rohdaten
2016-05-02;523,60;Rohdaten
2016-05-03;523,59;Rohdaten
2016-05-04;523,59;Rohdaten
2016-05-05;523,59;Rohdaten
2016-05-06;523,58;Rohdaten
2016-05-07;523,58;Rohdaten
2016-05-08;523,57;Rohdaten
2016-05-09;523,56;Rohdaten
2016-05-10;523,56;Rohdaten
2016-05-11;523,55;Rohdaten
2016-05-12;523,55;Rohdaten
2016-05-13;523,55;Rohdaten
2016-05-14;523,57;Rohdaten
2016-05-15;523,59;Rohdaten
2016-05-16;523,59;Rohdaten
2016-05-17;523,59;Rohdaten
2016-05-18;523,59;Rohdaten
2016-05-19;523,59;Rohdaten
2016-05-20;523,60;Rohdaten
2016-05-21;523,59;Rohdaten
2016-05-22;523,59;Rohdaten
2016-05-23;523,58;Rohdaten
2016-05-24;523,64;Rohdaten
2016-05-25;523,68;Rohdaten
2016-05-26;523,69;Rohdaten
2016-05-27;523,69;Rohdaten
2016-05-28;523,69;Rohdaten
2016-05-29;523,69;Rohdaten
2016-05-30;523,69;Rohdaten
2016-05-31;523,69;Rohdaten
2016-06-01;523,70;Rohdaten
2016-06-02;523,70;Rohdaten
2016-06-03;523,70;Rohdaten
2016-06-04;523,71;Rohdaten
2016-06-05;523,70;Rohdaten
2016-06-06;523,69;Rohdaten
2016-06-07;523,68;Rohdaten
2016-06-08;523,68;Rohdaten
2016-06-09;523,68;Rohdaten
2016-06-10;523,68;Rohdaten
2016-06-11;523,68;Rohdaten
2016-06-12;523,67;Rohdaten
2016-06-13;523,67;Rohdaten
2016-06-14;523,66;Rohdaten
2016-06-15;523,68;Rohdaten
2016-06-16;523,68;Rohdaten
2016-06-17;523,70;Rohdaten
2016-06-18;523,70;Rohdaten
2016-06-19;523,77;Rohdaten
2016-06-20;523,80;Rohdaten
2016-06-21;523,81;Rohdaten
2016-06-22;523,81;Rohdaten
2016-06-23;523,81;Rohdaten
2016-06-24;523,80;Rohdaten
2016-06-25;523,80;Rohdaten
2016-06-26;523,81;Rohdaten
2016-06-27;523,81;Rohdaten
2016-06-28;523,80;Rohdaten
2016-06-29;523,80;Rohdaten
2016-06-30;523,79;Rohdaten
2016-07-01;523,79;Rohdaten
2016-07-02;523,78;Rohdaten
2016-07-03;523,78;Rohdaten
2016-07-04;523,77;Rohdaten
2016-07-05;523,76;Rohdaten
2016-07-06;523,75;Rohdaten
2016-07-07;523,74;Rohdaten
2016-07-08;523,74;Rohdaten
2016-07-09;523,73;Rohdaten
2016-07-10;523,73;Rohdaten
2016-07-11;523,72;Rohdaten
2016-07-12;523,76;Rohdaten
2016-07-13;523,88;Rohdaten
2016-07-14;523,93;Rohdaten
2016-07-15;523,94;Rohdaten
2016-07-16;523,94;Rohdaten
2016-07-17;523,94;Rohdaten
2016-07-18;523,93;Rohdaten
2016-07-19;523,91;Rohdaten
2016-07-20;523,90;Rohdaten
2016-07-21;523,90;Rohdaten
2016-07-22;523,90;Rohdaten
2016-07-23;523,89;Rohdaten
2016-07-24;523,89;Rohdaten
2016-07-25;523,88;Rohdaten
2016-07-26;523,88;Rohdaten
2016-07-27;523,87;Rohdaten
2016-07-28;523,89;Rohdaten
2016-07-29;523,88;Rohdaten
2016-07-30;523,88;Rohdaten
2016-07-31;523,88;Rohdaten
2016-08-01;523,87;Rohdaten
2016-08-02;523,86;Rohdaten
2016-08-03;523,86;Rohdaten
2016-08-04;523,86;Rohdaten
2016-08-05;523,92;Rohdaten
2016-08-06;523,96;Rohdaten
2016-08-07;523,96;Rohdaten
2016-08-08;523,95;Rohdaten
2016-08-09;523,96;Rohdaten
2016-08-10;523,96;Rohdaten
2016-08-11;523,96;Rohdaten
2016-08-12;523,96;Rohdaten
2016-08-13;523,95;Rohdaten
2016-08-14;523,95;Rohdaten
2016-08-15;523,94;Rohdaten
2016-08-16;523,94;Rohdaten
2016-08-17;523,93;Rohdaten
2016-08-18;523,95;Rohdaten
2016-08-19;523,97;Rohdaten
2016-08-20;523,97;Rohdaten
2016-08-21;523,97;Rohdaten
2016-08-22;523,96;Rohdaten
2016-08-23;523,95;Rohdaten
2016-08-24;523,95;Rohdaten
2016-08-25;523,95;Rohdaten
2016-08-26;523,94;Rohdaten
2016-08-27;523,94;Rohdaten
2016-08-28;523,93;Rohdaten
2016-08-29;523,93;Rohdaten
2016-08-30;523,94;Rohdaten
2016-08-31;523,93;Rohdaten
2016-09-01;523,93;Rohdaten
2016-09-02;523,92;Rohdaten
2016-09-03;523,92;Rohdaten
2016-09-04;523,92;Rohdaten
2016-09-05;523,95;Rohdaten
2016-09-06;523,96;Rohdaten
2016-09-07;523,96;Rohdaten
2016-09-08;523,95;Rohdaten
2016-09-09;523,94;Rohdaten
2016-09-10;523,94;Rohdaten
2016-09-11;523,93;Rohdaten
2016-09-12;523,92;Rohdaten
2016-09-13;523,92;Rohdaten
2016-09-14;523,91;Rohdaten
2016-09-15;523,91;Rohdaten
2016-09-16;523,90;Rohdaten
2016-09-17;523,97;Rohdaten
2016-09-18;524,04;Rohdaten
2016-09-19;524,07;Rohdaten
2016-09-20;524,10;Rohdaten
2016-09-21;524,11;Rohdaten
2016-09-22;524,11;Rohdaten
2016-09-23;524,11;Rohdaten
2016-09-24;524,10;Rohdaten
2016-09-25;524,09;Rohdaten
2016-09-26;524,08;Rohdaten
2016-09-27;524,07;Rohdaten
2016-09-28;524,06;Rohdaten
2016-09-29;524,05;Rohdaten
2016-09-30;524,05;Rohdaten
2016-10-01;524,04;Rohdaten
2016-10-02;524,03;Rohdaten
2016-10-03;524,03;Rohdaten
2016-10-04;524,02;Rohdaten
2016-10-05;524,02;Rohdaten
2016-10-06;524,02;Rohdaten
2016-10-07;524,01;Rohdaten
2016-10-08;524,01;Rohdaten
2016-10-09;524,00;Rohdaten
2016-10-10;524,00;Rohdaten
2016-10-11;523,99;Rohdaten
2016-10-12;523,98;Rohdaten
2016-10-13;523,98;Rohdaten
2016-10-14;523,97;Rohdaten
2016-10-15;523,97;Rohdaten
2016-10-16;523,96;Rohdaten
2016-10-17;523,96;Rohdaten
2016-10-18;523,97;Rohdaten
2016-10-19;523,98;Rohdaten
2016-10-20;523,97;Rohdaten
2016-10-21;523,96;Rohdaten
2016-10-22;523,96;Rohdaten
2016-10-23;523,95;Rohdaten
2016-10-24;523,95;Rohdaten
2016-10-25;523,94;Rohdaten
2016-10-26;523,95;Rohdaten
2016-10-27;523,94;Rohdaten
2016-10-28;523,94;Rohdaten
2016-10-29;523,93;Rohdaten
2016-10-30;523,93;Rohdaten
2016-10-31;523,92;Rohdaten
2016-11-01;523,92;Rohdaten
2016-11-02;523,92;Rohdaten
2016-11-03;523,91;Rohdaten
2016-11-04;523,91;Rohdaten
2016-11-05;523,91;Rohdaten
2016-11-06;523,93;Rohdaten
2016-11-07;523,95;Rohdaten
2016-11-08;523,95;Rohdaten
2016-11-09;523,95;Rohdaten
2016-11-10;523,95;Rohdaten
2016-11-11;523,97;Rohdaten
2016-11-12;523,98;Rohdaten
2016-11-13;523,99;Rohdaten
2016-11-14;523,98;Rohdaten
2016-11-15;523,98;Rohdaten
2016-11-16;523,99;Rohdaten
2016-11-17;524,00;Rohdaten
2016-11-18;524,00;Rohdaten
2016-11-19;524,00;Rohdaten
2016-11-20;524,01;Rohdaten
2016-11-21;524,00;Rohdaten
2016-11-22;524,00;Rohdaten
2016-11-23;523,99;Rohdaten
2016-11-24;523,98;Rohdaten
2016-11-25;523,98;Rohdaten
2016-11-26;523,97;Rohdaten
2016-11-27;523,97;Rohdaten
2016-11-28;523,96;Rohdaten
2016-11-29;523,95;Rohdaten
2016-11-30;523,94;Rohdaten
2016-12-01;523,94;Rohdaten
2016-12-02;523,93;Rohdaten
2016-12-03;523,93;Rohdaten
2016-12-04;523,92;Rohdaten
2016-12-05;523,91;Rohdaten
2016-12-06;523,91;Rohdaten
2016-12-07;523,90;Rohdaten
2016-12-08;523,89;Rohdaten
2016-12-09;523,89;Rohdaten
2016-12-10;523,88;Rohdaten
2016-12-11;523,88;Rohdaten
2016-12-12;523,87;Rohdaten
2016-12-13;523,86;Rohdaten
2016-12-14;523,86;Rohdaten
2016-12-15;523,85;Rohdaten
2016-12-16;523,85;Rohdaten
2016-12-17;523,84;Rohdaten
2016-12-18;523,84;Rohdaten
2016-12-19;523,83;Rohdaten
2016-12-20;523,83;Rohdaten
2016-12-21;523,82;Rohdaten
2016-12-22;523,82;Rohdaten
2016-12-23;523,81;Rohdaten
2016-12-24;523,80;Rohdaten
2016-12-25;523,80;Rohdaten
2016-12-26;523,79;Rohdaten
2016-12-27;523,79;Rohdaten
2016-12-28;523,78;Rohdaten
2016-12-29;523,77;Rohdaten
2016-12-30;523,77;Rohdaten
2016-12-31;523,76;Rohdaten
2017-01-01;523,76;Rohdaten
2017-01-02;523,75;Rohdaten
2017-01-03;523,74;Rohdaten
2017-01-04;523,74;Rohdaten
2017-01-05;523,73;Rohdaten
2017-01-06;523,73;Rohdaten
2017-01-07;523,72;Rohdaten
2017-01-08;523,72;Rohdaten
2017-01-09;523,71;Rohdaten
2017-01-10;523,71;Rohdaten
2017-01-11;523,70;Rohdaten
2017-01-12;523,71;Rohdaten
2017-01-13;523,72;Rohdaten
2017-01-14;523,72;Rohdaten
2017-01-15;523,71;Rohdaten
2017-01-16;523,71;Rohdaten
2017-01-17;523,70;Rohdaten
2017-01-18;523,69;Rohdaten
2017-01-19;523,69;Rohdaten
2017-01-20;523,68;Rohdaten
2017-01-21;523,68;Rohdaten
2017-01-22;523,67;Rohdaten
2017-01-23;523,66;Rohdaten
2017-01-24;523,66;Rohdaten
2017-01-25;523,65;Rohdaten
2017-01-26;523,65;Rohdaten
2017-01-27;523,64;Rohdaten
2017-01-28;523,63;Rohdaten
2017-01-29;523,63;Rohdaten
2017-01-30;523,62;Rohdaten
2017-01-31;523,64;Rohdaten
2017-02-01;523,66;Rohdaten
2017-02-02;523,66;Rohdaten
2017-02-03;523,66;Rohdaten
2017-02-04;523,65;Rohdaten
2017-02-05;523,65;Rohdaten
2017-02-06;523,64;Rohdaten
2017-02-07;523,64;Rohdaten
2017-02-08;523,64;Rohdaten
2017-02-09;523,63;Rohdaten
2017-02-10;523,63;Rohdaten
2017-02-11;523,62;Rohdaten
2017-02-12;523,62;Rohdaten
2017-02-13;523,61;Rohdaten
2017-02-14;523,61;Rohdaten
2017-02-15;523,61;Rohdaten
2017-02-16;523,60;Rohdaten
2017-02-17;523,60;Rohdaten
2017-02-18;523,62;Rohdaten
2017-02-19;523,61;Rohdaten
2017-02-20;523,61;Rohdaten
2017-02-21;523,61;Rohdaten
2017-02-22;523,61;Rohdaten
2017-02-23;523,60;Rohdaten
2017-02-24;523,60;Rohdaten
2017-02-25;523,59;Rohdaten
2017-02-26;523,59;Rohdaten
2017-02-27;523,59;Rohdaten
2017-02-28;523,59;Rohdaten
2017-03-01;523,60;Rohdaten
2017-03-02;523,61;Rohdaten
2017-03-03;523,61;Rohdaten
2017-03-04;523,61;Rohdaten
2017-03-05;523,60;Rohdaten
2017-03-06;523,60;Rohdaten
2017-03-07;523,59;Rohdaten
2017-03-08;523,59;Rohdaten
2017-03-09;523,62;Rohdaten
2017-03-10;523,64;Rohdaten
2017-03-11;523,65;Rohdaten
2017-03-12;523,65;Rohdaten
2017-03-13;523,65;Rohdaten
2017-03-14;523,65;Rohdaten
2017-03-15;523,65;Rohdaten
2017-03-16;523,65;Rohdaten
2017-03-17;523,64;Rohdaten
2017-03-18;523,64;Rohdaten
2017-03-19;523,64;Rohdaten
2017-03-20;523,64;Rohdaten
2017-03-21;523,63;Rohdaten
2017-03-22;523,63;Rohdaten
2017-03-23;523,62;Rohdaten
2017-03-24;523,62;Rohdaten
2017-03-25;523,61;Rohdaten
2017-03-26;523,60;Rohdaten
2017-03-27;523,60;Rohdaten
2017-03-28;523,59;Rohdaten
2017-03-29;523,58;Rohdaten
2017-03-30;523,58;Rohdaten
2017-03-31;523,57;Rohdaten
2017-04-01;523,57;Rohdaten
2017-04-02;523,56;Rohdaten
2017-04-03;523,56;Rohdaten
2017-04-04;523,55;Rohdaten
2017-04-05;523,55;Rohdaten
2017-04-06;523,54;Rohdaten
2017-04-07;523,53;Rohdaten
2017-04-08;523,53;Rohdaten
2017-04-09;523,53;Rohdaten
2017-04-10;523,52;Rohdaten
2017-04-11;523,51;Rohdaten
2017-04-12;523,51;Rohdaten
2017-04-13;523,50;Rohdaten
2017-04-14;523,50;Rohdaten
2017-04-15;523,49;Rohdaten
2017-04-16;523,49;Rohdaten
2017-04-17;523,49;Rohdaten
2017-04-18;523,49;Rohdaten
2017-04-19;523,50;Rohdaten
2017-04-20;523,50;Rohdaten
2017-04-21;523,49;Rohdaten
2017-04-22;523,49;Rohdaten
2017-04-23;523,48;Rohdaten
2017-04-24;523,48;Rohdaten
2017-04-25;523,47;Rohdaten
2017-04-26;523,49;Rohdaten
2017-04-27;523,53;Rohdaten
2017-04-28;523,57;Rohdaten
2017-04-29;523,63;Rohdaten
2017-04-30;523,65;Rohdaten
2017-05-01;523,67;Rohdaten
2017-05-02;523,70;Rohdaten
2017-05-03;523,71;Rohdaten
2017-05-04;523,72;Rohdaten
2017-05-05;523,72;Rohdaten
2017-05-06;523,72;Rohdaten
2017-05-07;523,73;Rohdaten
2017-05-08;523,76;Rohdaten
2017-05-09;523,83;Rohdaten
2017-05-10;523,86;Rohdaten
2017-05-11;523,87;Rohdaten
2017-05-12;523,88;Rohdaten
2017-05-13;523,87;Rohdaten
2017-05-14;523,88;Rohdaten
2017-05-15;523,89;Rohdaten
2017-05-16;523,88;Rohdaten
2017-05-17;523,87;Rohdaten
2017-05-18;523,87;Rohdaten
2017-05-19;523,86;Rohdaten
2017-05-20;523,86;Rohdaten
2017-05-21;523,86;Rohdaten
2017-05-22;523,85;Rohdaten
2017-05-23;523,84;Rohdaten
2017-05-24;523,83;Rohdaten
2017-05-25;523,83;Rohdaten
2017-05-26;523,82;Rohdaten
2017-05-27;523,82;Rohdaten
2017-05-28;523,81;Rohdaten
2017-05-29;523,80;Rohdaten
2017-05-30;523,80;Rohdaten
2017-05-31;523,79;Rohdaten
2017-06-01;523,79;Rohdaten
2017-06-02;523,78;Rohdaten
2017-06-03;523,78;Rohdaten
2017-06-04;523,78;Rohdaten
2017-06-05;523,77;Rohdaten
2017-06-06;523,79;Rohdaten
2017-06-07;523,79;Rohdaten
2017-06-08;523,79;Rohdaten
2017-06-09;523,79;Rohdaten
2017-06-10;523,79;Rohdaten
2017-06-11;523,78;Rohdaten
2017-06-12;523,78;Rohdaten
2017-06-13;523,78;Rohdaten
2017-06-14;523,77;Rohdaten
2017-06-15;523,77;Rohdaten
2017-06-16;523,76;Rohdaten
2017-06-17;523,75;Rohdaten
2017-06-18;523,75;Rohdaten
2017-06-19;523,74;Rohdaten
2017-06-20;523,74;Rohdaten
2017-06-21;523,74;Rohdaten
2017-06-22;523,73;Rohdaten
2017-06-23;523,73;Rohdaten
2017-06-24;523,72;Rohdaten
2017-06-25;523,72;Rohdaten
2017-06-26;523,72;Rohdaten
2017-06-27;523,71;Rohdaten
2017-06-28;523,71;Rohdaten
2017-06-29;523,71;Rohdaten
2017-06-30;523,71;Rohdaten
2017-07-01;523,70;Rohdaten
2017-07-02;523,70;Rohdaten
2017-07-03;523,71;Rohdaten
2017-07-04;523,70;Rohdaten
2017-07-05;523,69;Rohdaten
2017-07-06;523,69;Rohdaten
2017-07-07;523,68;Rohdaten
2017-07-08;523,68;Rohdaten
2017-07-09;523,68;Rohdaten
2017-07-10;523,67;Rohdaten
2017-07-11;523,67;Rohdaten
2017-07-12;523,66;Rohdaten
2017-07-13;523,66;Rohdaten
2017-07-14;523,65;Rohdaten
2017-07-15;;Rohdaten
2017-07-16;;Rohdaten
2017-07-17;523,65;Rohdaten
2017-07-18;523,64;Rohdaten
2017-07-19;523,64;Rohdaten
2017-07-20;523,63;Rohdaten
2017-07-21;523,63;Rohdaten
2017-07-22;523,62;Rohdaten
2017-07-23;523,63;Rohdaten
2017-07-24;523,63;Rohdaten
2017-07-25;523,65;Rohdaten
2017-07-26;523,71;Rohdaten
2017-07-27;523,78;Rohdaten
2017-07-28;523,80;Rohdaten
2017-07-29;523,79;Rohdaten
2017-07-30;523,79;Rohdaten
2017-07-31;523,78;Rohdaten
2017-08-01;523,77;Rohdaten
2017-08-02;523,77;Rohdaten
2017-08-03;523,76;Rohdaten
2017-08-04;523,75;Rohdaten
2017-08-05;523,75;Rohdaten
2017-08-06;523,75;Rohdaten
2017-08-07;523,74;Rohdaten
2017-08-08;523,73;Rohdaten
2017-08-09;523,76;Rohdaten
2017-08-10;523,76;Rohdaten
2017-08-11;523,78;Rohdaten
2017-08-12;523,79;Rohdaten
2017-08-13;523,79;Rohdaten
2017-08-14;523,78;Rohdaten
2017-08-15;523,77;Rohdaten
2017-08-16;523,83;Rohdaten
2017-08-17;523,83;Rohdaten
2017-08-18;523,83;Rohdaten
2017-08-19;523,88;Rohdaten
2017-08-20;523,89;Rohdaten
2017-08-21;523,89;Rohdaten
2017-08-22;523,89;Rohdaten
2017-08-23;523,88;Rohdaten
2017-08-24;523,87;Rohdaten
2017-08-25;523,86;Rohdaten
2017-08-26;523,85;Rohdaten
2017-08-27;523,84;Rohdaten
2017-08-28;523,83;Rohdaten
2017-08-29;523,82;Rohdaten
2017-08-30;523,81;Rohdaten
2017-08-31;523,81;Rohdaten
2017-09-01;523,84;Rohdaten
2017-09-02;523,87;Rohdaten
2017-09-03;523,89;Rohdaten
2017-09-04;523,89;Rohdaten
2017-09-05;523,88;Rohdaten
2017-09-06;523,88;Rohdaten
2017-09-07;523,89;Rohdaten
2017-09-08;523,88;Rohdaten
2017-09-09;523,87;Rohdaten
2017-09-10;523,88;Rohdaten
2017-09-11;523,87;Rohdaten
2017-09-12;523,86;Rohdaten
2017-09-13;523,86;Rohdaten
2017-09-14;523,86;Rohdaten
2017-09-15;523,86;Rohdaten
2017-09-16;523,85;Rohdaten
2017-09-17;523,85;Rohdaten
2017-09-18;523,84;Rohdaten
2017-09-19;523,84;Rohdaten
2017-09-20;523,84;Rohdaten
2017-09-21;523,84;Rohdaten
2017-09-22;523,83;Rohdaten
2017-09-23;523,82;Rohdaten
2017-09-24;523,82;Rohdaten
2017-09-25;523,82;Rohdaten
2017-09-26;523,81;Rohdaten
2017-09-27;523,80;Rohdaten
2017-09-28;523,80;Rohdaten
2017-09-29;523,79;Rohdaten
2017-09-30;523,79;Rohdaten
2017-10-01;523,79;Rohdaten
2017-10-02;523,79;Rohdaten
2017-10-03;523,80;Rohdaten
2017-10-04;523,81;Rohdaten
2017-10-05;523,81;Rohdaten
2017-10-06;523,82;Rohdaten
2017-10-07;523,82;Rohdaten
2017-10-08;523,82;Rohdaten
2017-10-09;523,82;Rohdaten
2017-10-10;523,82;Rohdaten
2017-10-11;523,82;Rohdaten
2017-10-12;523,81;Rohdaten
2017-10-13;523,81;Rohdaten
2017-10-14;523,80;Rohdaten
2017-10-15;523,80;Rohdaten
2017-10-16;523,79;Rohdaten
2017-10-17;523,79;Rohdaten
2017-10-18;523,78;Rohdaten
2017-10-19;523,78;Rohdaten
2017-10-20;523,77;Rohdaten
2017-10-21;523,77;Rohdaten
2017-10-22;523,77;Rohdaten
2017-10-23;523,77;Rohdaten
2017-10-24;523,76;Rohdaten
2017-10-25;523,76;Rohdaten
2017-10-26;523,75;Rohdaten
2017-10-27;523,75;Rohdaten
2017-10-28;523,75;Rohdaten
2017-10-29;523,75;Rohdaten
2017-10-30;523,74;Rohdaten
2017-10-31;523,74;Rohdaten
2017-11-01;523,73;Rohdaten
2017-11-02;523,73;Rohdaten
2017-11-03;523,72;Rohdaten
2017-11-04;523,71;Rohdaten
2017-11-05;523,71;Rohdaten
2017-11-06;523,74;Rohdaten
2017-11-07;523,75;Rohdaten
2017-11-08;523,74;Rohdaten
2017-11-09;523,73;Rohdaten
2017-11-10;523,73;Rohdaten
2017-11-11;523,73;Rohdaten
2017-11-12;523,76;Rohdaten
2017-11-13;523,80;Rohdaten
2017-11-14;523,81;Rohdaten
2017-11-15;523,81;Rohdaten
2017-11-16;523,82;Rohdaten
2017-11-17;523,81;Rohdaten
2017-11-18;523,81;Rohdaten
2017-11-19;523,81;Rohdaten
2017-11-20;523,80;Rohdaten
2017-11-21;523,79;Rohdaten
2017-11-22;523,78;Rohdaten
2017-11-23;523,78;Rohdaten
2017-11-24;523,77;Rohdaten
2017-11-25;523,76;Rohdaten
2017-11-26;523,75;Rohdaten
2017-11-27;523,75;Rohdaten
2017-11-28;523,74;Rohdaten
2017-11-29;523,73;Rohdaten
2017-11-30;523,72;Rohdaten
2017-12-01;523,72;Rohdaten
2017-12-02;523,71;Rohdaten
2017-12-03;523,70;Rohdaten
2017-12-04;523,70;Rohdaten
2017-12-05;523,70;Rohdaten
2017-12-06;523,69;Rohdaten
2017-12-07;523,69;Rohdaten
2017-12-08;523,68;Rohdaten
2017-12-09;523,68;Rohdaten
2017-12-10;523,68;Rohdaten
2017-12-11;523,68;Rohdaten
2017-12-12;523,68;Rohdaten
2017-12-13;523,67;Rohdaten
2017-12-14;523,67;Rohdaten
2017-12-15;523,68;Rohdaten
2017-12-16;523,67;Rohdaten
2017-12-17;523,67;Rohdaten
2017-12-18;523,67;Rohdaten
2017-12-19;523,66;Rohdaten
2017-12-20;523,66;Rohdaten
2017-12-21;523,66;Rohdaten
2017-12-22;523,67;Rohdaten
2017-12-23;523,67;Rohdaten
2017-12-24;523,67;Rohdaten
2017-12-25;523,66;Rohdaten
2017-12-26;523,66;Rohdaten
2017-12-27;523,66;Rohdaten
2017-12-28;523,66;Rohdaten
2017-12-29;523,66;Rohdaten
2017-12-30;523,66;Rohdaten
2017-12-31;523,68;Rohdaten
2018-01-01;523,68;Rohdaten
2018-01-02;523,68;Rohdaten
2018-01-03;523,70;Rohdaten
2018-01-04;523,74;Rohdaten
2018-01-05;523,82;Rohdaten
2018-01-06;523,87;Rohdaten
2018-01-07;523,89;Rohdaten
2018-01-08;523,90;Rohdaten
2018-01-09;523,90;Rohdaten
2018-01-10;523,89;Rohdaten
2018-01-11;523,88;Rohdaten
2018-01-12;523,87;Rohdaten
2018-01-13;523,87;Rohdaten
2018-01-14;523,86;Rohdaten
2018-01-15;523,85;Rohdaten
2018-01-16;523,85;Rohdaten
2018-01-17;523,85;Rohdaten
2018-01-18;523,85;Rohdaten
2018-01-19;523,88;Rohdaten
2018-01-20;523,88;Rohdaten
2018-01-21;523,89;Rohdaten
2018-01-22;523,91;Rohdaten
2018-01-23;523,96;Rohdaten
2018-01-24;523,99;Rohdaten
2018-01-25;524,01;Rohdaten
2018-01-26;524,03;Rohdaten
2018-01-27;524,03;Rohdaten
2018-01-28;524,03;Rohdaten
2018-01-29;524,02;Rohdaten
2018-01-30;524,02;Rohdaten
2018-01-31;524,01;Rohdaten
2018-02-01;524,01;Rohdaten
2018-02-02;524,01;Rohdaten
2018-02-03;524,01;Rohdaten
2018-02-04;524,01;Rohdaten
2018-02-05;524,00;Rohdaten
2018-02-06;524,00;Rohdaten
2018-02-07;523,99;Rohdaten
2018-02-08;523,99;Rohdaten
2018-02-09;523,99;Rohdaten
2018-02-10;523,98;Rohdaten
2018-02-11;523,98;Rohdaten
2018-02-12;523,99;Rohdaten
2018-02-13;523,99;Rohdaten
2018-02-14;523,98;Rohdaten
2018-02-15;523,98;Rohdaten
2018-02-16;524,00;Rohdaten
2018-02-17;524,02;Rohdaten
2018-02-18;524,02;Rohdaten
2018-02-19;524,02;Rohdaten
2018-02-20;524,03;Rohdaten
2018-02-21;524,03;Rohdaten
2018-02-22;524,03;Rohdaten
2018-02-23;524,03;Rohdaten
2018-02-24;524,03;Rohdaten
2018-02-25;524,03;Rohdaten
2018-02-26;524,03;Rohdaten
2018-02-27;524,03;Rohdaten
2018-02-28;524,02;Rohdaten
2018-03-01;524,02;Rohdaten
2018-03-02;524,02;Rohdaten
2018-03-03;524,02;Rohdaten
2018-03-04;524,02;Rohdaten
2018-03-05;524,02;Rohdaten
2018-03-06;524,02;Rohdaten
2018-03-07;524,01;Rohdaten
2018-03-08;524,01;Rohdaten
2018-03-09;524,01;Rohdaten
2018-03-10;524,01;Rohdaten
2018-03-11;;Rohdaten
2018-03-12;;Rohdaten
2018-03-13;;Rohdaten
2018-03-14;;Rohdaten
2018-03-15;524,02;Rohdaten
2018-03-16;524,02;Rohdaten
2018-03-17;524,02;Rohdaten
2018-03-18;524,01;Rohdaten
2018-03-19;524,01;Rohdaten
2018-03-20;524,01;Rohdaten
2018-03-21;;Rohdaten
2018-03-22;524,00;Rohdaten
2018-03-23;524,01;Rohdaten
2018-03-24;524,01;Rohdaten
2018-03-25;524,00;Rohdaten
2018-03-26;524,00;Rohdaten
2018-03-27;524,00;Rohdaten
2018-03-28;524,00;Rohdaten
2018-03-29;524,02;Rohdaten
2018-03-30;524,02;Rohdaten
2018-03-31;524,01;Rohdaten
2018-04-01;524,01;Rohdaten
2018-04-02;524,01;Rohdaten
2018-04-03;524,01;Rohdaten
2018-04-04;524,01;Rohdaten
2018-04-05;;Rohdaten
2018-04-06;524,00;Rohdaten
2018-04-07;524,00;Rohdaten
2018-04-08;524,00;Rohdaten
2018-04-09;524,00;Rohdaten
2018-04-10;523,99;Rohdaten
2018-04-11;523,99;Rohdaten
2018-04-12;523,99;Rohdaten
2018-04-13;523,98;Rohdaten
2018-04-14;523,98;Rohdaten
2018-04-15;;Rohdaten
2018-04-16;523,97;Rohdaten
2018-04-17;523,97;Rohdaten
2018-04-18;523,96;Rohdaten
2018-04-19;523,96;Rohdaten
2018-04-20;523,96;Rohdaten
2018-04-21;523,95;Rohdaten
2018-04-22;523,95;Rohdaten
2018-04-23;523,95;Rohdaten
2018-04-24;523,94;Rohdaten
2018-04-25;523,94;Rohdaten
2018-04-26;523,93;Rohdaten
2018-04-27;523,93;Rohdaten
2018-04-28;523,93;Rohdaten
2018-04-29;523,92;Rohdaten
2018-04-30;523,92;Rohdaten
2018-05-01;523,92;Rohdaten
2018-05-02;523,91;Rohdaten
2018-05-03;523,90;Rohdaten
2018-05-04;523,90;Rohdaten
2018-05-05;523,90;Rohdaten
2018-05-06;523,89;Rohdaten
2018-05-07;523,89;Rohdaten
2018-05-08;523,88;Rohdaten
2018-05-09;523,88;Rohdaten
2018-05-10;523,88;Rohdaten
2018-05-11;;Rohdaten
2018-05-12;523,87;Rohdaten
2018-05-13;523,87;Rohdaten
2018-05-14;523,88;Rohdaten
2018-05-15;523,87;Rohdaten
2018-05-16;523,88;Rohdaten
2018-05-17;523,91;Rohdaten
2018-05-18;523,91;Rohdaten
2018-05-19;523,90;Rohdaten
2018-05-20;523,93;Rohdaten
2018-05-21;523,92;Rohdaten
2018-05-22;523,91;Rohdaten
2018-05-23;;Rohdaten
2018-05-24;523,90;Rohdaten
2018-05-25;523,90;Rohdaten
2018-05-26;523,89;Rohdaten
2018-05-27;523,89;Rohdaten
2018-05-28;523,88;Rohdaten
2018-05-29;523,87;Rohdaten
2018-05-30;523,87;Rohdaten
2018-05-31;523,87;Rohdaten
2018-06-01;523,86;Rohdaten
2018-06-02;523,86;Rohdaten
2018-06-03;523,85;Rohdaten
2018-06-04;523,84;Rohdaten
2018-06-05;523,84;Rohdaten
2018-06-06;523,83;Rohdaten
2018-06-07;523,83;Rohdaten
2018-06-08;523,82;Rohdaten
2018-06-09;523,82;Rohdaten
2018-06-10;523,84;Rohdaten
2018-06-11;523,84;Rohdaten
2018-06-12;523,83;Rohdaten
2018-06-13;523,89;Rohdaten
2018-06-14;523,91;Rohdaten
2018-06-15;523,91;Rohdaten
2018-06-16;523,90;Rohdaten
2018-06-17;523,90;Rohdaten
2018-06-18;523,91;Rohdaten
2018-06-19;523,89;Rohdaten
2018-06-20;523,89;Rohdaten
2018-06-21;523,88;Rohdaten
2018-06-22;523,88;Rohdaten
2018-06-23;523,87;Rohdaten
2018-06-24;523,87;Rohdaten
2018-06-25;523,86;Rohdaten
2018-06-26;;Rohdaten
2018-06-27;523,85;Rohdaten
2018-06-28;523,85;Rohdaten
2018-06-29;523,87;Rohdaten
2018-06-30;523,86;Rohdaten
2018-07-01;523,86;Rohdaten
2018-07-02;523,85;Rohdaten
2018-07-03;523,84;Rohdaten
2018-07-04;523,83;Rohdaten
2018-07-05;523,82;Rohdaten
2018-07-06;523,84;Rohdaten
2018-07-07;523,87;Rohdaten
2018-07-08;523,86;Rohdaten
2018-07-09;523,85;Rohdaten
2018-07-10;523,84;Rohdaten
2018-07-11;523,83;Rohdaten
2018-07-12;523,83;Rohdaten
2018-07-13;523,82;Rohdaten
2018-07-14;523,81;Rohdaten
2018-07-15;523,82;Rohdaten
2018-07-16;523,85;Rohdaten
2018-07-17;523,84;Rohdaten
2018-07-18;523,83;Rohdaten
2018-07-19;523,82;Rohdaten
2018-07-20;523,81;Rohdaten
2018-07-21;523,84;Rohdaten
2018-07-22;523,92;Rohdaten
2018-07-23;523,96;Rohdaten
2018-07-24;523,95;Rohdaten
2018-07-25;523,94;Rohdaten
2018-07-26;523,92;Rohdaten
2018-07-27;523,91;Rohdaten
2018-07-28;523,90;Rohdaten
2018-07-29;523,89;Rohdaten
2018-07-30;523,87;Rohdaten
2018-07-31;523,86;Rohdaten
2018-08-01;523,85;Rohdaten
2018-08-02;523,84;Rohdaten
2018-08-03;523,83;Rohdaten
2018-08-04;523,83;Rohdaten
2018-08-05;523,82;Rohdaten
2018-08-06;523,81;Rohdaten
2018-08-07;523,80;Rohdaten
2018-08-08;523,80;Rohdaten
2018-08-09;523,79;Rohdaten
2018-08-10;523,81;Rohdaten
2018-08-11;523,82;Rohdaten
2018-08-12;523,80;Rohdaten
2018-08-13;523,80;Rohdaten
2018-08-14;523,80;Rohdaten
2018-08-15;523,79;Rohdaten
2018-08-16;523,78;Rohdaten
2018-08-17;523,77;Rohdaten
2018-08-18;523,77;Rohdaten
2018-08-19;523,76;Rohdaten
2018-08-20;523,75;Rohdaten
2018-08-21;523,74;Rohdaten
2018-08-22;523,73;Rohdaten
2018-08-23;523,73;Rohdaten
2018-08-24;523,72;Rohdaten
2018-08-25;523,72;Rohdaten
2018-08-26;523,71;Rohdaten
2018-08-27;523,71;Rohdaten
2018-08-28;523,70;Rohdaten
2018-08-29;;Rohdaten
2018-08-30;523,70;Rohdaten
2018-08-31;523,71;Rohdaten
2018-09-01;523,75;Rohdaten
2018-09-02;523,76;Rohdaten
2018-09-03;523,75;Rohdaten
2018-09-04;523,83;Rohdaten
2018-09-05;523,88;Rohdaten
2018-09-06;523,87;Rohdaten
2018-09-07;523,87;Rohdaten
2018-09-08;523,88;Rohdaten
2018-09-09;523,87;Rohdaten
2018-09-10;523,85;Rohdaten
2018-09-11;523,85;Rohdaten
2018-09-12;523,83;Rohdaten
2018-09-13;523,82;Rohdaten
2018-09-14;523,83;Rohdaten
2018-09-15;523,82;Rohdaten
2018-09-16;523,81;Rohdaten
2018-09-17;523,80;Rohdaten
2018-09-18;523,79;Rohdaten
2018-09-19;523,79;Rohdaten
2018-09-20;523,78;Rohdaten
2018-09-21;523,77;Rohdaten
2018-09-22;523,76;Rohdaten
2018-09-23;523,77;Rohdaten
2018-09-24;523,79;Rohdaten
2018-09-25;523,78;Rohdaten
2018-09-26;523,77;Rohdaten
2018-09-27;523,76;Rohdaten
2018-09-28;523,75;Rohdaten
2018-09-29;523,74;Rohdaten
2018-09-30;523,73;Rohdaten
2018-10-01;523,76;Rohdaten
2018-10-02;523,77;Rohdaten
2018-10-03;523,77;Rohdaten
2018-10-04;523,76;Rohdaten
2018-10-05;523,75;Rohdaten
2018-10-06;523,74;Rohdaten
2018-10-07;523,73;Rohdaten
2018-10-08;523,72;Rohdaten
2018-10-09;523,71;Rohdaten
2018-10-10;523,71;Rohdaten
2018-10-11;523,70;Rohdaten
2018-10-12;523,69;Rohdaten
2018-10-13;523,69;Rohdaten
2018-10-14;523,68;Rohdaten
2018-10-15;523,67;Rohdaten
2018-10-16;523,66;Rohdaten
2018-10-17;523,66;Rohdaten
2018-10-18;523,65;Rohdaten
2018-10-19;523,64;Rohdaten
2018-10-20;523,64;Rohdaten
2018-10-21;523,63;Rohdaten
2018-10-22;523,62;Rohdaten
2018-10-23;523,61;Rohdaten
2018-10-24;523,61;Rohdaten
2018-10-25;523,60;Rohdaten
2018-10-26;523,60;Rohdaten
2018-10-27;523,60;Rohdaten
2018-10-28;523,63;Rohdaten
2018-10-29;523,63;Rohdaten
2018-10-30;523,62;Rohdaten
2018-10-31;523,61;Rohdaten
2018-11-01;523,60;Rohdaten
2018-11-02;523,59;Rohdaten
2018-11-03;523,59;Rohdaten
2018-11-04;523,58;Rohdaten
2018-11-05;523,57;Rohdaten
2018-11-06;523,56;Rohdaten
2018-11-07;523,56;Rohdaten
2018-11-08;523,55;Rohdaten
2018-11-09;523,54;Rohdaten
2018-11-10;523,54;Rohdaten
2018-11-11;523,53;Rohdaten
2018-11-12;523,52;Rohdaten
2018-11-13;523,52;Rohdaten
2018-11-14;523,51;Rohdaten
2018-11-15;523,50;Rohdaten
2018-11-16;523,50;Rohdaten
2018-11-17;523,49;Rohdaten
2018-11-18;523,48;Rohdaten
2018-11-19;523,47;Rohdaten
2018-11-20;523,47;Rohdaten
2018-11-21;523,46;Rohdaten
2018-11-22;523,45;Rohdaten
2018-11-23;523,45;Rohdaten
2018-11-24;523,44;Rohdaten
2018-11-25;523,43;Rohdaten
2018-11-26;523,43;Rohdaten
2018-11-27;523,42;Rohdaten
2018-11-28;523,42;Rohdaten
2018-11-29;523,41;Rohdaten
2018-11-30;523,41;Rohdaten
2018-12-01;523,41;Rohdaten
2018-12-02;523,41;Rohdaten
2018-12-03;523,40;Rohdaten
2018-12-04;523,40;Rohdaten
2018-12-05;523,39;Rohdaten
2018-12-06;523,39;Rohdaten
2018-12-07;523,38;Rohdaten
2018-12-08;523,38;Rohdaten
2018-12-09;523,38;Rohdaten
2018-12-10;523,40;Rohdaten
2018-12-11;523,41;Rohdaten
2018-12-12;523,40;Rohdaten
2018-12-13;523,40;Rohdaten
2018-12-14;523,40;Rohdaten
2018-12-15;523,39;Rohdaten
2018-12-16;523,39;Rohdaten
2018-12-17;523,38;Rohdaten
2018-12-18;523,38;Rohdaten
2018-12-19;523,37;Rohdaten
2018-12-20;523,36;Rohdaten
2018-12-21;523,36;Rohdaten
2018-12-22;523,36;Rohdaten
2018-12-23;523,36;Rohdaten
2018-12-24;523,40;Rohdaten
2018-12-25;523,42;Rohdaten
2018-12-26;523,42;Rohdaten
2018-12-27;523,43;Rohdaten
2018-12-28;523,43;Rohdaten
2018-12-29;523,42;Rohdaten
2018-12-30;523,42;Rohdaten
2018-12-31;523,43;Rohdaten
2019-01-01;523,43;Rohdaten
2019-01-02;523,43;Rohdaten
2019-01-03;523,42;Rohdaten
2019-01-04;523,41;Rohdaten
2019-01-05;523,41;Rohdaten
2019-01-06;523,42;Rohdaten
2019-01-07;523,44;Rohdaten
2019-01-08;523,47;Rohdaten
2019-01-09;523,50;Rohdaten
2019-01-10;523,53;Rohdaten
2019-01-11;523,55;Rohdaten
2019-01-12;523,56;Rohdaten
2019-01-13;523,59;Rohdaten
2019-01-14;523,68;Rohdaten
2019-01-15;523,75;Rohdaten
2019-01-16;523,80;Rohdaten
2019-01-17;523,81;Rohdaten
2019-01-18;523,81;Rohdaten
2019-01-19;523,81;Rohdaten
2019-01-20;523,80;Rohdaten
2019-01-21;523,79;Rohdaten
2019-01-22;523,78;Rohdaten
2019-01-23;523,77;Rohdaten
2019-01-24;523,76;Rohdaten
2019-01-25;523,75;Rohdaten
2019-01-26;523,74;Rohdaten
2019-01-27;523,74;Rohdaten
2019-01-28;523,73;Rohdaten
2019-01-29;523,72;Rohdaten
2019-01-30;523,71;Rohdaten
2019-01-31;523,71;Rohdaten
2019-02-01;523,70;Rohdaten
2019-02-02;523,70;Rohdaten
2019-02-03;523,70;Rohdaten
2019-02-04;523,70;Rohdaten
2019-02-05;523,69;Rohdaten
2019-02-06;523,69;Rohdaten
2019-02-07;523,69;Rohdaten
2019-02-08;523,70;Rohdaten
2019-02-09;523,72;Rohdaten
2019-02-10;523,74;Rohdaten
2019-02-11;523,76;Rohdaten
2019-02-12;523,79;Rohdaten
2019-02-13;523,81;Rohdaten
2019-02-14;523,82;Rohdaten
2019-02-15;523,83;Rohdaten
2019-02-16;523,83;Rohdaten
2019-02-17;523,83;Rohdaten
2019-02-18;523,83;Rohdaten
2019-02-19;523,82;Rohdaten
2019-02-20;523,82;Rohdaten
2019-02-21;523,81;Rohdaten
2019-02-22;523,81;Rohdaten
2019-02-23;523,81;Rohdaten
2019-02-24;523,81;Rohdaten
2019-02-25;523,81;Rohdaten
2019-02-26;523,80;Rohdaten
2019-02-27;523,80;Rohdaten
2019-02-28;523,80;Rohdaten
2019-03-01;523,80;Rohdaten
2019-03-02;523,80;Rohdaten
2019-03-03;523,79;Rohdaten
2019-03-04;523,79;Rohdaten
2019-03-05;523,79;Rohdaten
2019-03-06;523,79;Rohdaten
2019-03-07;523,78;Rohdaten
2019-03-08;523,78;Rohdaten
2019-03-09;523,78;Rohdaten
2019-03-10;523,78;Rohdaten
2019-03-11;523,79;Rohdaten
2019-03-12;523,79;Rohdaten
2019-03-13;523,78;Rohdaten
2019-03-14;523,78;Rohdaten
2019-03-15;523,79;Rohdaten
2019-03-16;523,81;Rohdaten
2019-03-17;523,81;Rohdaten
2019-03-18;523,81;Rohdaten
2019-03-19;523,81;Rohdaten
2019-03-20;523,81;Rohdaten
2019-03-21;523,81;Rohdaten
2019-03-22;523,80;Rohdaten
2019-03-23;523,80;Rohdaten
2019-03-24;523,80;Rohdaten
2019-03-25;523,80;Rohdaten
2019-03-26;523,79;Rohdaten
2019-03-27;523,79;Rohdaten
2019-03-28;523,79;Rohdaten
2019-03-29;523,78;Rohdaten
2019-03-30;523,78;Rohdaten
2019-03-31;523,78;Rohdaten
2019-04-01;523,77;Rohdaten
2019-04-02;523,77;Rohdaten
2019-04-03;523,76;Rohdaten
2019-04-04;523,76;Rohdaten
2019-04-05;523,75;Rohdaten
2019-04-06;523,75;Rohdaten
2019-04-07;523,75;Rohdaten
2019-04-08;523,74;Rohdaten
2019-04-09;523,74;Rohdaten
2019-04-10;523,73;Rohdaten
2019-04-11;523,73;Rohdaten
2019-04-12;523,72;Rohdaten
2019-04-13;523,72;Rohdaten
2019-04-14;523,72;Rohdaten
2019-04-15;523,71;Rohdaten
2019-04-16;523,70;Rohdaten
2019-04-17;523,70;Rohdaten
2019-04-18;523,69;Rohdaten
2019-04-19;523,69;Rohdaten
2019-04-20;523,68;Rohdaten
2019-04-21;523,68;Rohdaten
2019-04-22;523,68;Rohdaten
2019-04-23;523,67;Rohdaten
2019-04-24;523,66;Rohdaten
2019-04-25;523,65;Rohdaten
2019-04-26;523,65;Rohdaten
2019-04-27;523,65;Rohdaten
2019-04-28;523,64;Rohdaten
2019-04-29;523,64;Rohdaten
2019-04-30;523,64;Rohdaten
2019-05-01;523,64;Rohdaten
2019-05-02;523,63;Rohdaten
2019-05-03;523,64;Rohdaten
2019-05-04;523,64;Rohdaten
2019-05-05;523,63;Rohdaten
2019-05-06;523,63;Rohdaten
2019-05-07;523,62;Rohdaten
2019-05-08;523,61;Rohdaten
2019-05-09;523,61;Rohdaten
2019-05-10;523,60;Rohdaten
2019-05-11;523,60;Rohdaten
2019-05-12;523,62;Rohdaten
2019-05-13;523,63;Rohdaten
2019-05-14;523,62;Rohdaten
2019-05-15;523,61;Rohdaten
2019-05-16;523,60;Rohdaten
2019-05-17;523,60;Rohdaten
2019-05-18;523,59;Rohdaten
2019-05-19;523,58;Rohdaten
2019-05-20;523,60;Rohdaten
2019-05-21;523,81;Rohdaten
2019-05-22;523,91;Rohdaten
2019-05-23;523,94;Rohdaten
2019-05-24;523,95;Rohdaten
2019-05-25;523,95;Rohdaten
2019-05-26;523,94;Rohdaten
2019-05-27;523,93;Rohdaten
2019-05-28;523,94;Rohdaten
2019-05-29;523,96;Rohdaten
2019-05-30;523,95;Rohdaten
2019-05-31;523,94;Rohdaten
2019-06-01;523,93;Rohdaten
2019-06-02;523,92;Rohdaten
2019-06-03;523,91;Rohdaten
2019-06-04;523,90;Rohdaten
2019-06-05;523,89;Rohdaten
2019-06-06;523,89;Rohdaten
2019-06-07;523,88;Rohdaten
2019-06-08;523,87;Rohdaten
2019-06-09;523,86;Rohdaten
2019-06-10;523,86;Rohdaten
2019-06-11;523,86;Rohdaten
2019-06-12;523,85;Rohdaten
2019-06-13;523,84;Rohdaten
2019-06-14;523,83;Rohdaten
2019-06-15;523,83;Rohdaten
2019-06-16;523,84;Rohdaten
2019-06-17;523,82;Rohdaten
2019-06-18;523,82;Rohdaten
2019-06-19;523,81;Rohdaten
2019-06-20;523,81;Rohdaten
2019-06-21;523,83;Rohdaten
2019-06-22;523,90;Rohdaten
2019-06-23;524,05;Rohdaten
2019-06-24;524,04;Rohdaten
2019-06-25;524,03;Rohdaten
2019-06-26;524,01;Rohdaten
2019-06-27;524,00;Rohdaten
2019-06-28;523,98;Rohdaten
2019-06-29;523,97;Rohdaten
2019-06-30;523,95;Rohdaten
2019-07-01;523,94;Rohdaten
2019-07-02;523,93;Rohdaten
2019-07-03;523,92;Rohdaten
2019-07-04;523,91;Rohdaten
2019-07-05;523,89;Rohdaten
2019-07-06;523,88;Rohdaten
2019-07-07;523,88;Rohdaten
2019-07-08;523,88;Rohdaten
2019-07-09;523,87;Rohdaten
2019-07-10;523,86;Rohdaten
2019-07-11;523,85;Rohdaten
2019-07-12;523,85;Rohdaten
2019-07-13;523,86;Rohdaten
2019-07-14;523,87;Rohdaten
2019-07-15;523,86;Rohdaten
2019-07-16;523,85;Rohdaten
2019-07-17;523,84;Rohdaten
2019-07-18;523,83;Rohdaten
2019-07-19;523,82;Rohdaten
2019-07-20;523,81;Rohdaten
2019-07-21;523,82;Rohdaten
2019-07-22;523,84;Rohdaten
2019-07-23;523,83;Rohdaten
2019-07-24;523,81;Rohdaten
2019-07-25;523,80;Rohdaten
2019-07-26;523,79;Rohdaten
2019-07-27;523,79;Rohdaten
2019-07-28;523,79;Rohdaten
2019-07-29;523,83;Rohdaten
2019-07-30;523,83;Rohdaten
2019-07-31;523,83;Rohdaten
2019-08-01;523,84;Rohdaten
2019-08-02;523,83;Rohdaten
2019-08-03;523,82;Rohdaten
2019-08-04;523,82;Rohdaten
2019-08-05;523,81;Rohdaten
2019-08-06;523,80;Rohdaten
2019-08-07;523,79;Rohdaten
2019-08-08;523,78;Rohdaten
2019-08-09;523,77;Rohdaten
2019-08-10;523,76;Rohdaten
2019-08-11;523,76;Rohdaten
2019-08-12;523,76;Rohdaten
2019-08-13;523,80;Rohdaten
2019-08-14;523,81;Rohdaten
2019-08-15;523,80;Rohdaten
2019-08-16;523,79;Rohdaten
2019-08-17;523,78;Rohdaten
2019-08-18;523,77;Rohdaten
2019-08-19;523,77;Rohdaten
2019-08-20;523,77;Rohdaten
2019-08-21;523,82;Rohdaten
2019-08-22;523,81;Rohdaten
2019-08-23;523,80;Rohdaten
2019-08-24;523,80;Rohdaten
2019-08-25;523,79;Rohdaten
2019-08-26;523,78;Rohdaten
2019-08-27;523,77;Rohdaten
2019-08-28;523,77;Rohdaten
2019-08-29;523,76;Rohdaten
2019-08-30;523,75;Rohdaten
2019-08-31;523,75;Rohdaten
2019-09-01;523,74;Rohdaten
2019-09-02;523,73;Rohdaten
2019-09-03;523,72;Rohdaten
2019-09-04;523,71;Rohdaten
2019-09-05;523,70;Rohdaten
2019-09-06;523,70;Rohdaten
2019-09-07;523,69;Rohdaten
2019-09-08;523,70;Rohdaten
2019-09-09;523,73;Rohdaten
2019-09-10;523,72;Rohdaten
2019-09-11;523,71;Rohdaten
2019-09-12;523,70;Rohdaten
2019-09-13;523,69;Rohdaten
2019-09-14;523,67;Rohdaten
2019-09-15;523,66;Rohdaten
2019-09-16;523,65;Rohdaten
2019-09-17;523,63;Rohdaten
2019-09-18;523,62;Rohdaten
2019-09-19;523,61;Rohdaten
2019-09-20;523,60;Rohdaten
2019-09-21;523,59;Rohdaten
2019-09-22;523,58;Rohdaten
2019-09-23;523,57;Rohdaten
2019-09-24;523,57;Rohdaten
2019-09-25;523,56;Rohdaten
2019-09-26;523,55;Rohdaten
2019-09-27;523,54;Rohdaten
2019-09-28;523,55;Rohdaten
2019-09-29;523,54;Rohdaten
2019-09-30;523,54;Rohdaten
2019-10-01;523,53;Rohdaten
2019-10-02;523,53;Rohdaten
2019-10-03;523,56;Rohdaten
2019-10-04;523,54;Rohdaten
2019-10-05;523,54;Rohdaten
2019-10-06;523,53;Rohdaten
2019-10-07;523,56;Rohdaten
2019-10-08;523,57;Rohdaten
2019-10-09;523,57;Rohdaten
2019-10-10;523,59;Rohdaten
2019-10-11;523,58;Rohdaten
2019-10-12;523,58;Rohdaten
2019-10-13;523,57;Rohdaten
2019-10-14;523,56;Rohdaten
2019-10-15;523,55;Rohdaten
2019-10-16;523,54;Rohdaten
2019-10-17;523,54;Rohdaten
2019-10-18;523,53;Rohdaten
2019-10-19;523,52;Rohdaten
2019-10-20;523,51;Rohdaten
2019-10-21;523,50;Rohdaten
2019-10-22;523,49;Rohdaten
2019-10-23;523,49;Rohdaten
2019-10-24;523,48;Rohdaten
2019-10-25;523,47;Rohdaten
2019-10-26;523,46;Rohdaten
2019-10-27;523,45;Rohdaten
2019-10-28;523,45;Rohdaten
2019-10-29;523,44;Rohdaten
2019-10-30;523,43;Rohdaten
2019-10-31;523,42;Rohdaten
2019-11-01;523,41;Rohdaten
2019-11-02;523,40;Rohdaten
2019-11-03;523,39;Rohdaten
2019-11-04;523,38;Rohdaten
2019-11-05;523,37;Rohdaten
2019-11-06;523,37;Rohdaten
2019-11-07;523,36;Rohdaten
2019-11-08;523,35;Rohdaten
2019-11-09;523,34;Rohdaten
2019-11-10;523,33;Rohdaten
2019-11-11;523,33;Rohdaten
2019-11-12;523,32;Rohdaten
2019-11-13;523,32;Rohdaten
2019-11-14;523,31;Rohdaten
2019-11-15;523,30;Rohdaten
2019-11-16;523,30;Rohdaten
2019-11-17;523,29;Rohdaten
2019-11-18;523,28;Rohdaten
2019-11-19;523,28;Rohdaten
2019-11-20;523,27;Rohdaten
2019-11-21;523,26;Rohdaten
2019-11-22;523,25;Rohdaten
2019-11-23;523,25;Rohdaten
2019-11-24;523,24;Rohdaten
2019-11-25;523,23;Rohdaten
2019-11-26;523,23;Rohdaten
2019-11-27;523,22;Rohdaten
2019-11-28;523,21;Rohdaten
2019-11-29;523,21;Rohdaten
2019-11-30;523,20;Rohdaten
2019-12-01;523,20;Rohdaten
2019-12-02;523,19;Rohdaten
2019-12-03;523,18;Rohdaten
2019-12-04;523,18;Rohdaten
2019-12-05;523,17;Rohdaten
2019-12-06;523,16;Rohdaten
2019-12-07;523,16;Rohdaten
2019-12-08;523,15;Rohdaten
2019-12-09;523,14;Rohdaten
2019-12-10;523,14;Rohdaten
2019-12-11;523,13;Rohdaten
2019-12-12;523,12;Rohdaten
2019-12-13;523,12;Rohdaten
2019-12-14;523,12;Rohdaten
2019-12-15;523,12;Rohdaten
2019-12-16;523,12;Rohdaten
2019-12-17;523,11;Rohdaten
2019-12-18;523,11;Rohdaten
2019-12-19;523,10;Rohdaten
2019-12-20;523,10;Rohdaten
2019-12-21;523,10;Rohdaten
2019-12-22;523,10;Rohdaten
2019-12-23;523,09;Rohdaten
2019-12-24;523,09;Rohdaten
2019-12-25;523,10;Rohdaten
2019-12-26;523,11;Rohdaten
2019-12-27;523,11;Rohdaten
2019-12-28;523,11;Rohdaten
2019-12-29;523,10;Rohdaten
2019-12-30;523,10;Rohdaten
2019-12-31;523,10;Rohdaten
2020-01-01;523,09;Rohdaten
2020-01-02;523,09;Rohdaten
2020-01-03;523,08;Rohdaten
2020-01-04;523,08;Rohdaten
2020-01-05;523,08;Rohdaten
2020-01-06;523,07;Rohdaten
2020-01-07;523,06;Rohdaten
2020-01-08;523,06;Rohdaten
2020-01-09;523,05;Rohdaten
2020-01-10;523,05;Rohdaten
2020-01-11;523,04;Rohdaten
2020-01-12;523,03;Rohdaten
2020-01-13;523,03;Rohdaten
2020-01-14;523,02;Rohdaten
2020-01-15;523,01;Rohdaten
2020-01-16;523,01;Rohdaten
2020-01-17;523,00;Rohdaten
2020-01-18;523,00;Rohdaten
2020-01-19;522,99;Rohdaten
2020-01-20;522,99;Rohdaten
2020-01-21;522,98;Rohdaten
2020-01-22;522,98;Rohdaten
2020-01-23;522,97;Rohdaten
2020-01-24;522,96;Rohdaten
2020-01-25;522,96;Rohdaten
2020-01-26;522,95;Rohdaten
2020-01-27;522,94;Rohdaten
2020-01-28;522,93;Rohdaten
2020-01-29;522,93;Rohdaten
2020-01-30;522,93;Rohdaten
2020-01-31;522,92;Rohdaten
2020-02-01;522,92;Rohdaten
2020-02-02;522,92;Rohdaten
2020-02-03;523,01;Rohdaten
2020-02-04;523,16;Rohdaten
2020-02-05;523,22;Rohdaten
2020-02-06;523,25;Rohdaten
2020-02-07;523,27;Rohdaten
2020-02-08;523,27;Rohdaten
2020-02-09;523,27;Rohdaten
2020-02-10;523,26;Rohdaten
2020-02-11;523,27;Rohdaten
2020-02-12;523,27;Rohdaten
2020-02-13;523,27;Rohdaten
2020-02-14;523,27;Rohdaten
2020-02-15;523,26;Rohdaten
2020-02-16;523,26;Rohdaten
2020-02-17;523,25;Rohdaten
2020-02-18;523,24;Rohdaten
2020-02-19;523,24;Rohdaten
2020-02-20;523,23;Rohdaten
2020-02-21;523,22;Rohdaten
2020-02-22;523,22;Rohdaten
2020-02-23;523,21;Rohdaten
2020-02-24;523,21;Rohdaten
2020-02-25;523,21;Rohdaten
2020-02-26;523,20;Rohdaten
2020-02-27;523,20;Rohdaten
2020-02-28;523,20;Rohdaten
2020-02-29;523,20;Rohdaten
2020-03-01;523,20;Rohdaten
2020-03-02;523,19;Rohdaten
2020-03-03;523,19;Rohdaten
2020-03-04;523,19;Rohdaten
2020-03-05;523,19;Rohdaten
2020-03-06;523,17;Rohdaten
2020-03-07;523,18;Rohdaten
2020-03-08;523,18;Rohdaten
2020-03-09;523,16;Rohdaten
2020-03-10;523,15;Rohdaten
2020-03-11;523,16;Rohdaten
2020-03-12;523,16;Rohdaten
2020-03-13;523,17;Rohdaten
2020-03-14;523,18;Rohdaten
2020-03-15;523,18;Rohdaten
2020-03-16;523,18;Rohdaten
2020-03-17;523,18;Rohdaten
2020-03-18;523,17;Rohdaten
2020-03-19;523,17;Rohdaten
2020-03-20;523,17;Rohdaten
2020-03-21;523,19;Rohdaten
2020-03-22;523,20;Rohdaten
2020-03-23;523,20;Rohdaten
2020-03-24;523,20;Rohdaten
2020-03-25;523,20;Rohdaten
2020-03-26;523,20;Rohdaten
2020-03-27;523,19;Rohdaten
2020-03-28;523,19;Rohdaten
2020-03-29;523,19;Rohdaten
2020-03-30;523,18;Rohdaten
2020-03-31;523,18;Rohdaten
2020-04-01;523,17;Rohdaten
2020-04-02;523,17;Rohdaten
2020-04-03;523,16;Rohdaten
2020-04-04;523,16;Rohdaten
2020-04-05;523,15;Rohdaten
2020-04-06;523,15;Rohdaten
2020-04-07;523,14;Rohdaten
2020-04-08;523,14;Rohdaten
2020-04-09;523,13;Rohdaten
2020-04-10;523,13;Rohdaten
2020-04-11;523,12;Rohdaten
2020-04-12;523,12;Rohdaten
2020-04-13;523,11;Rohdaten
2020-04-14;523,11;Rohdaten
2020-04-15;523,10;Rohdaten
2020-04-16;523,10;Rohdaten
2020-04-17;523,09;Rohdaten
2020-04-18;523,09;Rohdaten
2020-04-19;523,08;Rohdaten
2020-04-20;523,08;Rohdaten
2020-04-21;523,07;Rohdaten
2020-04-22;523,07;Rohdaten
2020-04-23;523,06;Rohdaten
2020-04-24;523,05;Rohdaten
2020-04-25;523,05;Rohdaten
2020-04-26;523,04;Rohdaten
2020-04-27;523,04;Rohdaten
2020-04-28;523,03;Rohdaten
2020-04-29;523,05;Rohdaten
2020-04-30;523,06;Rohdaten
2020-05-01;523,06;Rohdaten
2020-05-02;523,06;Rohdaten
2020-05-03;523,07;Rohdaten
2020-05-04;523,06;Rohdaten
2020-05-05;523,06;Rohdaten
2020-05-06;523,05;Rohdaten
2020-05-07;523,04;Rohdaten
2020-05-08;523,04;Rohdaten
2020-05-09;523,03;Rohdaten
2020-05-10;523,03;Rohdaten
2020-05-11;523,02;Rohdaten
2020-05-12;523,03;Rohdaten
2020-05-13;523,02;Rohdaten
2020-05-14;523,02;Rohdaten
2020-05-15;523,03;Rohdaten
2020-05-16;523,03;Rohdaten
2020-05-17;523,03;Rohdaten
2020-05-18;523,02;Rohdaten
2020-05-19;523,01;Rohdaten
2020-05-20;523,01;Rohdaten
2020-05-21;523,00;Rohdaten
2020-05-22;523,00;Rohdaten
2020-05-23;522,99;Rohdaten
2020-05-24;522,99;Rohdaten
2020-05-25;522,99;Rohdaten
2020-05-26;522,98;Rohdaten
2020-05-27;522,98;Rohdaten
2020-05-28;522,97;Rohdaten
2020-05-29;522,97;Rohdaten
2020-05-30;522,96;Rohdaten
2020-05-31;522,95;Rohdaten
2020-06-01;522,95;Rohdaten
2020-06-02;522,94;Rohdaten
2020-06-03;522,94;Rohdaten
2020-06-04;522,93;Rohdaten
2020-06-05;522,93;Rohdaten
2020-06-06;522,92;Rohdaten
2020-06-07;522,93;Rohdaten
2020-06-08;522,93;Rohdaten
2020-06-09;522,94;Rohdaten
2020-06-10;522,94;Rohdaten
2020-06-11;522,98;Rohdaten
2020-06-12;522,98;Rohdaten
2020-06-13;522,98;Rohdaten
2020-06-14;523,04;Rohdaten
2020-06-15;523,13;Rohdaten
2020-06-16;523,23;Rohdaten
2020-06-17;523,28;Rohdaten
2020-06-18;523,31;Rohdaten
2020-06-19;523,32;Rohdaten
2020-06-20;523,33;Rohdaten
2020-06-21;523,33;Rohdaten
2020-06-22;523,32;Rohdaten
2020-06-23;523,32;Rohdaten
2020-06-24;523,31;Rohdaten
2020-06-25;523,30;Rohdaten
2020-06-26;523,30;Rohdaten
2020-06-27;523,29;Rohdaten
2020-06-28;523,28;Rohdaten
2020-06-29;523,33;Rohdaten
2020-06-30;523,34;Rohdaten
2020-07-01;523,34;Rohdaten
2020-07-02;523,33;Rohdaten
2020-07-03;523,35;Rohdaten
2020-07-04;523,34;Rohdaten
2020-07-05;523,34;Rohdaten
2020-07-06;523,34;Rohdaten
2020-07-07;523,33;Rohdaten
2020-07-08;523,32;Rohdaten
2020-07-09;523,32;Rohdaten
2020-07-10;523,32;Rohdaten
2020-07-11;523,41;Rohdaten
2020-07-12;523,47;Rohdaten
2020-07-13;523,50;Rohdaten
2020-07-14;523,51;Rohdaten
2020-07-15;523,51;Rohdaten
2020-07-16;523,51;Rohdaten
2020-07-17;523,55;Rohdaten
2020-07-18;523,55;Rohdaten
2020-07-19;523,54;Rohdaten
2020-07-20;523,54;Rohdaten
2020-07-21;523,53;Rohdaten
2020-07-22;523,52;Rohdaten
2020-07-23;523,51;Rohdaten
2020-07-24;523,51;Rohdaten
2020-07-25;523,50;Rohdaten
2020-07-26;523,49;Rohdaten
2020-07-27;523,49;Rohdaten
2020-07-28;523,48;Rohdaten
2020-07-29;523,48;Rohdaten
2020-07-30;523,47;Rohdaten
2020-07-31;523,46;Rohdaten
2020-08-01;523,45;Rohdaten
2020-08-02;523,46;Rohdaten
2020-08-03;523,49;Rohdaten
2020-08-04;523,60;Rohdaten
2020-08-05;523,63;Rohdaten
2020-08-06;523,64;Rohdaten
2020-08-07;523,65;Rohdaten
2020-08-08;523,65;Rohdaten
2020-08-09;523,64;Rohdaten
2020-08-10;523,64;Rohdaten
2020-08-11;523,63;Rohdaten
2020-08-12;523,63;Rohdaten
2020-08-13;523,62;Rohdaten
2020-08-14;523,62;Rohdaten
2020-08-15;523,62;Rohdaten
2020-08-16;523,62;Rohdaten
2020-08-17;523,61;Rohdaten
2020-08-18;523,62;Rohdaten
2020-08-19;523,63;Rohdaten
2020-08-20;523,62;Rohdaten
2020-08-21;523,62;Rohdaten
2020-08-22;523,61;Rohdaten
2020-08-23;523,62;Rohdaten
2020-08-24;523,61;Rohdaten
2020-08-25;523,61;Rohdaten
2020-08-26;523,60;Rohdaten
2020-08-27;523,60;Rohdaten
2020-08-28;523,60;Rohdaten
2020-08-29;523,63;Rohdaten
2020-08-30;523,64;Rohdaten
2020-08-31;523,64;Rohdaten
2020-09-01;523,64;Rohdaten
2020-09-02;523,64;Rohdaten
2020-09-03;523,63;Rohdaten
2020-09-04;523,63;Rohdaten
2020-09-05;523,63;Rohdaten
2020-09-06;523,64;Rohdaten
2020-09-07;523,65;Rohdaten
2020-09-08;523,65;Rohdaten
2020-09-09;523,64;Rohdaten
2020-09-10;523,64;Rohdaten
2020-09-11;523,64;Rohdaten
2020-09-12;523,63;Rohdaten
2020-09-13;523,62;Rohdaten
2020-09-14;523,62;Rohdaten
2020-09-15;523,61;Rohdaten
2020-09-16;523,61;Rohdaten
2020-09-17;523,60;Rohdaten
2020-09-18;523,60;Rohdaten
2020-09-19;523,60;Rohdaten
2020-09-20;523,59;Rohdaten
2020-09-21;523,59;Rohdaten
2020-09-22;523,58;Rohdaten
2020-09-23;523,58;Rohdaten
2020-09-24;523,58;Rohdaten
2020-09-25;523,61;Rohdaten
2020-09-26;523,65;Rohdaten
2020-09-27;523,65;Rohdaten
2020-09-28;523,65;Rohdaten
2020-09-29;523,64;Rohdaten
2020-09-30;523,63;Rohdaten
2020-10-01;523,63;Rohdaten
2020-10-02;523,62;Rohdaten
2020-10-03;523,62;Rohdaten
2020-10-04;523,61;Rohdaten
2020-10-05;523,61;Rohdaten
2020-10-06;523,61;Rohdaten
2020-10-07;523,62;Rohdaten
2020-10-08;523,62;Rohdaten
2020-10-09;523,62;Rohdaten
2020-10-10;523,61;Rohdaten
2020-10-11;523,61;Rohdaten
2020-10-12;523,61;Rohdaten
2020-10-13;523,61;Rohdaten
2020-10-14;523,61;Rohdaten
2020-10-15;523,60;Rohdaten
2020-10-16;523,61;Rohdaten
2020-10-17;523,63;Rohdaten
2020-10-18;523,63;Rohdaten
2020-10-19;523,62;Rohdaten
2020-10-20;523,62;Rohdaten
2020-10-21;523,62;Rohdaten
2020-10-22;523,61;Rohdaten
2020-10-23;523,61;Rohdaten
2020-10-24;523,62;Rohdaten
2020-10-25;523,62;Rohdaten
2020-10-26;523,62;Rohdaten
2020-10-27;523,65;Rohdaten
2020-10-28;523,65;Rohdaten
2020-10-29;523,66;Rohdaten
2020-10-30;523,69;Rohdaten
2020-10-31;523,70;Rohdaten
2020-11-01;523,70;Rohdaten
2020-11-02;523,71;Rohdaten
2020-11-03;523,71;Rohdaten
2020-11-04;523,73;Rohdaten
2020-11-05;523,73;Rohdaten
2020-11-06;523,73;Rohdaten
2020-11-07;523,73;Rohdaten
2020-11-08;523,73;Rohdaten
2020-11-09;523,72;Rohdaten
2020-11-10;523,72;Rohdaten
2020-11-11;523,71;Rohdaten
2020-11-12;523,71;Rohdaten
2020-11-13;523,70;Rohdaten
2020-11-14;523,70;Rohdaten
2020-11-15;523,69;Rohdaten
2020-11-16;523,68;Rohdaten
2020-11-17;523,68;Rohdaten
2020-11-18;523,67;Rohdaten
2020-11-19;523,67;Rohdaten
2020-11-20;523,66;Rohdaten
2020-11-21;523,66;Rohdaten
2020-11-22;523,65;Rohdaten
2020-11-23;523,65;Rohdaten
2020-11-24;523,64;Rohdaten
2020-11-25;523,63;Rohdaten
2020-11-26;523,63;Rohdaten
2020-11-27;523,62;Rohdaten
2020-11-28;523,61;Rohdaten
2020-11-29;523,61;Rohdaten
2020-11-30;523,60;Rohdaten
2020-12-01;523,60;Rohdaten
2020-12-02;523,59;Rohdaten
2020-12-03;523,59;Rohdaten
2020-12-04;523,58;Rohdaten
2020-12-05;523,58;Rohdaten
2020-12-06;523,57;Rohdaten
2020-12-07;523,57;Rohdaten
2020-12-08;523,56;Rohdaten
2020-12-09;523,56;Rohdaten
2020-12-10;523,56;Rohdaten
2020-12-11;523,56;Rohdaten
2020-12-12;523,55;Rohdaten
2020-12-13;523,55;Rohdaten
2020-12-14;523,54;Rohdaten
2020-12-15;523,54;Rohdaten
2020-12-16;523,53;Rohdaten
2020-12-17;523,53;Rohdaten
2020-12-18;523,52;Rohdaten
2020-12-19;523,52;Rohdaten
2020-12-20;523,51;Rohdaten
2020-12-21;523,51;Rohdaten
2020-12-22;523,50;Rohdaten
2020-12-23;523,50;Rohdaten
2020-12-24;523,50;Rohdaten
2020-12-25;523,50;Rohdaten
2020-12-26;523,50;Rohdaten
2020-12-27;523,50;Rohdaten
2020-12-28;523,50;Rohdaten
2020-12-29;523,49;Rohdaten
2020-12-30;523,48;Rohdaten
2020-12-31;523,48;Rohdaten
2021-01-01;523,47;Rohdaten
2021-01-02;523,47;Rohdaten
2021-01-03;523,46;Rohdaten
2021-01-04;523,46;Rohdaten
2021-01-05;523,45;Rohdaten
2021-01-06;523,45;Rohdaten
2021-01-07;523,45;Rohdaten
2021-01-08;523,44;Rohdaten
2021-01-09;523,43;Rohdaten
2021-01-10;523,43;Rohdaten
2021-01-11;523,42;Rohdaten
2021-01-12;523,42;Rohdaten
2021-01-13;523,42;Rohdaten
2021-01-14;523,42;Rohdaten
2021-01-15;523,41;Rohdaten
2021-01-16;523,41;Rohdaten
2021-01-17;523,40;Rohdaten
2021-01-18;523,40;Rohdaten
2021-01-19;523,39;Rohdaten
2021-01-20;523,40;Rohdaten
2021-01-21;523,39;Rohdaten
2021-01-22;523,39;Rohdaten
2021-01-23;523,39;Rohdaten
2021-01-24;523,39;Rohdaten
2021-01-25;523,38;Rohdaten
2021-01-26;523,38;Rohdaten
2021-01-27;523,38;Rohdaten
2021-01-28;523,40;Rohdaten
2021-01-29;523,47;Rohdaten
2021-01-30;523,51;Rohdaten
2021-01-31;523,55;Rohdaten
2021-02-01;523,57;Rohdaten
2021-02-02;523,58;Rohdaten
2021-02-03;523,59;Rohdaten
2021-02-04;523,61;Rohdaten
2021-02-05;523,61;Rohdaten
2021-02-06;523,61;Rohdaten
2021-02-07;523,61;Rohdaten
2021-02-08;523,62;Rohdaten
2021-02-09;523,61;Rohdaten
2021-02-10;523,61;Rohdaten
2021-02-11;523,60;Rohdaten
2021-02-12;523,60;Rohdaten
2021-02-13;523,59;Rohdaten
2021-02-14;523,58;Rohdaten
2021-02-15;523,58;Rohdaten
2021-02-16;523,58;Rohdaten
2021-02-17;523,58;Rohdaten
2021-02-18;523,58;Rohdaten
2021-02-19;523,57;Rohdaten
2021-02-20;523,56;Rohdaten
2021-02-21;523,56;Rohdaten
2021-02-22;523,55;Rohdaten
2021-02-23;523,55;Rohdaten
2021-02-24;523,54;Rohdaten
2021-02-25;523,54;Rohdaten
2021-02-26;523,53;Rohdaten
2021-02-27;523,53;Rohdaten
2021-02-28;523,52;Rohdaten
2021-03-01;523,51;Rohdaten
2021-03-02;523,51;Rohdaten
2021-03-03;523,50;Rohdaten
2021-03-04;523,50;Rohdaten
2021-03-05;523,50;Rohdaten
2021-03-06;523,49;Rohdaten
2021-03-07;523,49;Rohdaten
2021-03-08;523,48;Rohdaten
2021-03-09;523,48;Rohdaten
2021-03-10;523,47;Rohdaten
2021-03-11;523,47;Rohdaten
2021-03-12;523,48;Rohdaten
2021-03-13;523,47;Rohdaten
2021-03-14;523,47;Rohdaten
2021-03-15;523,47;Rohdaten
2021-03-16;523,47;Rohdaten
2021-03-17;523,47;Rohdaten
2021-03-18;523,48;Rohdaten
2021-03-19;523,48;Rohdaten
2021-03-20;523,48;Rohdaten
2021-03-21;523,47;Rohdaten
2021-03-22;523,47;Rohdaten
2021-03-23;523,47;Rohdaten
2021-03-24;523,46;Rohdaten
2021-03-25;523,46;Rohdaten
2021-03-26;523,45;Rohdaten
2021-03-27;523,45;Rohdaten
2021-03-28;523,45;Rohdaten
2021-03-29;523,44;Rohdaten
2021-03-30;523,44;Rohdaten
2021-03-31;523,43;Rohdaten
2021-04-01;523,43;Rohdaten
2021-04-02;523,42;Rohdaten
2021-04-03;523,42;Rohdaten
2021-04-04;523,42;Rohdaten
2021-04-05;523,41;Rohdaten
2021-04-06;523,41;Rohdaten
2021-04-07;523,40;Rohdaten
2021-04-08;523,40;Rohdaten
2021-04-09;523,40;Rohdaten
2021-04-10;523,39;Rohdaten
2021-04-11;523,39;Rohdaten
2021-04-12;523,38;Rohdaten
2021-04-13;523,39;Rohdaten
2021-04-14;523,38;Rohdaten
2021-04-15;523,38;Rohdaten
2021-04-16;523,37;Rohdaten
2021-04-17;523,37;Rohdaten
2021-04-18;523,36;Rohdaten
2021-04-19;523,36;Rohdaten
2021-04-20;523,36;Rohdaten
2021-04-21;523,35;Rohdaten
2021-04-22;523,35;Rohdaten
2021-04-23;523,34;Rohdaten
2021-04-24;523,34;Rohdaten
2021-04-25;523,33;Rohdaten
2021-04-26;523,33;Rohdaten
2021-04-27;523,32;Rohdaten
2021-04-28;523,31;Rohdaten
2021-04-29;523,31;Rohdaten
2021-04-30;523,31;Rohdaten
2021-05-01;523,31;Rohdaten
2021-05-02;523,34;Rohdaten
2021-05-03;523,35;Rohdaten
2021-05-04;523,34;Rohdaten
2021-05-05;523,34;Rohdaten
2021-05-06;523,34;Rohdaten
2021-05-07;523,36;Rohdaten
2021-05-08;523,37;Rohdaten
2021-05-09;523,37;Rohdaten
2021-05-10;523,37;Rohdaten
2021-05-11;523,36;Rohdaten
2021-05-12;523,39;Rohdaten
2021-05-13;523,43;Rohdaten
2021-05-14;523,44;Rohdaten
2021-05-15;523,45;Rohdaten
2021-05-16;523,46;Rohdaten
2021-05-17;523,47;Rohdaten
2021-05-18;523,47;Rohdaten
2021-05-19;523,47;Rohdaten
2021-05-20;523,47;Rohdaten
2021-05-21;523,47;Rohdaten
2021-05-22;523,49;Rohdaten
2021-05-23;523,49;Rohdaten
2021-05-24;523,50;Rohdaten
2021-05-25;523,50;Rohdaten
2021-05-26;523,50;Rohdaten
2021-05-27;523,51;Rohdaten
2021-05-28;523,50;Rohdaten
2021-05-29;523,50;Rohdaten
2021-05-30;523,49;Rohdaten
2021-05-31;523,49;Rohdaten
2021-06-01;523,48;Rohdaten
2021-06-02;523,47;Rohdaten
2021-06-03;523,46;Rohdaten
2021-06-04;523,46;Rohdaten
2021-06-05;523,45;Rohdaten
2021-06-06;523,52;Rohdaten
2021-06-07;523,53;Rohdaten
2021-06-08;523,53;Rohdaten
2021-06-09;523,52;Rohdaten
2021-06-10;523,52;Rohdaten
2021-06-11;523,52;Rohdaten
2021-06-12;523,52;Rohdaten
2021-06-13;523,51;Rohdaten
2021-06-14;523,50;Rohdaten
2021-06-15;523,49;Rohdaten
2021-06-16;523,48;Rohdaten
2021-06-17;523,47;Rohdaten
2021-06-18;523,46;Rohdaten
2021-06-19;523,45;Rohdaten
2021-06-20;523,45;Rohdaten
2021-06-21;523,44;Rohdaten
2021-06-22;523,45;Rohdaten
2021-06-23;523,47;Rohdaten
2021-06-24;523,49;Rohdaten
2021-06-25;523,50;Rohdaten
2021-06-26;523,50;Rohdaten
2021-06-27;523,49;Rohdaten
2021-06-28;523,48;Rohdaten
2021-06-29;523,48;Rohdaten
2021-06-30;523,49;Rohdaten
2021-07-01;523,49;Rohdaten
2021-07-02;523,48;Rohdaten
2021-07-03;523,48;Rohdaten
2021-07-04;523,47;Rohdaten
2021-07-05;523,49;Rohdaten
2021-07-06;523,48;Rohdaten
2021-07-07;523,52;Rohdaten
2021-07-08;523,53;Rohdaten
2021-07-09;523,58;Rohdaten
2021-07-10;523,60;Rohdaten
2021-07-11;523,61;Rohdaten
2021-07-12;523,61;Rohdaten
2021-07-13;523,61;Rohdaten
2021-07-14;523,61;Rohdaten
2021-07-15;523,60;Rohdaten
2021-07-16;523,60;Rohdaten
2021-07-17;523,59;Rohdaten
2021-07-18;523,59;Rohdaten
2021-07-19;523,59;Rohdaten
2021-07-20;523,58;Rohdaten
2021-07-21;523,57;Rohdaten
2021-07-22;523,56;Rohdaten
2021-07-23;523,56;Rohdaten
2021-07-24;523,55;Rohdaten
2021-07-25;523,55;Rohdaten
2021-07-26;523,55;Rohdaten
2021-07-27;523,55;Rohdaten
2021-07-28;523,57;Rohdaten
2021-07-29;523,58;Rohdaten
2021-07-30;523,57;Rohdaten
2021-07-31;523,58;Rohdaten
2021-08-01;523,59;Rohdaten
2021-08-02;523,60;Rohdaten
2021-08-03;523,60;Rohdaten
2021-08-04;523,60;Rohdaten
2021-08-05;523,63;Rohdaten
2021-08-06;523,64;Rohdaten
2021-08-07;523,64;Rohdaten
2021-08-08;523,65;Rohdaten
2021-08-09;523,66;Rohdaten
2021-08-10;523,65;Rohdaten
2021-08-11;523,65;Rohdaten
2021-08-12;523,64;Rohdaten
2021-08-13;523,64;Rohdaten
2021-08-14;523,63;Rohdaten
2021-08-15;523,63;Rohdaten
2021-08-16;523,64;Rohdaten
2021-08-17;523,67;Rohdaten
2021-08-18;523,67;Rohdaten
2021-08-19;523,66;Rohdaten
2021-08-20;523,66;Rohdaten
2021-08-21;523,65;Rohdaten
2021-08-22;523,65;Rohdaten
2021-08-23;523,66;Rohdaten
2021-08-24;523,66;Rohdaten
2021-08-25;523,66;Rohdaten
2021-08-26;523,65;Rohdaten
2021-08-27;523,65;Rohdaten
2021-08-28;523,66;Rohdaten
2021-08-29;523,68;Rohdaten
2021-08-30;523,74;Rohdaten
2021-08-31;523,80;Rohdaten
2021-09-01;523,82;Rohdaten
2021-09-02;523,83;Rohdaten
2021-09-03;523,84;Rohdaten
2021-09-04;523,84;Rohdaten
2021-09-05;523,83;Rohdaten
2021-09-06;523,83;Rohdaten
2021-09-07;523,82;Rohdaten
2021-09-08;523,82;Rohdaten
2021-09-09;523,82;Rohdaten
2021-09-10;523,81;Rohdaten
2021-09-11;523,80;Rohdaten
2021-09-12;523,80;Rohdaten
2021-09-13;523,80;Rohdaten
2021-09-14;523,80;Rohdaten
2021-09-15;523,80;Rohdaten
2021-09-16;523,81;Rohdaten
2021-09-17;523,82;Rohdaten
2021-09-18;523,81;Rohdaten
2021-09-19;523,81;Rohdaten
2021-09-20;523,81;Rohdaten
2021-09-21;523,80;Rohdaten
2021-09-22;523,80;Rohdaten
2021-09-23;523,80;Rohdaten
2021-09-24;523,79;Rohdaten
2021-09-25;523,79;Rohdaten
2021-09-26;523,79;Rohdaten
2021-09-27;523,83;Rohdaten
2021-09-28;523,82;Rohdaten
2021-09-29;523,82;Rohdaten
2021-09-30;523,81;Rohdaten
2021-10-01;523,81;Rohdaten
2021-10-02;523,81;Rohdaten
2021-10-03;523,80;Rohdaten
2021-10-04;523,80;Rohdaten
2021-10-05;523,80;Rohdaten
2021-10-06;523,79;Rohdaten
2021-10-07;523,79;Rohdaten
2021-10-08;523,79;Rohdaten
2021-10-09;523,78;Rohdaten
2021-10-10;523,78;Rohdaten
2021-10-11;523,78;Rohdaten
2021-10-12;523,78;Rohdaten
2021-10-13;523,79;Rohdaten
2021-10-14;523,79;Rohdaten
2021-10-15;523,79;Rohdaten
2021-10-16;523,78;Rohdaten
2021-10-17;523,78;Rohdaten
2021-10-18;523,77;Rohdaten
2021-10-19;523,77;Rohdaten
2021-10-20;523,76;Rohdaten
2021-10-21;523,76;Rohdaten
2021-10-22;523,76;Rohdaten
2021-10-23;523,75;Rohdaten
2021-10-24;523,75;Rohdaten
2021-10-25;523,75;Rohdaten
2021-10-26;523,74;Rohdaten
2021-10-27;523,74;Rohdaten
2021-10-28;523,74;Rohdaten
2021-10-29;523,73;Rohdaten
2021-10-30;523,73;Rohdaten
2021-10-31;523,73;Rohdaten
2021-11-01;523,73;Rohdaten
2021-11-02;523,74;Rohdaten
2021-11-03;523,74;Rohdaten
2021-11-04;523,74;Rohdaten
2021-11-05;523,73;Rohdaten
2021-11-06;523,73;Rohdaten
2021-11-07;523,73;Rohdaten
2021-11-08;523,72;Rohdaten
2021-11-09;523,72;Rohdaten
2021-11-10;523,72;Rohdaten
2021-11-11;523,72;Rohdaten
2021-11-12;523,71;Rohdaten
2021-11-13;523,71;Rohdaten
2021-11-14;523,71;Rohdaten
2021-11-15;523,70;Rohdaten
2021-11-16;523,70;Rohdaten
2021-11-17;523,70;Rohdaten
2021-11-18;523,70;Rohdaten
2021-11-19;523,69;Rohdaten
2021-11-20;523,69;Rohdaten
2021-11-21;523,69;Rohdaten
2021-11-22;523,68;Rohdaten
2021-11-23;523,68;Rohdaten
2021-11-24;523,68;Rohdaten
2021-11-25;523,67;Rohdaten
2021-11-26;523,67;Rohdaten
2021-11-27;523,67;Rohdaten
2021-11-28;523,67;Rohdaten
2021-11-29;523,66;Rohdaten
2021-11-30;523,66;Rohdaten
2021-12-01;523,65;Rohdaten
2021-12-02;523,66;Rohdaten
2021-12-03;523,65;Rohdaten
2021-12-04;523,65;Rohdaten
2021-12-05;523,65;Rohdaten
2021-12-06;523,65;Rohdaten
2021-12-07;523,64;Rohdaten
2021-12-08;523,64;Rohdaten
2021-12-09;523,64;Rohdaten
2021-12-10;523,64;Rohdaten
2021-12-11;523,64;Rohdaten
2021-12-12;523,64;Rohdaten
2021-12-13;523,63;Rohdaten
2021-12-14;523,63;Rohdaten
2021-12-15;523,63;Rohdaten
2021-12-16;523,63;Rohdaten
2021-12-17;523,62;Rohdaten
2021-12-18;523,62;Rohdaten
2021-12-19;523,62;Rohdaten
2021-12-20;523,61;Rohdaten
2021-12-21;523,61;Rohdaten
2021-12-22;523,60;Rohdaten
2021-12-23;523,60;Rohdaten
2021-12-24;523,60;Rohdaten
2021-12-25;523,60;Rohdaten
2021-12-26;523,60;Rohdaten
2021-12-27;523,60;Rohdaten
2021-12-28;523,60;Rohdaten
2021-12-29;523,62;Rohdaten
2021-12-30;523,65;Rohdaten
2021-12-31;523,66;Rohdaten
2022-01-01;523,67;Rohdaten
2022-01-02;523,68;Rohdaten
2022-01-03;523,68;Rohdaten
2022-01-04;523,68;Rohdaten
2022-01-05;523,69;Rohdaten
2022-01-06;523,68;Rohdaten
2022-01-07;523,68;Rohdaten
2022-01-08;523,68;Rohdaten
2022-01-09;523,67;Rohdaten
2022-01-10;523,67;Rohdaten
2022-01-11;523,66;Rohdaten
2022-01-12;523,65;Rohdaten
2022-01-13;523,65;Rohdaten
2022-01-14;523,64;Rohdaten
2022-01-15;523,63;Rohdaten
2022-01-16;523,63;Rohdaten
2022-01-17;523,62;Rohdaten
2022-01-18;523,61;Rohdaten
2022-01-19;523,60;Rohdaten
2022-01-20;523,60;Rohdaten
2022-01-21;523,59;Rohdaten
2022-01-22;523,58;Rohdaten
2022-01-23;523,58;Rohdaten
2022-01-24;523,58;Rohdaten
2022-01-25;523,57;Rohdaten
2022-01-26;523,57;Rohdaten
2022-01-27;523,56;Rohdaten
2022-01-28;523,56;Rohdaten
2022-01-29;523,56;Rohdaten
2022-01-30;523,55;Rohdaten
2022-01-31;523,55;Rohdaten
2022-02-01;523,54;Rohdaten
2022-02-02;523,55;Rohdaten
2022-02-03;523,55;Rohdaten
2022-02-04;523,55;Rohdaten
2022-02-05;523,54;Rohdaten
2022-02-06;523,54;Rohdaten
2022-02-07;523,54;Rohdaten
2022-02-08;523,54;Rohdaten
2022-02-09;523,54;Rohdaten
2022-02-10;523,53;Rohdaten
2022-02-11;523,53;Rohdaten
2022-02-12;523,53;Rohdaten
2022-02-13;523,53;Rohdaten
2022-02-14;523,52;Rohdaten
2022-02-15;523,52;Rohdaten
2022-02-16;523,51;Rohdaten
2022-02-17;523,51;Rohdaten
2022-02-18;523,52;Rohdaten
2022-02-19;523,51;Rohdaten
2022-02-20;523,51;Rohdaten
2022-02-21;523,50;Rohdaten
2022-02-22;523,50;Rohdaten
2022-02-23;523,49;Rohdaten
2022-02-24;523,49;Rohdaten
2022-02-25;523,48;Rohdaten
2022-02-26;523,48;Rohdaten
2022-02-27;523,47;Rohdaten
2022-02-28;523,47;Rohdaten
2022-03-01;523,46;Rohdaten
2022-03-02;523,46;Rohdaten
2022-03-03;523,45;Rohdaten
2022-03-04;523,45;Rohdaten
2022-03-05;523,44;Rohdaten
2022-03-06;523,43;Rohdaten
2022-03-07;523,43;Rohdaten
2022-03-08;523,42;Rohdaten
2022-03-09;523,42;Rohdaten
2022-03-10;523,41;Rohdaten
2022-03-11;523,40;Rohdaten
2022-03-12;523,40;Rohdaten
2022-03-13;523,39;Rohdaten
2022-03-14;523,39;Rohdaten
2022-03-15;523,38;Rohdaten
2022-03-16;523,37;Rohdaten
2022-03-17;523,37;Rohdaten
2022-03-18;523,36;Rohdaten
2022-03-19;523,35;Rohdaten
2022-03-20;523,35;Rohdaten
2022-03-21;523,34;Rohdaten
2022-03-22;523,33;Rohdaten
2022-03-23;523,33;Rohdaten
2022-03-24;523,32;Rohdaten
2022-03-25;523,31;Rohdaten
2022-03-26;523,31;Rohdaten
2022-03-27;523,30;Rohdaten
2022-03-28;523,30;Rohdaten
2022-03-29;523,29;Rohdaten
2022-03-30;523,28;Rohdaten
2022-03-31;523,28;Rohdaten
2022-04-01;523,29;Rohdaten
2022-04-02;523,28;Rohdaten
2022-04-03;523,28;Rohdaten
2022-04-04;523,28;Rohdaten
2022-04-05;523,28;Rohdaten
2022-04-06;523,28;Rohdaten
2022-04-07;523,27;Rohdaten
2022-04-08;523,28;Rohdaten
2022-04-09;523,28;Rohdaten
2022-04-10;523,27;Rohdaten
2022-04-11;523,27;Rohdaten
2022-04-12;523,26;Rohdaten
2022-04-13;523,26;Rohdaten
2022-04-14;523,25;Rohdaten
2022-04-15;523,25;Rohdaten
2022-04-16;523,24;Rohdaten
2022-04-17;523,24;Rohdaten
2022-04-18;523,23;Rohdaten
2022-04-19;523,23;Rohdaten
2022-04-20;523,22;Rohdaten
2022-04-21;523,22;Rohdaten
2022-04-22;523,21;Rohdaten
2022-04-23;523,20;Rohdaten
2022-04-24;523,20;Rohdaten
2022-04-25;523,19;Rohdaten
2022-04-26;523,20;Rohdaten
2022-04-27;523,21;Rohdaten
2022-04-28;523,20;Rohdaten
2022-04-29;523,19;Rohdaten
2022-04-30;523,18;Rohdaten
2022-05-01;523,18;Rohdaten
2022-05-02;523,17;Rohdaten
2022-05-03;523,17;Rohdaten
2022-05-04;523,17;Rohdaten
2022-05-05;523,21;Rohdaten
2022-05-06;523,22;Rohdaten
2022-05-07;523,22;Rohdaten
2022-05-08;523,22;Rohdaten
2022-05-09;523,21;Rohdaten
2022-05-10;523,20;Rohdaten
2022-05-11;523,20;Rohdaten
2022-05-12;523,20;Rohdaten
2022-05-13;523,22;Rohdaten
2022-05-14;523,23;Rohdaten
2022-05-15;523,23;Rohdaten
2022-05-16;523,23;Rohdaten
2022-05-17;523,22;Rohdaten
2022-05-18;523,22;Rohdaten
2022-05-19;523,21;Rohdaten
2022-05-20;523,21;Rohdaten
2022-05-21;523,20;Rohdaten
2022-05-22;523,20;Rohdaten
2022-05-23;523,19;Rohdaten
2022-05-24;523,22;Rohdaten
2022-05-25;523,24;Rohdaten
2022-05-26;523,24;Rohdaten
2022-05-27;523,24;Rohdaten
2022-05-28;523,23;Rohdaten
2022-05-29;523,22;Rohdaten
2022-05-30;523,22;Rohdaten
2022-05-31;523,21;Rohdaten
2022-06-01;523,20;Rohdaten
2022-06-02;523,20;Rohdaten
2022-06-03;523,20;Rohdaten
2022-06-04;523,24;Rohdaten
2022-06-05;523,25;Rohdaten
2022-06-06;523,27;Rohdaten
2022-06-07;523,28;Rohdaten
2022-06-08;523,30;Rohdaten
2022-06-09;523,32;Rohdaten
2022-06-10;523,33;Rohdaten
2022-06-11;523,33;Rohdaten
2022-06-12;523,33;Rohdaten
2022-06-13;523,33;Rohdaten
2022-06-14;523,32;Rohdaten
2022-06-15;523,32;Rohdaten
2022-06-16;523,31;Rohdaten
2022-06-17;523,30;Rohdaten
2022-06-18;523,29;Rohdaten
2022-06-19;523,28;Rohdaten
2022-06-20;523,27;Rohdaten
2022-06-21;523,26;Rohdaten
2022-06-22;523,25;Rohdaten
2022-06-23;523,23;Rohdaten
2022-06-24;523,23;Rohdaten
2022-06-25;523,24;Rohdaten
2022-06-26;523,23;Rohdaten
2022-06-27;523,22;Rohdaten
2022-06-28;523,22;Rohdaten
2022-06-29;523,21;Rohdaten
2022-06-30;523,20;Rohdaten
2022-07-01;523,20;Rohdaten
2022-07-02;523,19;Rohdaten
2022-07-03;523,18;Rohdaten
2022-07-04;523,18;Rohdaten
2022-07-05;523,18;Rohdaten
2022-07-06;523,17;Rohdaten
2022-07-07;523,15;Rohdaten
2022-07-08;523,14;Rohdaten
2022-07-09;523,12;Rohdaten
2022-07-10;523,10;Rohdaten
2022-07-11;523,10;Rohdaten
2022-07-12;523,09;Rohdaten
2022-07-13;523,08;Rohdaten
2022-07-14;523,07;Rohdaten
2022-07-15;523,06;Rohdaten
2022-07-16;523,05;Rohdaten
2022-07-17;523,04;Rohdaten
2022-07-18;523,04;Rohdaten
2022-07-19;523,03;Rohdaten
2022-07-20;523,02;Rohdaten
2022-07-21;523,01;Rohdaten
2022-07-22;523,00;Rohdaten
2022-07-23;523,00;Rohdaten
2022-07-24;522,99;Rohdaten
2022-07-25;522,98;Rohdaten
2022-07-26;523,01;Rohdaten
2022-07-27;523,00;Rohdaten
2022-07-28;522,99;Rohdaten
2022-07-29;522,98;Rohdaten
2022-07-30;522,97;Rohdaten
2022-07-31;522,97;Rohdaten
2022-08-01;522,96;Rohdaten
2022-08-02;522,96;Rohdaten
2022-08-03;522,95;Rohdaten
2022-08-04;522,94;Rohdaten
2022-08-05;522,93;Rohdaten
2022-08-06;522,94;Rohdaten
2022-08-07;522,93;Rohdaten
2022-08-08;522,92;Rohdaten
2022-08-09;522,92;Rohdaten
2022-08-10;522,91;Rohdaten
2022-08-11;522,90;Rohdaten
2022-08-12;522,89;Rohdaten
2022-08-13;522,88;Rohdaten
2022-08-14;522,88;Rohdaten
2022-08-15;522,87;Rohdaten
2022-08-16;522,86;Rohdaten
2022-08-17;522,85;Rohdaten
2022-08-18;522,84;Rohdaten
2022-08-19;522,84;Rohdaten
2022-08-20;522,85;Rohdaten
2022-08-21;522,89;Rohdaten
2022-08-22;522,88;Rohdaten
2022-08-23;522,87;Rohdaten
2022-08-24;522,86;Rohdaten
2022-08-25;522,85;Rohdaten
2022-08-26;522,84;Rohdaten
2022-08-27;522,83;Rohdaten
2022-08-28;522,85;Rohdaten
2022-08-29;522,87;Rohdaten
2022-08-30;522,86;Rohdaten
2022-08-31;522,85;Rohdaten
2022-09-01;522,84;Rohdaten
2022-09-02;522,83;Rohdaten
2022-09-03;522,83;Rohdaten
2022-09-04;522,82;Rohdaten
2022-09-05;522,82;Rohdaten
2022-09-06;522,81;Rohdaten
2022-09-07;522,80;Rohdaten
2022-09-08;522,80;Rohdaten
2022-09-09;522,79;Rohdaten
2022-09-10;522,79;Rohdaten
2022-09-11;522,78;Rohdaten
2022-09-12;522,78;Rohdaten
2022-09-13;522,77;Rohdaten
2022-09-14;522,77;Rohdaten
2022-09-15;522,76;Rohdaten
2022-09-16;522,76;Rohdaten
2022-09-17;522,75;Rohdaten
2022-09-18;522,76;Rohdaten
2022-09-19;522,76;Rohdaten
2022-09-20;522,75;Rohdaten
2022-09-21;522,75;Rohdaten
2022-09-22;522,74;Rohdaten
2022-09-23;522,73;Rohdaten
2022-09-24;522,73;Rohdaten
2022-09-25;522,72;Rohdaten
2022-09-26;522,72;Rohdaten
2022-09-27;522,71;Rohdaten
2022-09-28;522,71;Rohdaten
2022-09-29;522,71;Rohdaten
2022-09-30;522,71;Rohdaten
2022-10-01;522,70;Rohdaten
2022-10-02;522,71;Rohdaten
2022-10-03;522,79;Rohdaten
2022-10-04;522,80;Rohdaten
2022-10-05;522,80;Rohdaten
2022-10-06;522,80;Rohdaten
2022-10-07;522,79;Rohdaten
2022-10-08;522,78;Rohdaten
2022-10-09;522,77;Rohdaten
2022-10-10;522,76;Rohdaten
2022-10-11;522,76;Rohdaten
2022-10-12;522,75;Rohdaten
2022-10-13;522,74;Rohdaten
2022-10-14;522,73;Rohdaten
2022-10-15;522,75;Rohdaten
2022-10-16;522,75;Rohdaten
2022-10-17;522,75;Rohdaten
2022-10-18;522,74;Rohdaten
2022-10-19;522,73;Rohdaten
2022-10-20;522,72;Rohdaten
2022-10-21;522,71;Rohdaten
2022-10-22;522,69;Rohdaten
2022-10-23;522,70;Rohdaten
2022-10-24;522,71;Rohdaten
2022-10-25;522,75;Rohdaten
2022-10-26;522,75;Rohdaten
2022-10-27;522,75;Rohdaten
2022-10-28;522,74;Rohdaten
2022-10-29;522,73;Rohdaten
2022-10-30;522,72;Rohdaten
2022-10-31;522,71;Rohdaten
2022-11-01;522,70;Rohdaten
2022-11-02;522,69;Rohdaten
2022-11-03;522,68;Rohdaten
2022-11-04;522,68;Rohdaten
2022-11-05;522,68;Rohdaten
2022-11-06;522,67;Rohdaten
2022-11-07;522,65;Rohdaten
2022-11-08;522,65;Rohdaten
2022-11-09;522,64;Rohdaten
2022-11-10;522,63;Rohdaten
2022-11-11;522,62;Rohdaten
2022-11-12;522,61;Rohdaten
2022-11-13;522,61;Rohdaten
2022-11-14;522,60;Rohdaten
2022-11-15;522,59;Rohdaten
2022-11-16;522,59;Rohdaten
2022-11-17;522,58;Rohdaten
2022-11-18;522,59;Rohdaten
2022-11-19;522,60;Rohdaten
2022-11-20;522,59;Rohdaten
2022-11-21;522,58;Rohdaten
2022-11-22;522,58;Rohdaten
2022-11-23;522,58;Rohdaten
2022-11-24;522,58;Rohdaten
2022-11-25;522,58;Rohdaten
2022-11-26;522,58;Rohdaten
2022-11-27;522,58;Rohdaten
2022-11-28;522,58;Rohdaten
2022-11-29;522,58;Rohdaten
2022-11-30;522,58;Rohdaten
2022-12-01;522,57;Rohdaten
2022-12-02;522,57;Rohdaten
2022-12-03;522,57;Rohdaten
2022-12-04;522,57;Rohdaten
2022-12-05;522,56;Rohdaten
2022-12-06;522,56;Rohdaten
2022-12-07;522,56;Rohdaten
2022-12-08;522,55;Rohdaten
2022-12-09;522,55;Rohdaten
2022-12-10;522,54;Rohdaten
2022-12-11;522,54;Rohdaten
2022-12-12;522,53;Rohdaten
2022-12-13;522,53;Rohdaten
2022-12-14;522,52;Rohdaten
2022-12-15;522,52;Rohdaten
2022-12-16;522,51;Rohdaten
2022-12-17;522,51;Rohdaten
2022-12-18;522,50;Rohdaten
2022-12-19;522,50;Rohdaten
2022-12-20;522,49;Rohdaten
2022-12-21;522,49;Rohdaten
2022-12-22;522,51;Rohdaten
2022-12-23;522,51;Rohdaten
2022-12-24;522,55;Rohdaten
2022-12-25;522,57;Rohdaten
2022-12-26;522,58;Rohdaten
2022-12-27;522,61;Rohdaten
2022-12-28;522,63;Rohdaten
2022-12-29;522,64;Rohdaten
2022-12-30;522,64;Rohdaten
2022-12-31;522,64;Rohdaten
