﻿Quelle:;"Bayerisches Landesamt für Umwelt, www.gkd.bayern.de"
Datenbankabfrage:;"18.11.2023 16:38"
Zeitbezug:;MEZ
Messstellen-Name:;"München KP 1560"
Messstellen-Nr.:;16814
Ostwert:;685052;Nordwert:;5339991;"ETRS89 / UTM Zone 32N"

Datum;"Grundwasserstand [m ü. NN]";Prüfstatus
2014-11-19;501,98;Rohdaten
2014-11-20;501,99;Rohdaten
2014-11-21;502,00;Rohdaten
2014-11-22;502,00;Rohdaten
2014-11-23;502,00;Rohdaten
2014-11-24;502,00;Rohdaten
2014-11-25;501,99;Rohdaten
2014-11-26;501,98;Rohdaten
2014-11-27;501,98;Rohdaten
2014-11-28;501,97;Rohdaten
2014-11-29;501,96;Rohdaten
2014-11-30;501,96;Rohdaten
2014-12-01;501,95;Rohdaten
2014-12-02;501,94;Rohdaten
2014-12-03;501,93;Rohdaten
2014-12-04;;Rohdaten
2014-12-05;501,92;Rohdaten
2014-12-06;501,92;Rohdaten
2014-12-07;;Rohdaten
2014-12-08;;Rohdaten
2014-12-09;501,90;Rohdaten
2014-12-10;501,90;Rohdaten
2014-12-11;501,89;Rohdaten
2014-12-12;501,88;Rohdaten
2014-12-13;501,87;Rohdaten
2014-12-14;501,86;Rohdaten
2014-12-15;501,86;Rohdaten
2014-12-16;;Rohdaten
2014-12-17;501,84;Rohdaten
2014-12-18;501,83;Rohdaten
2014-12-19;501,83;Rohdaten
2014-12-20;501,85;Rohdaten
2014-12-21;501,86;Rohdaten
2014-12-22;501,86;Rohdaten
2014-12-23;501,86;Rohdaten
2014-12-24;501,85;Rohdaten
2014-12-25;;Rohdaten
2014-12-26;;Rohdaten
2014-12-27;501,84;Rohdaten
2014-12-28;501,83;Rohdaten
2014-12-29;501,82;Rohdaten
2014-12-30;501,81;Rohdaten
2014-12-31;501,80;Rohdaten
2015-01-01;501,79;Rohdaten
2015-01-02;501,79;Rohdaten
2015-01-03;501,82;Rohdaten
2015-01-04;501,94;Rohdaten
2015-01-05;502,05;Rohdaten
2015-01-06;502,09;Rohdaten
2015-01-07;502,09;Rohdaten
2015-01-08;;Rohdaten
2015-01-09;502,09;Rohdaten
2015-01-10;502,10;Rohdaten
2015-01-11;502,10;Rohdaten
2015-01-12;502,11;Rohdaten
2015-01-13;502,12;Rohdaten
2015-01-14;502,13;Rohdaten
2015-01-15;502,14;Rohdaten
2015-01-16;502,14;Rohdaten
2015-01-17;502,14;Rohdaten
2015-01-18;502,15;Rohdaten
2015-01-19;502,16;Rohdaten
2015-01-20;502,17;Rohdaten
2015-01-21;502,17;Rohdaten
2015-01-22;502,18;Rohdaten
2015-01-23;502,17;Rohdaten
2015-01-24;502,17;Rohdaten
2015-01-25;502,17;Rohdaten
2015-01-26;502,17;Rohdaten
2015-01-27;502,17;Rohdaten
2015-01-28;502,17;Rohdaten
2015-01-29;502,18;Rohdaten
2015-01-30;502,19;Rohdaten
2015-01-31;502,19;Rohdaten
2015-02-01;502,19;Rohdaten
2015-02-02;502,19;Rohdaten
2015-02-03;502,19;Rohdaten
2015-02-04;502,18;Rohdaten
2015-02-05;502,18;Rohdaten
2015-02-06;502,17;Rohdaten
2015-02-07;502,16;Rohdaten
2015-02-08;502,15;Rohdaten
2015-02-09;502,15;Rohdaten
2015-02-10;502,14;Rohdaten
2015-02-11;502,14;Rohdaten
2015-02-12;502,13;Rohdaten
2015-02-13;502,12;Rohdaten
2015-02-14;502,12;Rohdaten
2015-02-15;502,11;Rohdaten
2015-02-16;502,10;Rohdaten
2015-02-17;502,09;Rohdaten
2015-02-18;502,08;Rohdaten
2015-02-19;502,08;Rohdaten
2015-02-20;502,07;Rohdaten
2015-02-21;502,07;Rohdaten
2015-02-22;502,06;Rohdaten
2015-02-23;502,06;Rohdaten
2015-02-24;502,07;Rohdaten
2015-02-25;502,06;Rohdaten
2015-02-26;502,06;Rohdaten
2015-02-27;502,06;Rohdaten
2015-02-28;502,06;Rohdaten
2015-03-01;502,06;Rohdaten
2015-03-02;502,07;Rohdaten
2015-03-03;502,07;Rohdaten
2015-03-04;502,07;Rohdaten
2015-03-05;502,07;Rohdaten
2015-03-06;502,07;Rohdaten
2015-03-07;502,06;Rohdaten
2015-03-08;502,06;Rohdaten
2015-03-09;502,05;Rohdaten
2015-03-10;502,05;Rohdaten
2015-03-11;502,04;Rohdaten
2015-03-12;502,04;Rohdaten
2015-03-13;502,03;Rohdaten
2015-03-14;502,03;Rohdaten
2015-03-15;502,02;Rohdaten
2015-03-16;502,01;Rohdaten
2015-03-17;502,00;Rohdaten
2015-03-18;502,00;Rohdaten
2015-03-19;501,99;Rohdaten
2015-03-20;501,98;Rohdaten
2015-03-21;501,98;Rohdaten
2015-03-22;501,98;Rohdaten
2015-03-23;501,98;Rohdaten
2015-03-24;501,97;Rohdaten
2015-03-25;501,97;Rohdaten
2015-03-26;501,96;Rohdaten
2015-03-27;501,95;Rohdaten
2015-03-28;501,95;Rohdaten
2015-03-29;501,94;Rohdaten
2015-03-30;501,96;Rohdaten
2015-03-31;501,97;Rohdaten
2015-04-01;501,99;Rohdaten
2015-04-02;502,00;Rohdaten
2015-04-03;502,02;Rohdaten
2015-04-04;502,03;Rohdaten
2015-04-05;502,04;Rohdaten
2015-04-06;502,05;Rohdaten
2015-04-07;502,05;Rohdaten
2015-04-08;502,05;Rohdaten
2015-04-09;502,05;Rohdaten
2015-04-10;502,04;Rohdaten
2015-04-11;502,04;Rohdaten
2015-04-12;502,04;Rohdaten
2015-04-13;502,03;Rohdaten
2015-04-14;502,03;Rohdaten
2015-04-15;502,02;Rohdaten
2015-04-16;502,02;Rohdaten
2015-04-17;502,03;Rohdaten
2015-04-18;502,04;Rohdaten
2015-04-19;502,04;Rohdaten
2015-04-20;502,03;Rohdaten
2015-04-21;502,02;Rohdaten
2015-04-22;502,02;Rohdaten
2015-04-23;502,01;Rohdaten
2015-04-24;502,00;Rohdaten
2015-04-25;502,00;Rohdaten
2015-04-26;501,99;Rohdaten
2015-04-27;501,99;Rohdaten
2015-04-28;502,00;Rohdaten
2015-04-29;502,01;Rohdaten
2015-04-30;502,00;Rohdaten
2015-05-01;502,03;Rohdaten
2015-05-02;502,13;Rohdaten
2015-05-03;502,21;Rohdaten
2015-05-04;502,29;Rohdaten
2015-05-05;502,33;Rohdaten
2015-05-06;502,35;Rohdaten
2015-05-07;502,37;Rohdaten
2015-05-08;502,38;Rohdaten
2015-05-09;502,37;Rohdaten
2015-05-10;;Rohdaten
2015-05-11;;Rohdaten
2015-05-12;502,38;Rohdaten
2015-05-13;502,37;Rohdaten
2015-05-14;502,37;Rohdaten
2015-05-15;502,36;Rohdaten
2015-05-16;502,36;Rohdaten
2015-05-17;502,35;Rohdaten
2015-05-18;502,34;Rohdaten
2015-05-19;502,34;Rohdaten
2015-05-20;502,39;Rohdaten
2015-05-21;502,43;Rohdaten
2015-05-22;502,44;Rohdaten
2015-05-23;502,44;Rohdaten
2015-05-24;502,44;Rohdaten
2015-05-25;502,43;Rohdaten
2015-05-26;502,43;Rohdaten
2015-05-27;502,42;Rohdaten
2015-05-28;502,41;Rohdaten
2015-05-29;502,40;Rohdaten
2015-05-30;502,39;Rohdaten
2015-05-31;502,38;Rohdaten
2015-06-01;502,37;Rohdaten
2015-06-02;;Rohdaten
2015-06-03;502,35;Rohdaten
2015-06-04;502,34;Rohdaten
2015-06-05;502,33;Rohdaten
2015-06-06;502,32;Rohdaten
2015-06-07;502,33;Rohdaten
2015-06-08;;Rohdaten
2015-06-09;502,37;Rohdaten
2015-06-10;502,37;Rohdaten
2015-06-11;502,36;Rohdaten
2015-06-12;502,35;Rohdaten
2015-06-13;502,34;Rohdaten
2015-06-14;502,35;Rohdaten
2015-06-15;502,42;Rohdaten
2015-06-16;502,51;Rohdaten
2015-06-17;502,53;Rohdaten
2015-06-18;502,52;Rohdaten
2015-06-19;502,51;Rohdaten
2015-06-20;502,50;Rohdaten
2015-06-21;502,49;Rohdaten
2015-06-22;502,51;Rohdaten
2015-06-23;502,52;Rohdaten
2015-06-24;502,52;Rohdaten
2015-06-25;502,51;Rohdaten
2015-06-26;502,50;Rohdaten
2015-06-27;502,49;Rohdaten
2015-06-28;502,48;Rohdaten
2015-06-29;502,47;Rohdaten
2015-06-30;502,46;Rohdaten
2015-07-01;502,45;Rohdaten
2015-07-02;502,43;Rohdaten
2015-07-03;502,43;Rohdaten
2015-07-04;502,42;Rohdaten
2015-07-05;502,41;Rohdaten
2015-07-06;502,42;Rohdaten
2015-07-07;502,41;Rohdaten
2015-07-08;502,42;Rohdaten
2015-07-09;502,42;Rohdaten
2015-07-10;502,41;Rohdaten
2015-07-11;502,40;Rohdaten
2015-07-12;502,39;Rohdaten
2015-07-13;502,38;Rohdaten
2015-07-14;502,38;Rohdaten
2015-07-15;502,37;Rohdaten
2015-07-16;502,36;Rohdaten
2015-07-17;502,35;Rohdaten
2015-07-18;502,34;Rohdaten
2015-07-19;502,33;Rohdaten
2015-07-20;502,33;Rohdaten
2015-07-21;502,32;Rohdaten
2015-07-22;502,31;Rohdaten
2015-07-23;502,32;Rohdaten
2015-07-24;502,32;Rohdaten
2015-07-25;502,31;Rohdaten
2015-07-26;502,29;Rohdaten
2015-07-27;502,29;Rohdaten
2015-07-28;502,29;Rohdaten
2015-07-29;502,28;Rohdaten
2015-07-30;502,26;Rohdaten
2015-07-31;502,25;Rohdaten
2015-08-01;502,24;Rohdaten
2015-08-02;502,23;Rohdaten
2015-08-03;502,21;Rohdaten
2015-08-04;502,20;Rohdaten
2015-08-05;502,19;Rohdaten
2015-08-06;502,18;Rohdaten
2015-08-07;502,18;Rohdaten
2015-08-08;502,17;Rohdaten
2015-08-09;502,16;Rohdaten
2015-08-10;502,14;Rohdaten
2015-08-11;502,13;Rohdaten
2015-08-12;502,12;Rohdaten
2015-08-13;502,11;Rohdaten
2015-08-14;502,10;Rohdaten
2015-08-15;502,10;Rohdaten
2015-08-16;502,10;Rohdaten
2015-08-17;502,10;Rohdaten
2015-08-18;502,09;Rohdaten
2015-08-19;502,08;Rohdaten
2015-08-20;502,09;Rohdaten
2015-08-21;502,13;Rohdaten
2015-08-22;502,13;Rohdaten
2015-08-23;502,12;Rohdaten
2015-08-24;502,12;Rohdaten
2015-08-25;502,16;Rohdaten
2015-08-26;502,15;Rohdaten
2015-08-27;502,14;Rohdaten
2015-08-28;502,13;Rohdaten
2015-08-29;502,11;Rohdaten
2015-08-30;502,11;Rohdaten
2015-08-31;502,09;Rohdaten
2015-09-01;502,08;Rohdaten
2015-09-02;502,09;Rohdaten
2015-09-03;502,10;Rohdaten
2015-09-04;502,12;Rohdaten
2015-09-05;502,12;Rohdaten
2015-09-06;502,12;Rohdaten
2015-09-07;502,11;Rohdaten
2015-09-08;502,10;Rohdaten
2015-09-09;502,09;Rohdaten
2015-09-10;502,08;Rohdaten
2015-09-11;502,07;Rohdaten
2015-09-12;502,06;Rohdaten
2015-09-13;502,05;Rohdaten
2015-09-14;502,04;Rohdaten
2015-09-15;502,04;Rohdaten
2015-09-16;502,03;Rohdaten
2015-09-17;502,02;Rohdaten
2015-09-18;502,01;Rohdaten
2015-09-19;502,00;Rohdaten
2015-09-20;502,00;Rohdaten
2015-09-21;501,99;Rohdaten
2015-09-22;501,98;Rohdaten
2015-09-23;501,99;Rohdaten
2015-09-24;501,98;Rohdaten
2015-09-25;501,97;Rohdaten
2015-09-26;501,96;Rohdaten
2015-09-27;501,95;Rohdaten
2015-09-28;501,95;Rohdaten
2015-09-29;501,94;Rohdaten
2015-09-30;501,92;Rohdaten
2015-10-01;501,91;Rohdaten
2015-10-02;501,90;Rohdaten
2015-10-03;501,89;Rohdaten
2015-10-04;501,88;Rohdaten
2015-10-05;501,87;Rohdaten
2015-10-06;501,85;Rohdaten
2015-10-07;501,87;Rohdaten
2015-10-08;501,90;Rohdaten
2015-10-09;501,89;Rohdaten
2015-10-10;501,88;Rohdaten
2015-10-11;501,87;Rohdaten
2015-10-12;501,86;Rohdaten
2015-10-13;501,85;Rohdaten
2015-10-14;501,87;Rohdaten
2015-10-15;501,89;Rohdaten
2015-10-16;501,90;Rohdaten
2015-10-17;501,91;Rohdaten
2015-10-18;501,91;Rohdaten
2015-10-19;501,92;Rohdaten
2015-10-20;501,93;Rohdaten
2015-10-21;501,92;Rohdaten
2015-10-22;501,92;Rohdaten
2015-10-23;501,91;Rohdaten
2015-10-24;501,90;Rohdaten
2015-10-25;501,89;Rohdaten
2015-10-26;501,88;Rohdaten
2015-10-27;501,87;Rohdaten
2015-10-28;501,86;Rohdaten
2015-10-29;501,85;Rohdaten
2015-10-30;501,84;Rohdaten
2015-10-31;501,83;Rohdaten
2015-11-01;501,82;Rohdaten
2015-11-02;501,82;Rohdaten
2015-11-03;501,81;Rohdaten
2015-11-04;501,80;Rohdaten
2015-11-05;501,79;Rohdaten
2015-11-06;501,78;Rohdaten
2015-11-07;501,77;Rohdaten
2015-11-08;501,76;Rohdaten
2015-11-09;501,75;Rohdaten
2015-11-10;501,75;Rohdaten
2015-11-11;501,74;Rohdaten
2015-11-12;501,73;Rohdaten
2015-11-13;501,72;Rohdaten
2015-11-14;501,71;Rohdaten
2015-11-15;501,71;Rohdaten
2015-11-16;501,70;Rohdaten
2015-11-17;501,70;Rohdaten
2015-11-18;501,69;Rohdaten
2015-11-19;501,68;Rohdaten
2015-11-20;501,69;Rohdaten
2015-11-21;501,79;Rohdaten
2015-11-22;501,83;Rohdaten
2015-11-23;501,85;Rohdaten
2015-11-24;501,85;Rohdaten
2015-11-25;501,85;Rohdaten
2015-11-26;501,85;Rohdaten
2015-11-27;501,85;Rohdaten
2015-11-28;501,84;Rohdaten
2015-11-29;501,84;Rohdaten
2015-11-30;501,83;Rohdaten
2015-12-01;501,82;Rohdaten
2015-12-02;501,82;Rohdaten
2015-12-03;501,81;Rohdaten
2015-12-04;501,81;Rohdaten
2015-12-05;501,81;Rohdaten
2015-12-06;501,80;Rohdaten
2015-12-07;501,80;Rohdaten
2015-12-08;501,79;Rohdaten
2015-12-09;501,79;Rohdaten
2015-12-10;501,79;Rohdaten
2015-12-11;501,79;Rohdaten
2015-12-12;501,78;Rohdaten
2015-12-13;501,78;Rohdaten
2015-12-14;501,77;Rohdaten
2015-12-15;501,77;Rohdaten
2015-12-16;501,76;Rohdaten
2015-12-17;501,76;Rohdaten
2015-12-18;501,75;Rohdaten
2015-12-19;501,75;Rohdaten
2015-12-20;501,75;Rohdaten
2015-12-21;501,75;Rohdaten
2015-12-22;501,74;Rohdaten
2015-12-23;501,74;Rohdaten
2015-12-24;501,73;Rohdaten
2015-12-25;501,73;Rohdaten
2015-12-26;501,72;Rohdaten
2015-12-27;501,71;Rohdaten
2015-12-28;501,71;Rohdaten
2015-12-29;501,70;Rohdaten
2015-12-30;501,69;Rohdaten
2015-12-31;501,69;Rohdaten
2016-01-01;501,69;Rohdaten
2016-01-02;501,69;Rohdaten
2016-01-03;501,69;Rohdaten
2016-01-04;501,71;Rohdaten
2016-01-05;501,70;Rohdaten
2016-01-06;501,69;Rohdaten
2016-01-07;501,70;Rohdaten
2016-01-08;501,70;Rohdaten
2016-01-09;501,71;Rohdaten
2016-01-10;501,72;Rohdaten
2016-01-11;501,75;Rohdaten
2016-01-12;501,77;Rohdaten
2016-01-13;501,79;Rohdaten
2016-01-14;501,80;Rohdaten
2016-01-15;501,81;Rohdaten
2016-01-16;501,81;Rohdaten
2016-01-17;501,81;Rohdaten
2016-01-18;501,81;Rohdaten
2016-01-19;501,81;Rohdaten
2016-01-20;501,82;Rohdaten
2016-01-21;501,83;Rohdaten
2016-01-22;501,82;Rohdaten
2016-01-23;501,82;Rohdaten
2016-01-24;501,83;Rohdaten
2016-01-25;501,83;Rohdaten
2016-01-26;501,83;Rohdaten
2016-01-27;501,83;Rohdaten
2016-01-28;501,83;Rohdaten
2016-01-29;501,83;Rohdaten
2016-01-30;501,83;Rohdaten
2016-01-31;501,86;Rohdaten
2016-02-01;501,93;Rohdaten
2016-02-02;502,00;Rohdaten
2016-02-03;502,04;Rohdaten
2016-02-04;502,06;Rohdaten
2016-02-05;502,09;Rohdaten
2016-02-06;502,12;Rohdaten
2016-02-07;502,14;Rohdaten
2016-02-08;502,16;Rohdaten
2016-02-09;502,17;Rohdaten
2016-02-10;502,16;Rohdaten
2016-02-11;502,16;Rohdaten
2016-02-12;502,17;Rohdaten
2016-02-13;502,17;Rohdaten
2016-02-14;502,17;Rohdaten
2016-02-15;502,17;Rohdaten
2016-02-16;502,17;Rohdaten
2016-02-17;502,17;Rohdaten
2016-02-18;502,17;Rohdaten
2016-02-19;502,17;Rohdaten
2016-02-20;502,17;Rohdaten
2016-02-21;502,18;Rohdaten
2016-02-22;502,18;Rohdaten
2016-02-23;502,18;Rohdaten
2016-02-24;502,18;Rohdaten
2016-02-25;502,19;Rohdaten
2016-02-26;502,20;Rohdaten
2016-02-27;502,20;Rohdaten
2016-02-28;502,19;Rohdaten
2016-02-29;502,20;Rohdaten
2016-03-01;502,23;Rohdaten
2016-03-02;502,26;Rohdaten
2016-03-03;502,32;Rohdaten
2016-03-04;502,36;Rohdaten
2016-03-05;502,38;Rohdaten
2016-03-06;502,39;Rohdaten
2016-03-07;502,39;Rohdaten
2016-03-08;502,38;Rohdaten
2016-03-09;502,38;Rohdaten
2016-03-10;502,37;Rohdaten
2016-03-11;502,36;Rohdaten
2016-03-12;502,35;Rohdaten
2016-03-13;502,34;Rohdaten
2016-03-14;502,33;Rohdaten
2016-03-15;502,33;Rohdaten
2016-03-16;502,33;Rohdaten
2016-03-17;502,32;Rohdaten
2016-03-18;502,32;Rohdaten
2016-03-19;502,31;Rohdaten
2016-03-20;502,31;Rohdaten
2016-03-21;502,30;Rohdaten
2016-03-22;502,30;Rohdaten
2016-03-23;502,30;Rohdaten
2016-03-24;502,29;Rohdaten
2016-03-25;502,29;Rohdaten
2016-03-26;502,31;Rohdaten
2016-03-27;502,31;Rohdaten
2016-03-28;502,31;Rohdaten
2016-03-29;502,30;Rohdaten
2016-03-30;502,29;Rohdaten
2016-03-31;502,30;Rohdaten
2016-04-01;502,29;Rohdaten
2016-04-02;502,29;Rohdaten
2016-04-03;502,28;Rohdaten
2016-04-04;502,28;Rohdaten
2016-04-05;502,27;Rohdaten
2016-04-06;502,26;Rohdaten
2016-04-07;502,25;Rohdaten
2016-04-08;502,24;Rohdaten
2016-04-09;502,23;Rohdaten
2016-04-10;502,23;Rohdaten
2016-04-11;502,22;Rohdaten
2016-04-12;502,22;Rohdaten
2016-04-13;502,22;Rohdaten
2016-04-14;502,24;Rohdaten
2016-04-15;502,23;Rohdaten
2016-04-16;502,22;Rohdaten
2016-04-17;502,23;Rohdaten
2016-04-18;502,26;Rohdaten
2016-04-19;502,27;Rohdaten
2016-04-20;502,27;Rohdaten
2016-04-21;502,27;Rohdaten
2016-04-22;502,27;Rohdaten
2016-04-23;502,26;Rohdaten
2016-04-24;502,27;Rohdaten
2016-04-25;502,27;Rohdaten
2016-04-26;502,26;Rohdaten
2016-04-27;502,26;Rohdaten
2016-04-28;502,26;Rohdaten
2016-04-29;502,25;Rohdaten
2016-04-30;502,24;Rohdaten
2016-05-01;502,24;Rohdaten
2016-05-02;502,23;Rohdaten
2016-05-03;502,23;Rohdaten
2016-05-04;502,24;Rohdaten
2016-05-05;502,23;Rohdaten
2016-05-06;502,22;Rohdaten
2016-05-07;502,21;Rohdaten
2016-05-08;502,21;Rohdaten
2016-05-09;502,20;Rohdaten
2016-05-10;502,20;Rohdaten
2016-05-11;502,19;Rohdaten
2016-05-12;502,19;Rohdaten
2016-05-13;502,18;Rohdaten
2016-05-14;502,21;Rohdaten
2016-05-15;502,22;Rohdaten
2016-05-16;502,22;Rohdaten
2016-05-17;502,22;Rohdaten
2016-05-18;502,22;Rohdaten
2016-05-19;502,22;Rohdaten
2016-05-20;502,22;Rohdaten
2016-05-21;502,20;Rohdaten
2016-05-22;502,20;Rohdaten
2016-05-23;502,19;Rohdaten
2016-05-24;502,25;Rohdaten
2016-05-25;502,28;Rohdaten
2016-05-26;502,29;Rohdaten
2016-05-27;502,30;Rohdaten
2016-05-28;502,32;Rohdaten
2016-05-29;502,32;Rohdaten
2016-05-30;502,34;Rohdaten
2016-05-31;502,34;Rohdaten
2016-06-01;502,35;Rohdaten
2016-06-02;502,34;Rohdaten
2016-06-03;502,35;Rohdaten
2016-06-04;502,37;Rohdaten
2016-06-05;502,38;Rohdaten
2016-06-06;502,40;Rohdaten
2016-06-07;502,40;Rohdaten
2016-06-08;502,40;Rohdaten
2016-06-09;502,43;Rohdaten
2016-06-10;502,44;Rohdaten
2016-06-11;502,45;Rohdaten
2016-06-12;502,45;Rohdaten
2016-06-13;502,45;Rohdaten
2016-06-14;502,44;Rohdaten
2016-06-15;502,46;Rohdaten
2016-06-16;502,46;Rohdaten
2016-06-17;502,47;Rohdaten
2016-06-18;502,46;Rohdaten
2016-06-19;502,46;Rohdaten
2016-06-20;502,47;Rohdaten
2016-06-21;502,46;Rohdaten
2016-06-22;502,45;Rohdaten
2016-06-23;502,45;Rohdaten
2016-06-24;502,44;Rohdaten
2016-06-25;502,43;Rohdaten
2016-06-26;502,43;Rohdaten
2016-06-27;502,43;Rohdaten
2016-06-28;502,43;Rohdaten
2016-06-29;502,42;Rohdaten
2016-06-30;502,42;Rohdaten
2016-07-01;502,42;Rohdaten
2016-07-02;502,41;Rohdaten
2016-07-03;502,41;Rohdaten
2016-07-04;502,40;Rohdaten
2016-07-05;502,40;Rohdaten
2016-07-06;502,39;Rohdaten
2016-07-07;502,38;Rohdaten
2016-07-08;502,37;Rohdaten
2016-07-09;502,36;Rohdaten
2016-07-10;502,36;Rohdaten
2016-07-11;502,35;Rohdaten
2016-07-12;502,37;Rohdaten
2016-07-13;502,44;Rohdaten
2016-07-14;502,51;Rohdaten
2016-07-15;502,53;Rohdaten
2016-07-16;502,53;Rohdaten
2016-07-17;502,53;Rohdaten
2016-07-18;502,52;Rohdaten
2016-07-19;502,50;Rohdaten
2016-07-20;502,49;Rohdaten
2016-07-21;502,49;Rohdaten
2016-07-22;502,51;Rohdaten
2016-07-23;502,50;Rohdaten
2016-07-24;502,52;Rohdaten
2016-07-25;502,52;Rohdaten
2016-07-26;502,52;Rohdaten
2016-07-27;502,52;Rohdaten
2016-07-28;502,52;Rohdaten
2016-07-29;502,51;Rohdaten
2016-07-30;502,51;Rohdaten
2016-07-31;502,51;Rohdaten
2016-08-01;502,51;Rohdaten
2016-08-02;502,50;Rohdaten
2016-08-03;502,50;Rohdaten
2016-08-04;502,50;Rohdaten
2016-08-05;502,56;Rohdaten
2016-08-06;502,60;Rohdaten
2016-08-07;502,61;Rohdaten
2016-08-08;502,61;Rohdaten
2016-08-09;502,61;Rohdaten
2016-08-10;502,61;Rohdaten
2016-08-11;502,61;Rohdaten
2016-08-12;502,61;Rohdaten
2016-08-13;502,61;Rohdaten
2016-08-14;502,60;Rohdaten
2016-08-15;502,60;Rohdaten
2016-08-16;502,60;Rohdaten
2016-08-17;502,59;Rohdaten
2016-08-18;502,59;Rohdaten
2016-08-19;502,59;Rohdaten
2016-08-20;502,58;Rohdaten
2016-08-21;502,58;Rohdaten
2016-08-22;502,58;Rohdaten
2016-08-23;502,58;Rohdaten
2016-08-24;502,57;Rohdaten
2016-08-25;502,57;Rohdaten
2016-08-26;502,56;Rohdaten
2016-08-27;502,56;Rohdaten
2016-08-28;502,55;Rohdaten
2016-08-29;502,56;Rohdaten
2016-08-30;502,56;Rohdaten
2016-08-31;502,56;Rohdaten
2016-09-01;502,55;Rohdaten
2016-09-02;502,55;Rohdaten
2016-09-03;502,54;Rohdaten
2016-09-04;502,53;Rohdaten
2016-09-05;502,57;Rohdaten
2016-09-06;502,58;Rohdaten
2016-09-07;502,58;Rohdaten
2016-09-08;502,57;Rohdaten
2016-09-09;502,56;Rohdaten
2016-09-10;502,55;Rohdaten
2016-09-11;502,55;Rohdaten
2016-09-12;502,54;Rohdaten
2016-09-13;502,53;Rohdaten
2016-09-14;502,52;Rohdaten
2016-09-15;502,52;Rohdaten
2016-09-16;502,51;Rohdaten
2016-09-17;502,57;Rohdaten
2016-09-18;502,64;Rohdaten
2016-09-19;502,72;Rohdaten
2016-09-20;502,79;Rohdaten
2016-09-21;502,79;Rohdaten
2016-09-22;502,77;Rohdaten
2016-09-23;502,74;Rohdaten
2016-09-24;502,73;Rohdaten
2016-09-25;502,72;Rohdaten
2016-09-26;502,70;Rohdaten
2016-09-27;502,69;Rohdaten
2016-09-28;502,68;Rohdaten
2016-09-29;502,67;Rohdaten
2016-09-30;502,66;Rohdaten
2016-10-01;502,65;Rohdaten
2016-10-02;502,65;Rohdaten
2016-10-03;502,64;Rohdaten
2016-10-04;502,64;Rohdaten
2016-10-05;502,64;Rohdaten
2016-10-06;502,63;Rohdaten
2016-10-07;502,63;Rohdaten
2016-10-08;502,62;Rohdaten
2016-10-09;502,62;Rohdaten
2016-10-10;502,61;Rohdaten
2016-10-11;502,60;Rohdaten
2016-10-12;502,60;Rohdaten
2016-10-13;502,59;Rohdaten
2016-10-14;502,58;Rohdaten
2016-10-15;502,57;Rohdaten
2016-10-16;502,56;Rohdaten
2016-10-17;502,56;Rohdaten
2016-10-18;502,58;Rohdaten
2016-10-19;502,59;Rohdaten
2016-10-20;502,59;Rohdaten
2016-10-21;502,58;Rohdaten
2016-10-22;502,57;Rohdaten
2016-10-23;502,57;Rohdaten
2016-10-24;502,56;Rohdaten
2016-10-25;502,55;Rohdaten
2016-10-26;502,55;Rohdaten
2016-10-27;502,55;Rohdaten
2016-10-28;502,55;Rohdaten
2016-10-29;502,55;Rohdaten
2016-10-30;502,54;Rohdaten
2016-10-31;502,53;Rohdaten
2016-11-01;502,52;Rohdaten
2016-11-02;502,52;Rohdaten
2016-11-03;502,51;Rohdaten
2016-11-04;502,51;Rohdaten
2016-11-05;502,50;Rohdaten
2016-11-06;502,53;Rohdaten
2016-11-07;502,56;Rohdaten
2016-11-08;502,57;Rohdaten
2016-11-09;502,57;Rohdaten
2016-11-10;502,57;Rohdaten
2016-11-11;502,59;Rohdaten
2016-11-12;502,60;Rohdaten
2016-11-13;502,61;Rohdaten
2016-11-14;502,61;Rohdaten
2016-11-15;502,60;Rohdaten
2016-11-16;502,60;Rohdaten
2016-11-17;502,62;Rohdaten
2016-11-18;502,62;Rohdaten
2016-11-19;502,63;Rohdaten
2016-11-20;502,64;Rohdaten
2016-11-21;502,65;Rohdaten
2016-11-22;502,64;Rohdaten
2016-11-23;502,63;Rohdaten
2016-11-24;502,62;Rohdaten
2016-11-25;502,62;Rohdaten
2016-11-26;502,61;Rohdaten
2016-11-27;502,60;Rohdaten
2016-11-28;502,58;Rohdaten
2016-11-29;502,57;Rohdaten
2016-11-30;502,56;Rohdaten
2016-12-01;502,56;Rohdaten
2016-12-02;502,55;Rohdaten
2016-12-03;502,54;Rohdaten
2016-12-04;502,53;Rohdaten
2016-12-05;502,53;Rohdaten
2016-12-06;502,52;Rohdaten
2016-12-07;502,51;Rohdaten
2016-12-08;502,50;Rohdaten
2016-12-09;502,49;Rohdaten
2016-12-10;502,49;Rohdaten
2016-12-11;502,48;Rohdaten
2016-12-12;502,47;Rohdaten
2016-12-13;502,47;Rohdaten
2016-12-14;502,46;Rohdaten
2016-12-15;502,46;Rohdaten
2016-12-16;502,45;Rohdaten
2016-12-17;502,44;Rohdaten
2016-12-18;502,44;Rohdaten
2016-12-19;502,43;Rohdaten
2016-12-20;502,42;Rohdaten
2016-12-21;502,41;Rohdaten
2016-12-22;502,41;Rohdaten
2016-12-23;502,40;Rohdaten
2016-12-24;;Rohdaten
2016-12-25;502,39;Rohdaten
2016-12-26;502,38;Rohdaten
2016-12-27;502,37;Rohdaten
2016-12-28;502,37;Rohdaten
2016-12-29;502,36;Rohdaten
2016-12-30;502,36;Rohdaten
2016-12-31;502,35;Rohdaten
2017-01-01;502,35;Rohdaten
2017-01-02;502,34;Rohdaten
2017-01-03;502,33;Rohdaten
2017-01-04;502,33;Rohdaten
2017-01-05;502,32;Rohdaten
2017-01-06;502,31;Rohdaten
2017-01-07;502,30;Rohdaten
2017-01-08;502,30;Rohdaten
2017-01-09;502,29;Rohdaten
2017-01-10;502,28;Rohdaten
2017-01-11;502,28;Rohdaten
2017-01-12;502,29;Rohdaten
2017-01-13;502,31;Rohdaten
2017-01-14;502,30;Rohdaten
2017-01-15;502,29;Rohdaten
2017-01-16;502,29;Rohdaten
2017-01-17;502,28;Rohdaten
2017-01-18;502,27;Rohdaten
2017-01-19;502,27;Rohdaten
2017-01-20;502,26;Rohdaten
2017-01-21;502,25;Rohdaten
2017-01-22;502,24;Rohdaten
2017-01-23;502,24;Rohdaten
2017-01-24;502,23;Rohdaten
2017-01-25;502,22;Rohdaten
2017-01-26;502,21;Rohdaten
2017-01-27;502,20;Rohdaten
2017-01-28;502,19;Rohdaten
2017-01-29;502,19;Rohdaten
2017-01-30;502,18;Rohdaten
2017-01-31;502,19;Rohdaten
2017-02-01;502,22;Rohdaten
2017-02-02;502,22;Rohdaten
2017-02-03;502,21;Rohdaten
2017-02-04;502,21;Rohdaten
2017-02-05;502,21;Rohdaten
2017-02-06;502,20;Rohdaten
2017-02-07;502,20;Rohdaten
2017-02-08;502,19;Rohdaten
2017-02-09;502,19;Rohdaten
2017-02-10;502,18;Rohdaten
2017-02-11;502,18;Rohdaten
2017-02-12;502,17;Rohdaten
2017-02-13;502,16;Rohdaten
2017-02-14;502,16;Rohdaten
2017-02-15;502,15;Rohdaten
2017-02-16;502,14;Rohdaten
2017-02-17;502,15;Rohdaten
2017-02-18;502,16;Rohdaten
2017-02-19;502,15;Rohdaten
2017-02-20;502,15;Rohdaten
2017-02-21;502,15;Rohdaten
2017-02-22;502,15;Rohdaten
2017-02-23;502,14;Rohdaten
2017-02-24;502,14;Rohdaten
2017-02-25;502,14;Rohdaten
2017-02-26;502,14;Rohdaten
2017-02-27;502,13;Rohdaten
2017-02-28;502,13;Rohdaten
2017-03-01;502,15;Rohdaten
2017-03-02;502,15;Rohdaten
2017-03-03;502,15;Rohdaten
2017-03-04;502,15;Rohdaten
2017-03-05;502,15;Rohdaten
2017-03-06;502,15;Rohdaten
2017-03-07;502,14;Rohdaten
2017-03-08;502,14;Rohdaten
2017-03-09;502,16;Rohdaten
2017-03-10;502,18;Rohdaten
2017-03-11;502,18;Rohdaten
2017-03-12;502,19;Rohdaten
2017-03-13;502,19;Rohdaten
2017-03-14;502,19;Rohdaten
2017-03-15;502,19;Rohdaten
2017-03-16;502,18;Rohdaten
2017-03-17;502,18;Rohdaten
2017-03-18;502,19;Rohdaten
2017-03-19;502,18;Rohdaten
2017-03-20;502,18;Rohdaten
2017-03-21;502,18;Rohdaten
2017-03-22;502,17;Rohdaten
2017-03-23;502,17;Rohdaten
2017-03-24;502,17;Rohdaten
2017-03-25;502,16;Rohdaten
2017-03-26;502,16;Rohdaten
2017-03-27;502,15;Rohdaten
2017-03-28;502,15;Rohdaten
2017-03-29;502,14;Rohdaten
2017-03-30;502,13;Rohdaten
2017-03-31;502,13;Rohdaten
2017-04-01;502,12;Rohdaten
2017-04-02;502,12;Rohdaten
2017-04-03;502,12;Rohdaten
2017-04-04;502,12;Rohdaten
2017-04-05;502,13;Rohdaten
2017-04-06;502,13;Rohdaten
2017-04-07;502,12;Rohdaten
2017-04-08;502,11;Rohdaten
2017-04-09;502,11;Rohdaten
2017-04-10;502,10;Rohdaten
2017-04-11;502,10;Rohdaten
2017-04-12;502,09;Rohdaten
2017-04-13;502,09;Rohdaten
2017-04-14;502,08;Rohdaten
2017-04-15;502,07;Rohdaten
2017-04-16;502,07;Rohdaten
2017-04-17;502,07;Rohdaten
2017-04-18;502,08;Rohdaten
2017-04-19;502,09;Rohdaten
2017-04-20;502,09;Rohdaten
2017-04-21;502,08;Rohdaten
2017-04-22;502,07;Rohdaten
2017-04-23;502,07;Rohdaten
2017-04-24;502,06;Rohdaten
2017-04-25;502,06;Rohdaten
2017-04-26;502,10;Rohdaten
2017-04-27;502,14;Rohdaten
2017-04-28;502,22;Rohdaten
2017-04-29;502,35;Rohdaten
2017-04-30;502,41;Rohdaten
2017-05-01;502,41;Rohdaten
2017-05-02;502,44;Rohdaten
2017-05-03;502,45;Rohdaten
2017-05-04;502,44;Rohdaten
2017-05-05;502,44;Rohdaten
2017-05-06;502,43;Rohdaten
2017-05-07;502,43;Rohdaten
2017-05-08;502,48;Rohdaten
2017-05-09;502,62;Rohdaten
2017-05-10;502,66;Rohdaten
2017-05-11;502,65;Rohdaten
2017-05-12;502,63;Rohdaten
2017-05-13;502,61;Rohdaten
2017-05-14;502,60;Rohdaten
2017-05-15;502,60;Rohdaten
2017-05-16;502,60;Rohdaten
2017-05-17;502,60;Rohdaten
2017-05-18;502,59;Rohdaten
2017-05-19;502,58;Rohdaten
2017-05-20;502,56;Rohdaten
2017-05-21;502,55;Rohdaten
2017-05-22;502,55;Rohdaten
2017-05-23;502,54;Rohdaten
2017-05-24;502,53;Rohdaten
2017-05-25;502,53;Rohdaten
2017-05-26;502,52;Rohdaten
2017-05-27;502,51;Rohdaten
2017-05-28;502,50;Rohdaten
2017-05-29;502,49;Rohdaten
2017-05-30;502,48;Rohdaten
2017-05-31;502,48;Rohdaten
2017-06-01;502,47;Rohdaten
2017-06-02;502,46;Rohdaten
2017-06-03;502,45;Rohdaten
2017-06-04;502,46;Rohdaten
2017-06-05;502,46;Rohdaten
2017-06-06;502,48;Rohdaten
2017-06-07;502,50;Rohdaten
2017-06-08;502,49;Rohdaten
2017-06-09;502,48;Rohdaten
2017-06-10;502,47;Rohdaten
2017-06-11;502,46;Rohdaten
2017-06-12;502,45;Rohdaten
2017-06-13;502,44;Rohdaten
2017-06-14;502,43;Rohdaten
2017-06-15;502,42;Rohdaten
2017-06-16;502,41;Rohdaten
2017-06-17;502,40;Rohdaten
2017-06-18;502,39;Rohdaten
2017-06-19;502,38;Rohdaten
2017-06-20;502,37;Rohdaten
2017-06-21;502,36;Rohdaten
2017-06-22;502,35;Rohdaten
2017-06-23;502,34;Rohdaten
2017-06-24;502,33;Rohdaten
2017-06-25;502,32;Rohdaten
2017-06-26;502,32;Rohdaten
2017-06-27;502,31;Rohdaten
2017-06-28;502,31;Rohdaten
2017-06-29;502,30;Rohdaten
2017-06-30;502,29;Rohdaten
2017-07-01;502,28;Rohdaten
2017-07-02;502,28;Rohdaten
2017-07-03;502,28;Rohdaten
2017-07-04;502,27;Rohdaten
2017-07-05;502,26;Rohdaten
2017-07-06;502,24;Rohdaten
2017-07-07;502,23;Rohdaten
2017-07-08;502,22;Rohdaten
2017-07-09;502,22;Rohdaten
2017-07-10;502,22;Rohdaten
2017-07-11;502,21;Rohdaten
2017-07-12;502,20;Rohdaten
2017-07-13;502,20;Rohdaten
2017-07-14;502,19;Rohdaten
2017-07-15;;Rohdaten
2017-07-16;;Rohdaten
2017-07-17;502,17;Rohdaten
2017-07-18;502,15;Rohdaten
2017-07-19;502,14;Rohdaten
2017-07-20;502,13;Rohdaten
2017-07-21;502,12;Rohdaten
2017-07-22;502,12;Rohdaten
2017-07-23;502,12;Rohdaten
2017-07-24;502,12;Rohdaten
2017-07-25;502,13;Rohdaten
2017-07-26;502,19;Rohdaten
2017-07-27;502,26;Rohdaten
2017-07-28;502,28;Rohdaten
2017-07-29;502,28;Rohdaten
2017-07-30;502,27;Rohdaten
2017-07-31;502,27;Rohdaten
2017-08-01;502,26;Rohdaten
2017-08-02;502,26;Rohdaten
2017-08-03;502,25;Rohdaten
2017-08-04;502,24;Rohdaten
2017-08-05;502,23;Rohdaten
2017-08-06;502,23;Rohdaten
2017-08-07;502,23;Rohdaten
2017-08-08;502,22;Rohdaten
2017-08-09;502,24;Rohdaten
2017-08-10;502,25;Rohdaten
2017-08-11;502,29;Rohdaten
2017-08-12;502,30;Rohdaten
2017-08-13;502,30;Rohdaten
2017-08-14;502,29;Rohdaten
2017-08-15;502,29;Rohdaten
2017-08-16;502,30;Rohdaten
2017-08-17;502,30;Rohdaten
2017-08-18;502,30;Rohdaten
2017-08-19;502,36;Rohdaten
2017-08-20;502,37;Rohdaten
2017-08-21;502,37;Rohdaten
2017-08-22;502,37;Rohdaten
2017-08-23;502,36;Rohdaten
2017-08-24;502,35;Rohdaten
2017-08-25;502,34;Rohdaten
2017-08-26;502,33;Rohdaten
2017-08-27;502,33;Rohdaten
2017-08-28;502,32;Rohdaten
2017-08-29;502,31;Rohdaten
2017-08-30;502,30;Rohdaten
2017-08-31;502,30;Rohdaten
2017-09-01;502,35;Rohdaten
2017-09-02;502,38;Rohdaten
2017-09-03;502,39;Rohdaten
2017-09-04;502,40;Rohdaten
2017-09-05;502,40;Rohdaten
2017-09-06;502,39;Rohdaten
2017-09-07;502,39;Rohdaten
2017-09-08;502,38;Rohdaten
2017-09-09;502,38;Rohdaten
2017-09-10;502,38;Rohdaten
2017-09-11;502,38;Rohdaten
2017-09-12;502,37;Rohdaten
2017-09-13;502,37;Rohdaten
2017-09-14;502,36;Rohdaten
2017-09-15;502,36;Rohdaten
2017-09-16;502,35;Rohdaten
2017-09-17;502,35;Rohdaten
2017-09-18;502,35;Rohdaten
2017-09-19;502,34;Rohdaten
2017-09-20;502,34;Rohdaten
2017-09-21;502,34;Rohdaten
2017-09-22;502,33;Rohdaten
2017-09-23;502,32;Rohdaten
2017-09-24;502,31;Rohdaten
2017-09-25;502,31;Rohdaten
2017-09-26;502,30;Rohdaten
2017-09-27;502,29;Rohdaten
2017-09-28;502,29;Rohdaten
2017-09-29;502,28;Rohdaten
2017-09-30;502,26;Rohdaten
2017-10-01;502,26;Rohdaten
2017-10-02;502,25;Rohdaten
2017-10-03;502,26;Rohdaten
2017-10-04;502,26;Rohdaten
2017-10-05;502,25;Rohdaten
2017-10-06;502,25;Rohdaten
2017-10-07;502,25;Rohdaten
2017-10-08;502,24;Rohdaten
2017-10-09;502,25;Rohdaten
2017-10-10;502,25;Rohdaten
2017-10-11;502,24;Rohdaten
2017-10-12;502,24;Rohdaten
2017-10-13;502,23;Rohdaten
2017-10-14;502,22;Rohdaten
2017-10-15;502,21;Rohdaten
2017-10-16;502,21;Rohdaten
2017-10-17;502,20;Rohdaten
2017-10-18;502,19;Rohdaten
2017-10-19;502,18;Rohdaten
2017-10-20;502,18;Rohdaten
2017-10-21;502,17;Rohdaten
2017-10-22;502,17;Rohdaten
2017-10-23;502,16;Rohdaten
2017-10-24;502,16;Rohdaten
2017-10-25;502,15;Rohdaten
2017-10-26;502,14;Rohdaten
2017-10-27;502,14;Rohdaten
2017-10-28;502,13;Rohdaten
2017-10-29;502,13;Rohdaten
2017-10-30;502,12;Rohdaten
2017-10-31;502,12;Rohdaten
2017-11-01;502,11;Rohdaten
2017-11-02;502,11;Rohdaten
2017-11-03;502,10;Rohdaten
2017-11-04;502,10;Rohdaten
2017-11-05;502,10;Rohdaten
2017-11-06;502,12;Rohdaten
2017-11-07;502,12;Rohdaten
2017-11-08;502,12;Rohdaten
2017-11-09;502,11;Rohdaten
2017-11-10;502,11;Rohdaten
2017-11-11;502,11;Rohdaten
2017-11-12;502,15;Rohdaten
2017-11-13;502,20;Rohdaten
2017-11-14;502,22;Rohdaten
2017-11-15;502,23;Rohdaten
2017-11-16;502,22;Rohdaten
2017-11-17;502,21;Rohdaten
2017-11-18;502,21;Rohdaten
2017-11-19;502,20;Rohdaten
2017-11-20;502,19;Rohdaten
2017-11-21;502,19;Rohdaten
2017-11-22;502,18;Rohdaten
2017-11-23;502,17;Rohdaten
2017-11-24;502,16;Rohdaten
2017-11-25;502,16;Rohdaten
2017-11-26;502,15;Rohdaten
2017-11-27;502,15;Rohdaten
2017-11-28;502,14;Rohdaten
2017-11-29;502,14;Rohdaten
2017-11-30;502,13;Rohdaten
2017-12-01;502,12;Rohdaten
2017-12-02;502,12;Rohdaten
2017-12-03;502,11;Rohdaten
2017-12-04;502,11;Rohdaten
2017-12-05;502,11;Rohdaten
2017-12-06;502,10;Rohdaten
2017-12-07;502,10;Rohdaten
2017-12-08;502,09;Rohdaten
2017-12-09;502,09;Rohdaten
2017-12-10;502,09;Rohdaten
2017-12-11;502,09;Rohdaten
2017-12-12;502,09;Rohdaten
2017-12-13;502,09;Rohdaten
2017-12-14;502,09;Rohdaten
2017-12-15;502,10;Rohdaten
2017-12-16;502,10;Rohdaten
2017-12-17;502,10;Rohdaten
2017-12-18;502,10;Rohdaten
2017-12-19;502,09;Rohdaten
2017-12-20;502,09;Rohdaten
2017-12-21;502,09;Rohdaten
2017-12-22;502,10;Rohdaten
2017-12-23;502,09;Rohdaten
2017-12-24;502,09;Rohdaten
2017-12-25;502,09;Rohdaten
2017-12-26;502,08;Rohdaten
2017-12-27;502,08;Rohdaten
2017-12-28;502,08;Rohdaten
2017-12-29;502,08;Rohdaten
2017-12-30;502,09;Rohdaten
2017-12-31;502,11;Rohdaten
2018-01-01;502,11;Rohdaten
2018-01-02;502,12;Rohdaten
2018-01-03;502,14;Rohdaten
2018-01-04;502,20;Rohdaten
2018-01-05;502,31;Rohdaten
2018-01-06;502,38;Rohdaten
2018-01-07;502,39;Rohdaten
2018-01-08;502,39;Rohdaten
2018-01-09;502,38;Rohdaten
2018-01-10;502,37;Rohdaten
2018-01-11;502,36;Rohdaten
2018-01-12;502,35;Rohdaten
2018-01-13;502,34;Rohdaten
2018-01-14;502,34;Rohdaten
2018-01-15;502,33;Rohdaten
2018-01-16;502,33;Rohdaten
2018-01-17;502,34;Rohdaten
2018-01-18;502,35;Rohdaten
2018-01-19;502,37;Rohdaten
2018-01-20;502,39;Rohdaten
2018-01-21;502,41;Rohdaten
2018-01-22;502,45;Rohdaten
2018-01-23;502,53;Rohdaten
2018-01-24;502,58;Rohdaten
2018-01-25;502,59;Rohdaten
2018-01-26;502,59;Rohdaten
2018-01-27;502,57;Rohdaten
2018-01-28;502,56;Rohdaten
2018-01-29;502,55;Rohdaten
2018-01-30;502,54;Rohdaten
2018-01-31;502,53;Rohdaten
2018-02-01;502,53;Rohdaten
2018-02-02;502,52;Rohdaten
2018-02-03;502,52;Rohdaten
2018-02-04;502,51;Rohdaten
2018-02-05;502,51;Rohdaten
2018-02-06;502,50;Rohdaten
2018-02-07;502,50;Rohdaten
2018-02-08;502,49;Rohdaten
2018-02-09;502,49;Rohdaten
2018-02-10;502,49;Rohdaten
2018-02-11;502,49;Rohdaten
2018-02-12;502,49;Rohdaten
2018-02-13;502,48;Rohdaten
2018-02-14;502,48;Rohdaten
2018-02-15;502,47;Rohdaten
2018-02-16;502,49;Rohdaten
2018-02-17;502,51;Rohdaten
2018-02-18;502,52;Rohdaten
2018-02-19;502,53;Rohdaten
2018-02-20;502,52;Rohdaten
2018-02-21;502,52;Rohdaten
2018-02-22;502,51;Rohdaten
2018-02-23;502,51;Rohdaten
2018-02-24;502,50;Rohdaten
2018-02-25;502,49;Rohdaten
2018-02-26;502,48;Rohdaten
2018-02-27;502,47;Rohdaten
2018-02-28;502,46;Rohdaten
2018-03-01;502,46;Rohdaten
2018-03-02;502,45;Rohdaten
2018-03-03;502,44;Rohdaten
2018-03-04;502,43;Rohdaten
2018-03-05;502,43;Rohdaten
2018-03-06;502,43;Rohdaten
2018-03-07;502,42;Rohdaten
2018-03-08;502,41;Rohdaten
2018-03-09;502,41;Rohdaten
2018-03-10;502,40;Rohdaten
2018-03-11;;Rohdaten
2018-03-12;;Rohdaten
2018-03-13;;Rohdaten
2018-03-14;;Rohdaten
2018-03-15;502,40;Rohdaten
2018-03-16;502,39;Rohdaten
2018-03-17;502,39;Rohdaten
2018-03-18;502,39;Rohdaten
2018-03-19;502,38;Rohdaten
2018-03-20;502,38;Rohdaten
2018-03-21;;Rohdaten
2018-03-22;502,37;Rohdaten
2018-03-23;502,38;Rohdaten
2018-03-24;502,38;Rohdaten
2018-03-25;502,37;Rohdaten
2018-03-26;502,37;Rohdaten
2018-03-27;502,36;Rohdaten
2018-03-28;502,36;Rohdaten
2018-03-29;502,37;Rohdaten
2018-03-30;502,36;Rohdaten
2018-03-31;502,36;Rohdaten
2018-04-01;502,36;Rohdaten
2018-04-02;502,35;Rohdaten
2018-04-03;502,35;Rohdaten
2018-04-04;502,34;Rohdaten
2018-04-05;;Rohdaten
2018-04-06;502,33;Rohdaten
2018-04-07;502,33;Rohdaten
2018-04-08;502,32;Rohdaten
2018-04-09;502,32;Rohdaten
2018-04-10;502,31;Rohdaten
2018-04-11;502,31;Rohdaten
2018-04-12;502,30;Rohdaten
2018-04-13;502,30;Rohdaten
2018-04-14;502,29;Rohdaten
2018-04-15;;Rohdaten
2018-04-16;502,28;Rohdaten
2018-04-17;502,28;Rohdaten
2018-04-18;502,27;Rohdaten
2018-04-19;502,27;Rohdaten
2018-04-20;502,26;Rohdaten
2018-04-21;502,26;Rohdaten
2018-04-22;502,26;Rohdaten
2018-04-23;502,25;Rohdaten
2018-04-24;502,24;Rohdaten
2018-04-25;502,24;Rohdaten
2018-04-26;502,23;Rohdaten
2018-04-27;502,22;Rohdaten
2018-04-28;502,22;Rohdaten
2018-04-29;502,21;Rohdaten
2018-04-30;502,20;Rohdaten
2018-05-01;502,19;Rohdaten
2018-05-02;502,19;Rohdaten
2018-05-03;502,18;Rohdaten
2018-05-04;502,17;Rohdaten
2018-05-05;502,17;Rohdaten
2018-05-06;502,16;Rohdaten
2018-05-07;502,15;Rohdaten
2018-05-08;502,14;Rohdaten
2018-05-09;502,14;Rohdaten
2018-05-10;502,13;Rohdaten
2018-05-11;;Rohdaten
2018-05-12;502,12;Rohdaten
2018-05-13;502,12;Rohdaten
2018-05-14;502,15;Rohdaten
2018-05-15;502,14;Rohdaten
2018-05-16;502,13;Rohdaten
2018-05-17;502,16;Rohdaten
2018-05-18;502,17;Rohdaten
2018-05-19;502,17;Rohdaten
2018-05-20;502,21;Rohdaten
2018-05-21;502,22;Rohdaten
2018-05-22;502,22;Rohdaten
2018-05-23;;Rohdaten
2018-05-24;502,23;Rohdaten
2018-05-25;502,31;Rohdaten
2018-05-26;502,31;Rohdaten
2018-05-27;502,29;Rohdaten
2018-05-28;502,27;Rohdaten
2018-05-29;502,26;Rohdaten
2018-05-30;502,25;Rohdaten
2018-05-31;502,24;Rohdaten
2018-06-01;502,25;Rohdaten
2018-06-02;502,25;Rohdaten
2018-06-03;502,24;Rohdaten
2018-06-04;502,23;Rohdaten
2018-06-05;502,21;Rohdaten
2018-06-06;502,20;Rohdaten
2018-06-07;502,19;Rohdaten
2018-06-08;502,19;Rohdaten
2018-06-09;502,18;Rohdaten
2018-06-10;502,17;Rohdaten
2018-06-11;502,17;Rohdaten
2018-06-12;502,17;Rohdaten
2018-06-13;502,28;Rohdaten
2018-06-14;502,32;Rohdaten
2018-06-15;502,32;Rohdaten
2018-06-16;502,31;Rohdaten
2018-06-17;502,30;Rohdaten
2018-06-18;502,31;Rohdaten
2018-06-19;502,30;Rohdaten
2018-06-20;502,29;Rohdaten
2018-06-21;502,28;Rohdaten
2018-06-22;502,26;Rohdaten
2018-06-23;502,25;Rohdaten
2018-06-24;502,24;Rohdaten
2018-06-25;502,24;Rohdaten
2018-06-26;;Rohdaten
2018-06-27;502,22;Rohdaten
2018-06-28;502,23;Rohdaten
2018-06-29;502,26;Rohdaten
2018-06-30;502,25;Rohdaten
2018-07-01;502,24;Rohdaten
2018-07-02;502,23;Rohdaten
2018-07-03;502,22;Rohdaten
2018-07-04;502,21;Rohdaten
2018-07-05;502,20;Rohdaten
2018-07-06;502,23;Rohdaten
2018-07-07;502,26;Rohdaten
2018-07-08;502,25;Rohdaten
2018-07-09;502,24;Rohdaten
2018-07-10;502,24;Rohdaten
2018-07-11;502,24;Rohdaten
2018-07-12;502,23;Rohdaten
2018-07-13;502,23;Rohdaten
2018-07-14;502,21;Rohdaten
2018-07-15;502,20;Rohdaten
2018-07-16;502,20;Rohdaten
2018-07-17;502,19;Rohdaten
2018-07-18;502,19;Rohdaten
2018-07-19;502,18;Rohdaten
2018-07-20;502,17;Rohdaten
2018-07-21;502,17;Rohdaten
2018-07-22;502,23;Rohdaten
2018-07-23;502,29;Rohdaten
2018-07-24;502,30;Rohdaten
2018-07-25;502,30;Rohdaten
2018-07-26;502,28;Rohdaten
2018-07-27;502,27;Rohdaten
2018-07-28;502,26;Rohdaten
2018-07-29;502,25;Rohdaten
2018-07-30;502,24;Rohdaten
2018-07-31;502,23;Rohdaten
2018-08-01;502,22;Rohdaten
2018-08-02;502,20;Rohdaten
2018-08-03;502,19;Rohdaten
2018-08-04;502,18;Rohdaten
2018-08-05;502,18;Rohdaten
2018-08-06;502,16;Rohdaten
2018-08-07;502,16;Rohdaten
2018-08-08;502,15;Rohdaten
2018-08-09;502,13;Rohdaten
2018-08-10;502,15;Rohdaten
2018-08-11;502,15;Rohdaten
2018-08-12;502,14;Rohdaten
2018-08-13;502,14;Rohdaten
2018-08-14;502,16;Rohdaten
2018-08-15;502,15;Rohdaten
2018-08-16;502,14;Rohdaten
2018-08-17;502,13;Rohdaten
2018-08-18;502,12;Rohdaten
2018-08-19;502,12;Rohdaten
2018-08-20;502,11;Rohdaten
2018-08-21;502,10;Rohdaten
2018-08-22;502,09;Rohdaten
2018-08-23;502,08;Rohdaten
2018-08-24;502,08;Rohdaten
2018-08-25;502,08;Rohdaten
2018-08-26;502,07;Rohdaten
2018-08-27;502,07;Rohdaten
2018-08-28;502,06;Rohdaten
2018-08-29;502,05;Rohdaten
2018-08-30;502,08;Rohdaten
2018-08-31;502,09;Rohdaten
2018-09-01;502,12;Rohdaten
2018-09-02;502,13;Rohdaten
2018-09-03;502,13;Rohdaten
2018-09-04;502,16;Rohdaten
2018-09-05;502,20;Rohdaten
2018-09-06;502,21;Rohdaten
2018-09-07;502,22;Rohdaten
2018-09-08;502,23;Rohdaten
2018-09-09;502,22;Rohdaten
2018-09-10;502,21;Rohdaten
2018-09-11;502,20;Rohdaten
2018-09-12;502,19;Rohdaten
2018-09-13;502,18;Rohdaten
2018-09-14;502,20;Rohdaten
2018-09-15;502,20;Rohdaten
2018-09-16;502,20;Rohdaten
2018-09-17;502,19;Rohdaten
2018-09-18;502,18;Rohdaten
2018-09-19;502,17;Rohdaten
2018-09-20;502,16;Rohdaten
2018-09-21;502,15;Rohdaten
2018-09-22;502,15;Rohdaten
2018-09-23;502,15;Rohdaten
2018-09-24;502,16;Rohdaten
2018-09-25;502,16;Rohdaten
2018-09-26;502,15;Rohdaten
2018-09-27;502,14;Rohdaten
2018-09-28;502,14;Rohdaten
2018-09-29;502,13;Rohdaten
2018-09-30;502,12;Rohdaten
2018-10-01;502,17;Rohdaten
2018-10-02;502,20;Rohdaten
2018-10-03;502,20;Rohdaten
2018-10-04;502,20;Rohdaten
2018-10-05;502,19;Rohdaten
2018-10-06;502,18;Rohdaten
2018-10-07;502,17;Rohdaten
2018-10-08;502,16;Rohdaten
2018-10-09;502,15;Rohdaten
2018-10-10;502,14;Rohdaten
2018-10-11;502,13;Rohdaten
2018-10-12;502,12;Rohdaten
2018-10-13;502,11;Rohdaten
2018-10-14;502,10;Rohdaten
2018-10-15;502,09;Rohdaten
2018-10-16;502,08;Rohdaten
2018-10-17;502,08;Rohdaten
2018-10-18;502,07;Rohdaten
2018-10-19;502,06;Rohdaten
2018-10-20;502,05;Rohdaten
2018-10-21;502,04;Rohdaten
2018-10-22;502,04;Rohdaten
2018-10-23;502,03;Rohdaten
2018-10-24;502,02;Rohdaten
2018-10-25;502,02;Rohdaten
2018-10-26;502,01;Rohdaten
2018-10-27;502,01;Rohdaten
2018-10-28;502,04;Rohdaten
2018-10-29;502,04;Rohdaten
2018-10-30;502,04;Rohdaten
2018-10-31;502,03;Rohdaten
2018-11-01;502,02;Rohdaten
2018-11-02;502,01;Rohdaten
2018-11-03;502,00;Rohdaten
2018-11-04;502,00;Rohdaten
2018-11-05;501,99;Rohdaten
2018-11-06;501,98;Rohdaten
2018-11-07;501,98;Rohdaten
2018-11-08;501,97;Rohdaten
2018-11-09;501,96;Rohdaten
2018-11-10;501,95;Rohdaten
2018-11-11;501,94;Rohdaten
2018-11-12;501,93;Rohdaten
2018-11-13;501,92;Rohdaten
2018-11-14;501,91;Rohdaten
2018-11-15;501,91;Rohdaten
2018-11-16;501,90;Rohdaten
2018-11-17;501,89;Rohdaten
2018-11-18;501,88;Rohdaten
2018-11-19;501,87;Rohdaten
2018-11-20;501,86;Rohdaten
2018-11-21;501,85;Rohdaten
2018-11-22;501,84;Rohdaten
2018-11-23;501,83;Rohdaten
2018-11-24;501,82;Rohdaten
2018-11-25;501,81;Rohdaten
2018-11-26;501,81;Rohdaten
2018-11-27;501,81;Rohdaten
2018-11-28;501,80;Rohdaten
2018-11-29;501,80;Rohdaten
2018-11-30;501,79;Rohdaten
2018-12-01;501,78;Rohdaten
2018-12-02;501,78;Rohdaten
2018-12-03;501,78;Rohdaten
2018-12-04;501,78;Rohdaten
2018-12-05;501,78;Rohdaten
2018-12-06;501,78;Rohdaten
2018-12-07;501,77;Rohdaten
2018-12-08;501,77;Rohdaten
2018-12-09;501,77;Rohdaten
2018-12-10;501,80;Rohdaten
2018-12-11;501,81;Rohdaten
2018-12-12;501,83;Rohdaten
2018-12-13;501,83;Rohdaten
2018-12-14;501,84;Rohdaten
2018-12-15;501,84;Rohdaten
2018-12-16;501,83;Rohdaten
2018-12-17;501,83;Rohdaten
2018-12-18;501,82;Rohdaten
2018-12-19;501,82;Rohdaten
2018-12-20;501,81;Rohdaten
2018-12-21;501,80;Rohdaten
2018-12-22;501,80;Rohdaten
2018-12-23;501,81;Rohdaten
2018-12-24;501,84;Rohdaten
2018-12-25;501,88;Rohdaten
2018-12-26;501,90;Rohdaten
2018-12-27;501,92;Rohdaten
2018-12-28;501,93;Rohdaten
2018-12-29;501,93;Rohdaten
2018-12-30;501,93;Rohdaten
2018-12-31;501,93;Rohdaten
2019-01-01;501,94;Rohdaten
2019-01-02;501,95;Rohdaten
2019-01-03;501,95;Rohdaten
2019-01-04;501,95;Rohdaten
2019-01-05;501,95;Rohdaten
2019-01-06;501,96;Rohdaten
2019-01-07;501,99;Rohdaten
2019-01-08;502,02;Rohdaten
2019-01-09;502,07;Rohdaten
2019-01-10;502,11;Rohdaten
2019-01-11;502,13;Rohdaten
2019-01-12;502,14;Rohdaten
2019-01-13;502,18;Rohdaten
2019-01-14;502,30;Rohdaten
2019-01-15;502,41;Rohdaten
2019-01-16;502,45;Rohdaten
2019-01-17;502,46;Rohdaten
2019-01-18;502,46;Rohdaten
2019-01-19;502,45;Rohdaten
2019-01-20;502,45;Rohdaten
2019-01-21;502,44;Rohdaten
2019-01-22;502,44;Rohdaten
2019-01-23;502,43;Rohdaten
2019-01-24;502,42;Rohdaten
2019-01-25;502,41;Rohdaten
2019-01-26;502,41;Rohdaten
2019-01-27;502,42;Rohdaten
2019-01-28;502,41;Rohdaten
2019-01-29;502,40;Rohdaten
2019-01-30;502,40;Rohdaten
2019-01-31;502,39;Rohdaten
2019-02-01;502,39;Rohdaten
2019-02-02;502,40;Rohdaten
2019-02-03;502,40;Rohdaten
2019-02-04;502,40;Rohdaten
2019-02-05;502,40;Rohdaten
2019-02-06;502,40;Rohdaten
2019-02-07;502,40;Rohdaten
2019-02-08;502,41;Rohdaten
2019-02-09;502,43;Rohdaten
2019-02-10;502,45;Rohdaten
2019-02-11;502,47;Rohdaten
2019-02-12;502,49;Rohdaten
2019-02-13;502,50;Rohdaten
2019-02-14;502,50;Rohdaten
2019-02-15;502,50;Rohdaten
2019-02-16;502,49;Rohdaten
2019-02-17;502,49;Rohdaten
2019-02-18;502,48;Rohdaten
2019-02-19;502,47;Rohdaten
2019-02-20;502,46;Rohdaten
2019-02-21;502,46;Rohdaten
2019-02-22;502,45;Rohdaten
2019-02-23;502,44;Rohdaten
2019-02-24;502,43;Rohdaten
2019-02-25;502,42;Rohdaten
2019-02-26;502,42;Rohdaten
2019-02-27;502,41;Rohdaten
2019-02-28;502,40;Rohdaten
2019-03-01;502,40;Rohdaten
2019-03-02;502,39;Rohdaten
2019-03-03;502,38;Rohdaten
2019-03-04;502,38;Rohdaten
2019-03-05;502,37;Rohdaten
2019-03-06;502,37;Rohdaten
2019-03-07;502,36;Rohdaten
2019-03-08;502,36;Rohdaten
2019-03-09;502,35;Rohdaten
2019-03-10;502,35;Rohdaten
2019-03-11;502,35;Rohdaten
2019-03-12;502,35;Rohdaten
2019-03-13;502,34;Rohdaten
2019-03-14;502,34;Rohdaten
2019-03-15;502,35;Rohdaten
2019-03-16;502,36;Rohdaten
2019-03-17;502,36;Rohdaten
2019-03-18;502,36;Rohdaten
2019-03-19;502,35;Rohdaten
2019-03-20;502,34;Rohdaten
2019-03-21;502,34;Rohdaten
2019-03-22;502,33;Rohdaten
2019-03-23;502,32;Rohdaten
2019-03-24;502,32;Rohdaten
2019-03-25;502,31;Rohdaten
2019-03-26;502,30;Rohdaten
2019-03-27;502,29;Rohdaten
2019-03-28;502,29;Rohdaten
2019-03-29;502,28;Rohdaten
2019-03-30;502,28;Rohdaten
2019-03-31;502,27;Rohdaten
2019-04-01;502,26;Rohdaten
2019-04-02;502,26;Rohdaten
2019-04-03;502,25;Rohdaten
2019-04-04;502,24;Rohdaten
2019-04-05;502,23;Rohdaten
2019-04-06;502,23;Rohdaten
2019-04-07;502,22;Rohdaten
2019-04-08;502,21;Rohdaten
2019-04-09;502,20;Rohdaten
2019-04-10;502,19;Rohdaten
2019-04-11;502,18;Rohdaten
2019-04-12;502,17;Rohdaten
2019-04-13;502,17;Rohdaten
2019-04-14;502,16;Rohdaten
2019-04-15;502,15;Rohdaten
2019-04-16;502,14;Rohdaten
2019-04-17;502,13;Rohdaten
2019-04-18;502,12;Rohdaten
2019-04-19;502,12;Rohdaten
2019-04-20;502,12;Rohdaten
2019-04-21;502,11;Rohdaten
2019-04-22;502,10;Rohdaten
2019-04-23;502,10;Rohdaten
2019-04-24;502,09;Rohdaten
2019-04-25;502,08;Rohdaten
2019-04-26;502,07;Rohdaten
2019-04-27;502,07;Rohdaten
2019-04-28;502,07;Rohdaten
2019-04-29;502,06;Rohdaten
2019-04-30;502,06;Rohdaten
2019-05-01;502,05;Rohdaten
2019-05-02;502,04;Rohdaten
2019-05-03;502,06;Rohdaten
2019-05-04;502,06;Rohdaten
2019-05-05;502,05;Rohdaten
2019-05-06;502,04;Rohdaten
2019-05-07;502,03;Rohdaten
2019-05-08;502,02;Rohdaten
2019-05-09;502,02;Rohdaten
2019-05-10;502,01;Rohdaten
2019-05-11;502,00;Rohdaten
2019-05-12;502,02;Rohdaten
2019-05-13;502,04;Rohdaten
2019-05-14;502,03;Rohdaten
2019-05-15;502,02;Rohdaten
2019-05-16;502,01;Rohdaten
2019-05-17;502,00;Rohdaten
2019-05-18;501,99;Rohdaten
2019-05-19;501,99;Rohdaten
2019-05-20;502,01;Rohdaten
2019-05-21;502,15;Rohdaten
2019-05-22;502,29;Rohdaten
2019-05-23;502,36;Rohdaten
2019-05-24;502,37;Rohdaten
2019-05-25;502,36;Rohdaten
2019-05-26;502,35;Rohdaten
2019-05-27;502,35;Rohdaten
2019-05-28;502,40;Rohdaten
2019-05-29;502,46;Rohdaten
2019-05-30;502,49;Rohdaten
2019-05-31;502,49;Rohdaten
2019-06-01;502,48;Rohdaten
2019-06-02;502,46;Rohdaten
2019-06-03;502,45;Rohdaten
2019-06-04;502,44;Rohdaten
2019-06-05;502,43;Rohdaten
2019-06-06;502,42;Rohdaten
2019-06-07;502,41;Rohdaten
2019-06-08;502,40;Rohdaten
2019-06-09;502,39;Rohdaten
2019-06-10;502,41;Rohdaten
2019-06-11;502,50;Rohdaten
2019-06-12;502,50;Rohdaten
2019-06-13;502,49;Rohdaten
2019-06-14;502,48;Rohdaten
2019-06-15;502,46;Rohdaten
2019-06-16;502,46;Rohdaten
2019-06-17;502,45;Rohdaten
2019-06-18;502,44;Rohdaten
2019-06-19;502,43;Rohdaten
2019-06-20;502,42;Rohdaten
2019-06-21;502,42;Rohdaten
2019-06-22;502,43;Rohdaten
2019-06-23;502,45;Rohdaten
2019-06-24;502,44;Rohdaten
2019-06-25;502,42;Rohdaten
2019-06-26;502,41;Rohdaten
2019-06-27;502,40;Rohdaten
2019-06-28;502,38;Rohdaten
2019-06-29;502,37;Rohdaten
2019-06-30;502,36;Rohdaten
2019-07-01;502,35;Rohdaten
2019-07-02;502,34;Rohdaten
2019-07-03;502,33;Rohdaten
2019-07-04;502,32;Rohdaten
2019-07-05;502,31;Rohdaten
2019-07-06;502,30;Rohdaten
2019-07-07;502,30;Rohdaten
2019-07-08;502,31;Rohdaten
2019-07-09;502,30;Rohdaten
2019-07-10;502,29;Rohdaten
2019-07-11;502,28;Rohdaten
2019-07-12;502,28;Rohdaten
2019-07-13;502,28;Rohdaten
2019-07-14;502,27;Rohdaten
2019-07-15;502,26;Rohdaten
2019-07-16;502,25;Rohdaten
2019-07-17;502,24;Rohdaten
2019-07-18;502,22;Rohdaten
2019-07-19;502,21;Rohdaten
2019-07-20;502,20;Rohdaten
2019-07-21;502,20;Rohdaten
2019-07-22;502,21;Rohdaten
2019-07-23;502,20;Rohdaten
2019-07-24;502,18;Rohdaten
2019-07-25;502,17;Rohdaten
2019-07-26;502,17;Rohdaten
2019-07-27;502,16;Rohdaten
2019-07-28;502,16;Rohdaten
2019-07-29;502,24;Rohdaten
2019-07-30;502,26;Rohdaten
2019-07-31;502,26;Rohdaten
2019-08-01;502,26;Rohdaten
2019-08-02;502,24;Rohdaten
2019-08-03;502,23;Rohdaten
2019-08-04;502,22;Rohdaten
2019-08-05;502,21;Rohdaten
2019-08-06;502,20;Rohdaten
2019-08-07;502,19;Rohdaten
2019-08-08;502,18;Rohdaten
2019-08-09;502,17;Rohdaten
2019-08-10;502,17;Rohdaten
2019-08-11;502,16;Rohdaten
2019-08-12;502,17;Rohdaten
2019-08-13;502,20;Rohdaten
2019-08-14;502,20;Rohdaten
2019-08-15;502,20;Rohdaten
2019-08-16;502,19;Rohdaten
2019-08-17;502,18;Rohdaten
2019-08-18;502,17;Rohdaten
2019-08-19;502,18;Rohdaten
2019-08-20;502,20;Rohdaten
2019-08-21;502,24;Rohdaten
2019-08-22;502,25;Rohdaten
2019-08-23;502,25;Rohdaten
2019-08-24;502,24;Rohdaten
2019-08-25;502,23;Rohdaten
2019-08-26;502,22;Rohdaten
2019-08-27;502,21;Rohdaten
2019-08-28;502,20;Rohdaten
2019-08-29;502,19;Rohdaten
2019-08-30;502,19;Rohdaten
2019-08-31;502,18;Rohdaten
2019-09-01;502,17;Rohdaten
2019-09-02;502,17;Rohdaten
2019-09-03;502,16;Rohdaten
2019-09-04;502,15;Rohdaten
2019-09-05;502,15;Rohdaten
2019-09-06;502,15;Rohdaten
2019-09-07;502,15;Rohdaten
2019-09-08;502,16;Rohdaten
2019-09-09;502,21;Rohdaten
2019-09-10;502,22;Rohdaten
2019-09-11;502,21;Rohdaten
2019-09-12;502,21;Rohdaten
2019-09-13;502,20;Rohdaten
2019-09-14;502,19;Rohdaten
2019-09-15;502,18;Rohdaten
2019-09-16;502,17;Rohdaten
2019-09-17;502,16;Rohdaten
2019-09-18;502,15;Rohdaten
2019-09-19;502,14;Rohdaten
2019-09-20;502,14;Rohdaten
2019-09-21;502,13;Rohdaten
2019-09-22;502,12;Rohdaten
2019-09-23;502,12;Rohdaten
2019-09-24;502,12;Rohdaten
2019-09-25;502,11;Rohdaten
2019-09-26;502,10;Rohdaten
2019-09-27;502,10;Rohdaten
2019-09-28;502,11;Rohdaten
2019-09-29;502,11;Rohdaten
2019-09-30;502,10;Rohdaten
2019-10-01;502,09;Rohdaten
2019-10-02;502,10;Rohdaten
2019-10-03;502,13;Rohdaten
2019-10-04;502,12;Rohdaten
2019-10-05;502,12;Rohdaten
2019-10-06;502,11;Rohdaten
2019-10-07;502,13;Rohdaten
2019-10-08;502,14;Rohdaten
2019-10-09;502,15;Rohdaten
2019-10-10;502,17;Rohdaten
2019-10-11;502,18;Rohdaten
2019-10-12;502,18;Rohdaten
2019-10-13;502,18;Rohdaten
2019-10-14;502,18;Rohdaten
2019-10-15;502,17;Rohdaten
2019-10-16;502,17;Rohdaten
2019-10-17;502,16;Rohdaten
2019-10-18;502,15;Rohdaten
2019-10-19;502,15;Rohdaten
2019-10-20;502,14;Rohdaten
2019-10-21;502,13;Rohdaten
2019-10-22;502,12;Rohdaten
2019-10-23;502,12;Rohdaten
2019-10-24;502,11;Rohdaten
2019-10-25;502,10;Rohdaten
2019-10-26;502,10;Rohdaten
2019-10-27;502,09;Rohdaten
2019-10-28;502,09;Rohdaten
2019-10-29;502,09;Rohdaten
2019-10-30;502,08;Rohdaten
2019-10-31;502,08;Rohdaten
2019-11-01;502,07;Rohdaten
2019-11-02;502,07;Rohdaten
2019-11-03;502,06;Rohdaten
2019-11-04;502,06;Rohdaten
2019-11-05;502,06;Rohdaten
2019-11-06;502,05;Rohdaten
2019-11-07;502,05;Rohdaten
2019-11-08;502,04;Rohdaten
2019-11-09;502,04;Rohdaten
2019-11-10;502,03;Rohdaten
2019-11-11;502,02;Rohdaten
2019-11-12;502,02;Rohdaten
2019-11-13;502,02;Rohdaten
2019-11-14;502,02;Rohdaten
2019-11-15;502,01;Rohdaten
2019-11-16;502,01;Rohdaten
2019-11-17;502,00;Rohdaten
2019-11-18;501,99;Rohdaten
2019-11-19;501,99;Rohdaten
2019-11-20;501,98;Rohdaten
2019-11-21;501,98;Rohdaten
2019-11-22;501,97;Rohdaten
2019-11-23;501,96;Rohdaten
2019-11-24;501,95;Rohdaten
2019-11-25;501,95;Rohdaten
2019-11-26;501,94;Rohdaten
2019-11-27;501,94;Rohdaten
2019-11-28;501,93;Rohdaten
2019-11-29;501,92;Rohdaten
2019-11-30;501,92;Rohdaten
2019-12-01;501,91;Rohdaten
2019-12-02;501,91;Rohdaten
2019-12-03;501,90;Rohdaten
2019-12-04;501,89;Rohdaten
2019-12-05;501,88;Rohdaten
2019-12-06;501,87;Rohdaten
2019-12-07;501,86;Rohdaten
2019-12-08;501,86;Rohdaten
2019-12-09;501,85;Rohdaten
2019-12-10;501,85;Rohdaten
2019-12-11;501,84;Rohdaten
2019-12-12;501,83;Rohdaten
2019-12-13;501,83;Rohdaten
2019-12-14;501,83;Rohdaten
2019-12-15;501,82;Rohdaten
2019-12-16;501,81;Rohdaten
2019-12-17;501,81;Rohdaten
2019-12-18;501,80;Rohdaten
2019-12-19;501,79;Rohdaten
2019-12-20;501,78;Rohdaten
2019-12-21;501,78;Rohdaten
2019-12-22;501,78;Rohdaten
2019-12-23;501,77;Rohdaten
2019-12-24;501,77;Rohdaten
2019-12-25;501,78;Rohdaten
2019-12-26;501,80;Rohdaten
2019-12-27;501,80;Rohdaten
2019-12-28;501,81;Rohdaten
2019-12-29;501,81;Rohdaten
2019-12-30;501,81;Rohdaten
2019-12-31;501,81;Rohdaten
2020-01-01;501,80;Rohdaten
2020-01-02;501,79;Rohdaten
2020-01-03;501,79;Rohdaten
2020-01-04;501,78;Rohdaten
2020-01-05;501,77;Rohdaten
2020-01-06;501,77;Rohdaten
2020-01-07;501,77;Rohdaten
2020-01-08;501,76;Rohdaten
2020-01-09;501,75;Rohdaten
2020-01-10;501,75;Rohdaten
2020-01-11;501,74;Rohdaten
2020-01-12;501,74;Rohdaten
2020-01-13;501,73;Rohdaten
2020-01-14;501,72;Rohdaten
2020-01-15;501,71;Rohdaten
2020-01-16;501,70;Rohdaten
2020-01-17;501,70;Rohdaten
2020-01-18;501,69;Rohdaten
2020-01-19;501,69;Rohdaten
2020-01-20;501,68;Rohdaten
2020-01-21;501,68;Rohdaten
2020-01-22;501,67;Rohdaten
2020-01-23;501,66;Rohdaten
2020-01-24;501,66;Rohdaten
2020-01-25;501,65;Rohdaten
2020-01-26;501,64;Rohdaten
2020-01-27;501,63;Rohdaten
2020-01-28;501,62;Rohdaten
2020-01-29;501,62;Rohdaten
2020-01-30;501,61;Rohdaten
2020-01-31;501,61;Rohdaten
2020-02-01;501,60;Rohdaten
2020-02-02;501,61;Rohdaten
2020-02-03;501,69;Rohdaten
2020-02-04;501,88;Rohdaten
2020-02-05;501,99;Rohdaten
2020-02-06;502,02;Rohdaten
2020-02-07;502,02;Rohdaten
2020-02-08;502,02;Rohdaten
2020-02-09;502,02;Rohdaten
2020-02-10;502,02;Rohdaten
2020-02-11;502,03;Rohdaten
2020-02-12;502,03;Rohdaten
2020-02-13;502,03;Rohdaten
2020-02-14;502,03;Rohdaten
2020-02-15;502,03;Rohdaten
2020-02-16;502,03;Rohdaten
2020-02-17;502,04;Rohdaten
2020-02-18;502,03;Rohdaten
2020-02-19;502,04;Rohdaten
2020-02-20;502,04;Rohdaten
2020-02-21;502,04;Rohdaten
2020-02-22;502,04;Rohdaten
2020-02-23;502,04;Rohdaten
2020-02-24;502,05;Rohdaten
2020-02-25;502,06;Rohdaten
2020-02-26;502,06;Rohdaten
2020-02-27;502,05;Rohdaten
2020-02-28;502,06;Rohdaten
2020-02-29;502,07;Rohdaten
2020-03-01;502,07;Rohdaten
2020-03-02;502,07;Rohdaten
2020-03-03;502,07;Rohdaten
2020-03-04;502,07;Rohdaten
2020-03-05;502,07;Rohdaten
2020-03-06;502,08;Rohdaten
2020-03-07;502,07;Rohdaten
2020-03-08;502,07;Rohdaten
2020-03-09;502,07;Rohdaten
2020-03-10;502,07;Rohdaten
2020-03-11;502,09;Rohdaten
2020-03-12;502,10;Rohdaten
2020-03-13;502,11;Rohdaten
2020-03-14;502,10;Rohdaten
2020-03-15;502,10;Rohdaten
2020-03-16;502,10;Rohdaten
2020-03-17;502,09;Rohdaten
2020-03-18;502,09;Rohdaten
2020-03-19;502,09;Rohdaten
2020-03-20;502,08;Rohdaten
2020-03-21;502,09;Rohdaten
2020-03-22;502,11;Rohdaten
2020-03-23;502,11;Rohdaten
2020-03-24;502,11;Rohdaten
2020-03-25;502,11;Rohdaten
2020-03-26;502,11;Rohdaten
2020-03-27;502,10;Rohdaten
2020-03-28;502,10;Rohdaten
2020-03-29;502,09;Rohdaten
2020-03-30;502,09;Rohdaten
2020-03-31;502,09;Rohdaten
2020-04-01;502,08;Rohdaten
2020-04-02;502,08;Rohdaten
2020-04-03;502,07;Rohdaten
2020-04-04;502,06;Rohdaten
2020-04-05;502,05;Rohdaten
2020-04-06;502,05;Rohdaten
2020-04-07;502,04;Rohdaten
2020-04-08;502,03;Rohdaten
2020-04-09;502,02;Rohdaten
2020-04-10;502,01;Rohdaten
2020-04-11;502,01;Rohdaten
2020-04-12;502,00;Rohdaten
2020-04-13;501,99;Rohdaten
2020-04-14;501,99;Rohdaten
2020-04-15;501,98;Rohdaten
2020-04-16;501,97;Rohdaten
2020-04-17;501,96;Rohdaten
2020-04-18;501,95;Rohdaten
2020-04-19;501,95;Rohdaten
2020-04-20;501,94;Rohdaten
2020-04-21;501,93;Rohdaten
2020-04-22;501,92;Rohdaten
2020-04-23;501,91;Rohdaten
2020-04-24;501,90;Rohdaten
2020-04-25;501,89;Rohdaten
2020-04-26;501,89;Rohdaten
2020-04-27;501,88;Rohdaten
2020-04-28;501,87;Rohdaten
2020-04-29;501,89;Rohdaten
2020-04-30;501,90;Rohdaten
2020-05-01;501,91;Rohdaten
2020-05-02;501,91;Rohdaten
2020-05-03;501,91;Rohdaten
2020-05-04;501,90;Rohdaten
2020-05-05;501,90;Rohdaten
2020-05-06;501,89;Rohdaten
2020-05-07;501,88;Rohdaten
2020-05-08;501,87;Rohdaten
2020-05-09;501,86;Rohdaten
2020-05-10;501,85;Rohdaten
2020-05-11;501,85;Rohdaten
2020-05-12;501,86;Rohdaten
2020-05-13;501,85;Rohdaten
2020-05-14;501,85;Rohdaten
2020-05-15;501,85;Rohdaten
2020-05-16;501,85;Rohdaten
2020-05-17;501,84;Rohdaten
2020-05-18;501,83;Rohdaten
2020-05-19;501,82;Rohdaten
2020-05-20;501,81;Rohdaten
2020-05-21;501,81;Rohdaten
2020-05-22;501,80;Rohdaten
2020-05-23;501,79;Rohdaten
2020-05-24;501,79;Rohdaten
2020-05-25;501,78;Rohdaten
2020-05-26;501,78;Rohdaten
2020-05-27;501,77;Rohdaten
2020-05-28;501,76;Rohdaten
2020-05-29;501,75;Rohdaten
2020-05-30;501,74;Rohdaten
2020-05-31;501,74;Rohdaten
2020-06-01;501,73;Rohdaten
2020-06-02;501,71;Rohdaten
2020-06-03;501,70;Rohdaten
2020-06-04;501,69;Rohdaten
2020-06-05;501,69;Rohdaten
2020-06-06;501,68;Rohdaten
2020-06-07;501,68;Rohdaten
2020-06-08;501,69;Rohdaten
2020-06-09;501,70;Rohdaten
2020-06-10;501,70;Rohdaten
2020-06-11;501,71;Rohdaten
2020-06-12;501,70;Rohdaten
2020-06-13;501,70;Rohdaten
2020-06-14;501,75;Rohdaten
2020-06-15;501,84;Rohdaten
2020-06-16;501,94;Rohdaten
2020-06-17;502,01;Rohdaten
2020-06-18;502,05;Rohdaten
2020-06-19;502,07;Rohdaten
2020-06-20;502,11;Rohdaten
2020-06-21;502,17;Rohdaten
2020-06-22;502,20;Rohdaten
2020-06-23;502,21;Rohdaten
2020-06-24;502,20;Rohdaten
2020-06-25;502,19;Rohdaten
2020-06-26;502,18;Rohdaten
2020-06-27;502,18;Rohdaten
2020-06-28;502,17;Rohdaten
2020-06-29;502,19;Rohdaten
2020-06-30;502,21;Rohdaten
2020-07-01;502,21;Rohdaten
2020-07-02;502,20;Rohdaten
2020-07-03;502,20;Rohdaten
2020-07-04;502,19;Rohdaten
2020-07-05;502,19;Rohdaten
2020-07-06;502,18;Rohdaten
2020-07-07;502,17;Rohdaten
2020-07-08;502,16;Rohdaten
2020-07-09;502,15;Rohdaten
2020-07-10;502,15;Rohdaten
2020-07-11;502,18;Rohdaten
2020-07-12;502,20;Rohdaten
2020-07-13;502,19;Rohdaten
2020-07-14;502,19;Rohdaten
2020-07-15;502,18;Rohdaten
2020-07-16;502,19;Rohdaten
2020-07-17;502,22;Rohdaten
2020-07-18;502,22;Rohdaten
2020-07-19;502,22;Rohdaten
2020-07-20;502,21;Rohdaten
2020-07-21;502,20;Rohdaten
2020-07-22;502,20;Rohdaten
2020-07-23;502,19;Rohdaten
2020-07-24;502,18;Rohdaten
2020-07-25;502,17;Rohdaten
2020-07-26;502,17;Rohdaten
2020-07-27;502,16;Rohdaten
2020-07-28;502,15;Rohdaten
2020-07-29;502,14;Rohdaten
2020-07-30;502,13;Rohdaten
2020-07-31;502,13;Rohdaten
2020-08-01;502,13;Rohdaten
2020-08-02;502,15;Rohdaten
2020-08-03;502,18;Rohdaten
2020-08-04;502,28;Rohdaten
2020-08-05;502,34;Rohdaten
2020-08-06;502,35;Rohdaten
2020-08-07;502,35;Rohdaten
2020-08-08;502,34;Rohdaten
2020-08-09;502,33;Rohdaten
2020-08-10;502,32;Rohdaten
2020-08-11;502,31;Rohdaten
2020-08-12;502,30;Rohdaten
2020-08-13;502,30;Rohdaten
2020-08-14;502,29;Rohdaten
2020-08-15;502,29;Rohdaten
2020-08-16;502,28;Rohdaten
2020-08-17;502,28;Rohdaten
2020-08-18;502,28;Rohdaten
2020-08-19;502,27;Rohdaten
2020-08-20;502,27;Rohdaten
2020-08-21;502,26;Rohdaten
2020-08-22;502,26;Rohdaten
2020-08-23;502,26;Rohdaten
2020-08-24;502,26;Rohdaten
2020-08-25;502,25;Rohdaten
2020-08-26;502,24;Rohdaten
2020-08-27;502,24;Rohdaten
2020-08-28;502,23;Rohdaten
2020-08-29;502,25;Rohdaten
2020-08-30;502,28;Rohdaten
2020-08-31;502,28;Rohdaten
2020-09-01;502,28;Rohdaten
2020-09-02;502,27;Rohdaten
2020-09-03;502,26;Rohdaten
2020-09-04;502,26;Rohdaten
2020-09-05;502,25;Rohdaten
2020-09-06;502,26;Rohdaten
2020-09-07;502,25;Rohdaten
2020-09-08;502,25;Rohdaten
2020-09-09;502,24;Rohdaten
2020-09-10;502,24;Rohdaten
2020-09-11;502,21;Rohdaten
2020-09-12;502,20;Rohdaten
2020-09-13;502,20;Rohdaten
2020-09-14;502,19;Rohdaten
2020-09-15;502,19;Rohdaten
2020-09-16;502,17;Rohdaten
2020-09-17;502,17;Rohdaten
2020-09-18;502,16;Rohdaten
2020-09-19;502,15;Rohdaten
2020-09-20;502,15;Rohdaten
2020-09-21;502,14;Rohdaten
2020-09-22;502,14;Rohdaten
2020-09-23;502,14;Rohdaten
2020-09-24;502,14;Rohdaten
2020-09-25;502,16;Rohdaten
2020-09-26;502,20;Rohdaten
2020-09-27;502,20;Rohdaten
2020-09-28;502,20;Rohdaten
2020-09-29;502,19;Rohdaten
2020-09-30;502,19;Rohdaten
2020-10-01;502,18;Rohdaten
2020-10-02;502,18;Rohdaten
2020-10-03;502,17;Rohdaten
2020-10-04;502,16;Rohdaten
2020-10-05;502,15;Rohdaten
2020-10-06;502,15;Rohdaten
2020-10-07;502,16;Rohdaten
2020-10-08;502,16;Rohdaten
2020-10-09;502,16;Rohdaten
2020-10-10;502,15;Rohdaten
2020-10-11;502,14;Rohdaten
2020-10-12;502,14;Rohdaten
2020-10-13;502,13;Rohdaten
2020-10-14;502,12;Rohdaten
2020-10-15;502,12;Rohdaten
2020-10-16;502,13;Rohdaten
2020-10-17;502,14;Rohdaten
2020-10-18;502,14;Rohdaten
2020-10-19;502,13;Rohdaten
2020-10-20;502,13;Rohdaten
2020-10-21;502,12;Rohdaten
2020-10-22;502,11;Rohdaten
2020-10-23;502,11;Rohdaten
2020-10-24;502,12;Rohdaten
2020-10-25;502,12;Rohdaten
2020-10-26;502,11;Rohdaten
2020-10-27;502,14;Rohdaten
2020-10-28;502,14;Rohdaten
2020-10-29;502,15;Rohdaten
2020-10-30;502,17;Rohdaten
2020-10-31;502,18;Rohdaten
2020-11-01;502,18;Rohdaten
2020-11-02;502,19;Rohdaten
2020-11-03;502,18;Rohdaten
2020-11-04;502,18;Rohdaten
2020-11-05;502,18;Rohdaten
2020-11-06;502,17;Rohdaten
2020-11-07;502,17;Rohdaten
2020-11-08;502,17;Rohdaten
2020-11-09;502,16;Rohdaten
2020-11-10;502,16;Rohdaten
2020-11-11;502,15;Rohdaten
2020-11-12;502,15;Rohdaten
2020-11-13;502,14;Rohdaten
2020-11-14;502,13;Rohdaten
2020-11-15;502,13;Rohdaten
2020-11-16;502,12;Rohdaten
2020-11-17;502,12;Rohdaten
2020-11-18;502,12;Rohdaten
2020-11-19;502,11;Rohdaten
2020-11-20;502,11;Rohdaten
2020-11-21;502,10;Rohdaten
2020-11-22;502,09;Rohdaten
2020-11-23;502,09;Rohdaten
2020-11-24;502,08;Rohdaten
2020-11-25;502,08;Rohdaten
2020-11-26;502,07;Rohdaten
2020-11-27;502,07;Rohdaten
2020-11-28;502,06;Rohdaten
2020-11-29;502,06;Rohdaten
2020-11-30;502,05;Rohdaten
2020-12-01;502,05;Rohdaten
2020-12-02;502,05;Rohdaten
2020-12-03;502,03;Rohdaten
2020-12-04;502,02;Rohdaten
2020-12-05;502,01;Rohdaten
2020-12-06;502,01;Rohdaten
2020-12-07;502,00;Rohdaten
2020-12-08;502,00;Rohdaten
2020-12-09;501,99;Rohdaten
2020-12-10;501,99;Rohdaten
2020-12-11;501,99;Rohdaten
2020-12-12;501,98;Rohdaten
2020-12-13;501,97;Rohdaten
2020-12-14;501,97;Rohdaten
2020-12-15;501,96;Rohdaten
2020-12-16;501,96;Rohdaten
2020-12-17;501,95;Rohdaten
2020-12-18;501,95;Rohdaten
2020-12-19;501,95;Rohdaten
2020-12-20;501,94;Rohdaten
2020-12-21;501,94;Rohdaten
2020-12-22;501,93;Rohdaten
2020-12-23;501,93;Rohdaten
2020-12-24;501,94;Rohdaten
2020-12-25;501,94;Rohdaten
2020-12-26;501,94;Rohdaten
2020-12-27;501,94;Rohdaten
2020-12-28;501,94;Rohdaten
2020-12-29;501,93;Rohdaten
2020-12-30;501,92;Rohdaten
2020-12-31;501,91;Rohdaten
2021-01-01;501,91;Rohdaten
2021-01-02;501,90;Rohdaten
2021-01-03;501,90;Rohdaten
2021-01-04;501,89;Rohdaten
2021-01-05;501,88;Rohdaten
2021-01-06;501,87;Rohdaten
2021-01-07;501,87;Rohdaten
2021-01-08;501,86;Rohdaten
2021-01-09;501,86;Rohdaten
2021-01-10;501,85;Rohdaten
2021-01-11;501,84;Rohdaten
2021-01-12;501,83;Rohdaten
2021-01-13;501,83;Rohdaten
2021-01-14;501,82;Rohdaten
2021-01-15;501,82;Rohdaten
2021-01-16;501,81;Rohdaten
2021-01-17;501,80;Rohdaten
2021-01-18;501,79;Rohdaten
2021-01-19;501,79;Rohdaten
2021-01-20;501,79;Rohdaten
2021-01-21;501,78;Rohdaten
2021-01-22;501,78;Rohdaten
2021-01-23;501,78;Rohdaten
2021-01-24;501,78;Rohdaten
2021-01-25;501,78;Rohdaten
2021-01-26;501,78;Rohdaten
2021-01-27;501,77;Rohdaten
2021-01-28;501,78;Rohdaten
2021-01-29;501,84;Rohdaten
2021-01-30;501,90;Rohdaten
2021-01-31;501,95;Rohdaten
2021-02-01;501,98;Rohdaten
2021-02-02;502,00;Rohdaten
2021-02-03;502,01;Rohdaten
2021-02-04;502,03;Rohdaten
2021-02-05;502,05;Rohdaten
2021-02-06;502,06;Rohdaten
2021-02-07;502,07;Rohdaten
2021-02-08;502,08;Rohdaten
2021-02-09;502,09;Rohdaten
2021-02-10;502,10;Rohdaten
2021-02-11;502,10;Rohdaten
2021-02-12;502,11;Rohdaten
2021-02-13;502,11;Rohdaten
2021-02-14;502,11;Rohdaten
2021-02-15;502,11;Rohdaten
2021-02-16;502,12;Rohdaten
2021-02-17;502,13;Rohdaten
2021-02-18;502,13;Rohdaten
2021-02-19;502,14;Rohdaten
2021-02-20;502,14;Rohdaten
2021-02-21;502,14;Rohdaten
2021-02-22;502,14;Rohdaten
2021-02-23;502,13;Rohdaten
2021-02-24;502,13;Rohdaten
2021-02-25;502,13;Rohdaten
2021-02-26;502,13;Rohdaten
2021-02-27;502,13;Rohdaten
2021-02-28;502,12;Rohdaten
2021-03-01;502,12;Rohdaten
2021-03-02;502,11;Rohdaten
2021-03-03;502,11;Rohdaten
2021-03-04;502,10;Rohdaten
2021-03-05;502,10;Rohdaten
2021-03-06;502,10;Rohdaten
2021-03-07;502,09;Rohdaten
2021-03-08;502,09;Rohdaten
2021-03-09;502,08;Rohdaten
2021-03-10;502,08;Rohdaten
2021-03-11;502,08;Rohdaten
2021-03-12;502,08;Rohdaten
2021-03-13;502,07;Rohdaten
2021-03-14;502,07;Rohdaten
2021-03-15;502,07;Rohdaten
2021-03-16;502,07;Rohdaten
2021-03-17;502,07;Rohdaten
2021-03-18;502,08;Rohdaten
2021-03-19;502,08;Rohdaten
2021-03-20;502,08;Rohdaten
2021-03-21;502,08;Rohdaten
2021-03-22;502,08;Rohdaten
2021-03-23;502,08;Rohdaten
2021-03-24;502,07;Rohdaten
2021-03-25;502,06;Rohdaten
2021-03-26;502,06;Rohdaten
2021-03-27;502,06;Rohdaten
2021-03-28;502,05;Rohdaten
2021-03-29;502,04;Rohdaten
2021-03-30;502,04;Rohdaten
2021-03-31;502,03;Rohdaten
2021-04-01;502,03;Rohdaten
2021-04-02;502,02;Rohdaten
2021-04-03;502,02;Rohdaten
2021-04-04;502,01;Rohdaten
2021-04-05;502,00;Rohdaten
2021-04-06;502,00;Rohdaten
2021-04-07;501,99;Rohdaten
2021-04-08;501,99;Rohdaten
2021-04-09;501,99;Rohdaten
2021-04-10;501,98;Rohdaten
2021-04-11;501,98;Rohdaten
2021-04-12;501,98;Rohdaten
2021-04-13;501,97;Rohdaten
2021-04-14;501,97;Rohdaten
2021-04-15;501,96;Rohdaten
2021-04-16;501,95;Rohdaten
2021-04-17;501,95;Rohdaten
2021-04-18;501,94;Rohdaten
2021-04-19;501,93;Rohdaten
2021-04-20;501,93;Rohdaten
2021-04-21;501,93;Rohdaten
2021-04-22;501,92;Rohdaten
2021-04-23;501,91;Rohdaten
2021-04-24;501,91;Rohdaten
2021-04-25;501,90;Rohdaten
2021-04-26;501,89;Rohdaten
2021-04-27;501,88;Rohdaten
2021-04-28;501,87;Rohdaten
2021-04-29;501,86;Rohdaten
2021-04-30;501,86;Rohdaten
2021-05-01;501,86;Rohdaten
2021-05-02;501,90;Rohdaten
2021-05-03;501,92;Rohdaten
2021-05-04;501,93;Rohdaten
2021-05-05;501,93;Rohdaten
2021-05-06;501,94;Rohdaten
2021-05-07;501,97;Rohdaten
2021-05-08;501,99;Rohdaten
2021-05-09;502,00;Rohdaten
2021-05-10;502,01;Rohdaten
2021-05-11;502,01;Rohdaten
2021-05-12;502,03;Rohdaten
2021-05-13;502,07;Rohdaten
2021-05-14;502,09;Rohdaten
2021-05-15;502,11;Rohdaten
2021-05-16;502,12;Rohdaten
2021-05-17;502,13;Rohdaten
2021-05-18;502,14;Rohdaten
2021-05-19;502,14;Rohdaten
2021-05-20;502,14;Rohdaten
2021-05-21;502,14;Rohdaten
2021-05-22;502,17;Rohdaten
2021-05-23;502,18;Rohdaten
2021-05-24;502,19;Rohdaten
2021-05-25;502,21;Rohdaten
2021-05-26;502,22;Rohdaten
2021-05-27;502,23;Rohdaten
2021-05-28;502,23;Rohdaten
2021-05-29;502,23;Rohdaten
2021-05-30;502,22;Rohdaten
2021-05-31;502,22;Rohdaten
2021-06-01;502,21;Rohdaten
2021-06-02;502,21;Rohdaten
2021-06-03;502,19;Rohdaten
2021-06-04;502,18;Rohdaten
2021-06-05;502,18;Rohdaten
2021-06-06;502,26;Rohdaten
2021-06-07;502,30;Rohdaten
2021-06-08;502,31;Rohdaten
2021-06-09;502,31;Rohdaten
2021-06-10;502,30;Rohdaten
2021-06-11;502,29;Rohdaten
2021-06-12;502,28;Rohdaten
2021-06-13;502,27;Rohdaten
2021-06-14;502,26;Rohdaten
2021-06-15;502,25;Rohdaten
2021-06-16;502,24;Rohdaten
2021-06-17;502,23;Rohdaten
2021-06-18;502,22;Rohdaten
2021-06-19;502,20;Rohdaten
2021-06-20;502,19;Rohdaten
2021-06-21;502,19;Rohdaten
2021-06-22;502,23;Rohdaten
2021-06-23;502,44;Rohdaten
2021-06-24;502,53;Rohdaten
2021-06-25;502,60;Rohdaten
2021-06-26;502,68;Rohdaten
2021-06-27;502,75;Rohdaten
2021-06-28;502,82;Rohdaten
2021-06-29;502,82;Rohdaten
2021-06-30;502,86;Rohdaten
2021-07-01;502,86;Rohdaten
2021-07-02;502,86;Rohdaten
2021-07-03;502,84;Rohdaten
2021-07-04;502,82;Rohdaten
2021-07-05;502,82;Rohdaten
2021-07-06;502,80;Rohdaten
2021-07-07;502,81;Rohdaten
2021-07-08;502,82;Rohdaten
2021-07-09;502,90;Rohdaten
2021-07-10;502,94;Rohdaten
2021-07-11;502,94;Rohdaten
2021-07-12;502,92;Rohdaten
2021-07-13;502,90;Rohdaten
2021-07-14;502,89;Rohdaten
2021-07-15;502,88;Rohdaten
2021-07-16;502,87;Rohdaten
2021-07-17;502,86;Rohdaten
2021-07-18;502,84;Rohdaten
2021-07-19;502,83;Rohdaten
2021-07-20;502,82;Rohdaten
2021-07-21;502,81;Rohdaten
2021-07-22;502,79;Rohdaten
2021-07-23;502,78;Rohdaten
2021-07-24;502,76;Rohdaten
2021-07-25;502,76;Rohdaten
2021-07-26;502,76;Rohdaten
2021-07-27;502,76;Rohdaten
2021-07-28;502,75;Rohdaten
2021-07-29;502,75;Rohdaten
2021-07-30;502,75;Rohdaten
2021-07-31;502,75;Rohdaten
2021-08-01;502,75;Rohdaten
2021-08-02;502,77;Rohdaten
2021-08-03;502,78;Rohdaten
2021-08-04;502,79;Rohdaten
2021-08-05;502,79;Rohdaten
2021-08-06;502,80;Rohdaten
2021-08-07;502,80;Rohdaten
2021-08-08;502,80;Rohdaten
2021-08-09;502,79;Rohdaten
2021-08-10;502,78;Rohdaten
2021-08-11;502,77;Rohdaten
2021-08-12;502,75;Rohdaten
2021-08-13;502,74;Rohdaten
2021-08-14;502,72;Rohdaten
2021-08-15;502,71;Rohdaten
2021-08-16;502,72;Rohdaten
2021-08-17;502,74;Rohdaten
2021-08-18;502,73;Rohdaten
2021-08-19;502,72;Rohdaten
2021-08-20;502,70;Rohdaten
2021-08-21;502,69;Rohdaten
2021-08-22;502,69;Rohdaten
2021-08-23;502,71;Rohdaten
2021-08-24;502,70;Rohdaten
2021-08-25;502,69;Rohdaten
2021-08-26;502,68;Rohdaten
2021-08-27;502,67;Rohdaten
2021-08-28;502,68;Rohdaten
2021-08-29;502,70;Rohdaten
2021-08-30;502,77;Rohdaten
2021-08-31;502,83;Rohdaten
2021-09-01;502,83;Rohdaten
2021-09-02;502,82;Rohdaten
2021-09-03;502,80;Rohdaten
2021-09-04;502,78;Rohdaten
2021-09-05;502,76;Rohdaten
2021-09-06;502,74;Rohdaten
2021-09-07;502,72;Rohdaten
2021-09-08;502,71;Rohdaten
2021-09-09;502,70;Rohdaten
2021-09-10;502,69;Rohdaten
2021-09-11;502,68;Rohdaten
2021-09-12;502,67;Rohdaten
2021-09-13;502,66;Rohdaten
2021-09-14;502,65;Rohdaten
2021-09-15;502,65;Rohdaten
2021-09-16;502,66;Rohdaten
2021-09-17;502,66;Rohdaten
2021-09-18;502,65;Rohdaten
2021-09-19;502,64;Rohdaten
2021-09-20;502,63;Rohdaten
2021-09-21;502,62;Rohdaten
2021-09-22;502,61;Rohdaten
2021-09-23;502,61;Rohdaten
2021-09-24;502,60;Rohdaten
2021-09-25;502,59;Rohdaten
2021-09-26;502,58;Rohdaten
2021-09-27;502,61;Rohdaten
2021-09-28;502,60;Rohdaten
2021-09-29;502,59;Rohdaten
2021-09-30;502,58;Rohdaten
2021-10-01;502,58;Rohdaten
2021-10-02;502,57;Rohdaten
2021-10-03;502,56;Rohdaten
2021-10-04;502,55;Rohdaten
2021-10-05;502,55;Rohdaten
2021-10-06;502,55;Rohdaten
2021-10-07;502,54;Rohdaten
2021-10-08;502,53;Rohdaten
2021-10-09;502,52;Rohdaten
2021-10-10;502,52;Rohdaten
2021-10-11;502,51;Rohdaten
2021-10-12;502,50;Rohdaten
2021-10-13;502,52;Rohdaten
2021-10-14;502,51;Rohdaten
2021-10-15;502,50;Rohdaten
2021-10-16;502,49;Rohdaten
2021-10-17;502,48;Rohdaten
2021-10-18;502,48;Rohdaten
2021-10-19;502,47;Rohdaten
2021-10-20;502,47;Rohdaten
2021-10-21;502,45;Rohdaten
2021-10-22;502,44;Rohdaten
2021-10-23;502,44;Rohdaten
2021-10-24;502,43;Rohdaten
2021-10-25;502,43;Rohdaten
2021-10-26;502,42;Rohdaten
2021-10-27;502,41;Rohdaten
2021-10-28;502,41;Rohdaten
2021-10-29;502,40;Rohdaten
2021-10-30;502,40;Rohdaten
2021-10-31;502,39;Rohdaten
2021-11-01;502,39;Rohdaten
2021-11-02;502,40;Rohdaten
2021-11-03;502,39;Rohdaten
2021-11-04;502,39;Rohdaten
2021-11-05;502,38;Rohdaten
2021-11-06;502,38;Rohdaten
2021-11-07;502,37;Rohdaten
2021-11-08;502,37;Rohdaten
2021-11-09;502,36;Rohdaten
2021-11-10;502,35;Rohdaten
2021-11-11;502,35;Rohdaten
2021-11-12;502,34;Rohdaten
2021-11-13;502,33;Rohdaten
2021-11-14;502,33;Rohdaten
2021-11-15;502,32;Rohdaten
2021-11-16;502,31;Rohdaten
2021-11-17;502,30;Rohdaten
2021-11-18;502,29;Rohdaten
2021-11-19;502,29;Rohdaten
2021-11-20;502,28;Rohdaten
2021-11-21;502,28;Rohdaten
2021-11-22;502,27;Rohdaten
2021-11-23;502,27;Rohdaten
2021-11-24;502,26;Rohdaten
2021-11-25;502,25;Rohdaten
2021-11-26;502,24;Rohdaten
2021-11-27;502,24;Rohdaten
2021-11-28;502,23;Rohdaten
2021-11-29;502,22;Rohdaten
2021-11-30;502,21;Rohdaten
2021-12-01;502,21;Rohdaten
2021-12-02;502,20;Rohdaten
2021-12-03;502,19;Rohdaten
2021-12-04;502,20;Rohdaten
2021-12-05;502,21;Rohdaten
2021-12-06;502,21;Rohdaten
2021-12-07;502,20;Rohdaten
2021-12-08;502,20;Rohdaten
2021-12-09;502,19;Rohdaten
2021-12-10;502,19;Rohdaten
2021-12-11;502,19;Rohdaten
2021-12-12;502,19;Rohdaten
2021-12-13;502,20;Rohdaten
2021-12-14;502,20;Rohdaten
2021-12-15;502,20;Rohdaten
2021-12-16;502,19;Rohdaten
2021-12-17;502,19;Rohdaten
2021-12-18;502,19;Rohdaten
2021-12-19;502,18;Rohdaten
2021-12-20;502,17;Rohdaten
2021-12-21;502,16;Rohdaten
2021-12-22;502,15;Rohdaten
2021-12-23;502,13;Rohdaten
2021-12-24;502,12;Rohdaten
2021-12-25;502,13;Rohdaten
2021-12-26;502,15;Rohdaten
2021-12-27;502,13;Rohdaten
2021-12-28;502,14;Rohdaten
2021-12-29;502,17;Rohdaten
2021-12-30;502,21;Rohdaten
2021-12-31;502,23;Rohdaten
2022-01-01;502,24;Rohdaten
2022-01-02;502,23;Rohdaten
2022-01-03;502,22;Rohdaten
2022-01-04;502,21;Rohdaten
2022-01-05;502,22;Rohdaten
2022-01-06;502,22;Rohdaten
2022-01-07;502,21;Rohdaten
2022-01-08;502,21;Rohdaten
2022-01-09;502,21;Rohdaten
2022-01-10;502,21;Rohdaten
2022-01-11;502,20;Rohdaten
2022-01-12;502,20;Rohdaten
2022-01-13;502,19;Rohdaten
2022-01-14;502,19;Rohdaten
2022-01-15;502,18;Rohdaten
2022-01-16;502,13;Rohdaten
2022-01-17;502,12;Rohdaten
2022-01-18;502,13;Rohdaten
2022-01-19;502,14;Rohdaten
2022-01-20;502,20;Rohdaten
2022-01-21;502,30;Rohdaten
2022-01-22;502,23;Rohdaten
2022-01-23;502,17;Rohdaten
2022-01-24;502,17;Rohdaten
2022-01-25;502,16;Rohdaten
2022-01-26;502,15;Rohdaten
2022-01-27;502,15;Rohdaten
2022-01-28;502,14;Rohdaten
2022-01-29;502,14;Rohdaten
2022-01-30;502,14;Rohdaten
2022-01-31;502,13;Rohdaten
2022-02-01;502,13;Rohdaten
2022-02-02;502,13;Rohdaten
2022-02-03;502,13;Rohdaten
2022-02-04;502,13;Rohdaten
2022-02-05;502,12;Rohdaten
2022-02-06;502,12;Rohdaten
2022-02-07;502,13;Rohdaten
2022-02-08;502,12;Rohdaten
2022-02-09;502,12;Rohdaten
2022-02-10;502,11;Rohdaten
2022-02-11;502,11;Rohdaten
2022-02-12;502,11;Rohdaten
2022-02-13;502,11;Rohdaten
2022-02-14;502,10;Rohdaten
2022-02-15;502,10;Rohdaten
2022-02-16;502,10;Rohdaten
2022-02-17;502,09;Rohdaten
2022-02-18;502,09;Rohdaten
2022-02-19;502,08;Rohdaten
2022-02-20;502,07;Rohdaten
2022-02-21;502,07;Rohdaten
2022-02-22;502,06;Rohdaten
2022-02-23;502,05;Rohdaten
2022-02-24;502,05;Rohdaten
2022-02-25;502,05;Rohdaten
2022-02-26;502,04;Rohdaten
2022-02-27;502,03;Rohdaten
2022-02-28;502,03;Rohdaten
2022-03-01;502,02;Rohdaten
2022-03-02;502,01;Rohdaten
2022-03-03;502,01;Rohdaten
2022-03-04;502,00;Rohdaten
2022-03-05;501,99;Rohdaten
2022-03-06;501,98;Rohdaten
2022-03-07;501,97;Rohdaten
2022-03-08;501,96;Rohdaten
2022-03-09;501,95;Rohdaten
2022-03-10;501,95;Rohdaten
2022-03-11;501,94;Rohdaten
2022-03-12;501,93;Rohdaten
2022-03-13;501,92;Rohdaten
2022-03-14;501,91;Rohdaten
2022-03-15;501,90;Rohdaten
2022-03-16;501,89;Rohdaten
2022-03-17;501,89;Rohdaten
2022-03-18;501,88;Rohdaten
2022-03-19;501,87;Rohdaten
2022-03-20;501,86;Rohdaten
2022-03-21;501,85;Rohdaten
2022-03-22;501,84;Rohdaten
2022-03-23;501,83;Rohdaten
2022-03-24;501,82;Rohdaten
2022-03-25;501,81;Rohdaten
2022-03-26;501,81;Rohdaten
2022-03-27;501,80;Rohdaten
2022-03-28;501,79;Rohdaten
2022-03-29;501,77;Rohdaten
2022-03-30;501,76;Rohdaten
2022-03-31;501,74;Rohdaten
2022-04-01;501,75;Rohdaten
2022-04-02;501,75;Rohdaten
2022-04-03;501,75;Rohdaten
2022-04-04;501,74;Rohdaten
2022-04-05;501,74;Rohdaten
2022-04-06;501,74;Rohdaten
2022-04-07;501,73;Rohdaten
2022-04-08;501,73;Rohdaten
2022-04-09;501,73;Rohdaten
2022-04-10;501,73;Rohdaten
2022-04-11;501,72;Rohdaten
2022-04-12;501,71;Rohdaten
2022-04-13;501,71;Rohdaten
2022-04-14;501,70;Rohdaten
2022-04-15;501,70;Rohdaten
2022-04-16;501,69;Rohdaten
2022-04-17;501,68;Rohdaten
2022-04-18;501,68;Rohdaten
2022-04-19;501,67;Rohdaten
2022-04-20;501,66;Rohdaten
2022-04-21;501,65;Rohdaten
2022-04-22;501,64;Rohdaten
2022-04-23;501,64;Rohdaten
2022-04-24;501,63;Rohdaten
2022-04-25;501,62;Rohdaten
2022-04-26;501,62;Rohdaten
2022-04-27;501,62;Rohdaten
2022-04-28;501,61;Rohdaten
2022-04-29;501,61;Rohdaten
2022-04-30;501,60;Rohdaten
2022-05-01;501,59;Rohdaten
2022-05-02;501,58;Rohdaten
2022-05-03;501,58;Rohdaten
2022-05-04;501,57;Rohdaten
2022-05-05;501,57;Rohdaten
2022-05-06;501,57;Rohdaten
2022-05-07;501,56;Rohdaten
2022-05-08;501,56;Rohdaten
2022-05-09;501,56;Rohdaten
2022-05-10;501,55;Rohdaten
2022-05-11;501,54;Rohdaten
2022-05-12;501,54;Rohdaten
2022-05-13;501,55;Rohdaten
2022-05-14;501,60;Rohdaten
2022-05-15;501,60;Rohdaten
2022-05-16;501,60;Rohdaten
2022-05-17;501,60;Rohdaten
2022-05-18;501,58;Rohdaten
2022-05-19;501,58;Rohdaten
2022-05-20;501,58;Rohdaten
2022-05-21;501,57;Rohdaten
2022-05-22;501,57;Rohdaten
2022-05-23;501,56;Rohdaten
2022-05-24;501,60;Rohdaten
2022-05-25;501,63;Rohdaten
2022-05-26;501,65;Rohdaten
2022-05-27;501,65;Rohdaten
2022-05-28;501,65;Rohdaten
2022-05-29;501,65;Rohdaten
2022-05-30;501,65;Rohdaten
2022-05-31;501,65;Rohdaten
2022-06-01;501,64;Rohdaten
2022-06-02;501,63;Rohdaten
2022-06-03;501,63;Rohdaten
2022-06-04;501,66;Rohdaten
2022-06-05;501,68;Rohdaten
2022-06-06;501,71;Rohdaten
2022-06-07;501,73;Rohdaten
2022-06-08;501,74;Rohdaten
2022-06-09;501,76;Rohdaten
2022-06-10;501,79;Rohdaten
2022-06-11;501,80;Rohdaten
2022-06-12;501,81;Rohdaten
2022-06-13;501,83;Rohdaten
2022-06-14;501,83;Rohdaten
2022-06-15;501,83;Rohdaten
2022-06-16;501,83;Rohdaten
2022-06-17;501,83;Rohdaten
2022-06-18;501,82;Rohdaten
2022-06-19;501,82;Rohdaten
2022-06-20;501,81;Rohdaten
2022-06-21;501,80;Rohdaten
2022-06-22;501,79;Rohdaten
2022-06-23;501,78;Rohdaten
2022-06-24;501,77;Rohdaten
2022-06-25;501,78;Rohdaten
2022-06-26;501,77;Rohdaten
2022-06-27;501,76;Rohdaten
2022-06-28;501,75;Rohdaten
2022-06-29;501,75;Rohdaten
2022-06-30;501,75;Rohdaten
2022-07-01;501,74;Rohdaten
2022-07-02;501,73;Rohdaten
2022-07-03;501,72;Rohdaten
2022-07-04;501,71;Rohdaten
2022-07-05;501,71;Rohdaten
2022-07-06;501,70;Rohdaten
2022-07-07;501,69;Rohdaten
2022-07-08;501,69;Rohdaten
2022-07-09;501,68;Rohdaten
2022-07-10;501,67;Rohdaten
2022-07-11;501,67;Rohdaten
2022-07-12;501,67;Rohdaten
2022-07-13;501,66;Rohdaten
2022-07-14;501,65;Rohdaten
2022-07-15;501,64;Rohdaten
2022-07-16;501,62;Rohdaten
2022-07-17;501,61;Rohdaten
2022-07-18;501,61;Rohdaten
2022-07-19;501,60;Rohdaten
2022-07-20;501,59;Rohdaten
2022-07-21;501,58;Rohdaten
2022-07-22;501,57;Rohdaten
2022-07-23;501,56;Rohdaten
2022-07-24;501,55;Rohdaten
2022-07-25;501,54;Rohdaten
2022-07-26;501,55;Rohdaten
2022-07-27;501,55;Rohdaten
2022-07-28;501,54;Rohdaten
2022-07-29;501,53;Rohdaten
2022-07-30;501,52;Rohdaten
2022-07-31;501,51;Rohdaten
2022-08-01;501,49;Rohdaten
2022-08-02;501,49;Rohdaten
2022-08-03;501,48;Rohdaten
2022-08-04;501,47;Rohdaten
2022-08-05;501,46;Rohdaten
2022-08-06;501,49;Rohdaten
2022-08-07;501,50;Rohdaten
2022-08-08;501,49;Rohdaten
2022-08-09;501,48;Rohdaten
2022-08-10;501,46;Rohdaten
2022-08-11;501,45;Rohdaten
2022-08-12;501,44;Rohdaten
2022-08-13;501,42;Rohdaten
2022-08-14;501,41;Rohdaten
2022-08-15;501,40;Rohdaten
2022-08-16;501,38;Rohdaten
2022-08-17;501,37;Rohdaten
2022-08-18;501,36;Rohdaten
2022-08-19;501,35;Rohdaten
2022-08-20;501,34;Rohdaten
2022-08-21;501,35;Rohdaten
2022-08-22;501,34;Rohdaten
2022-08-23;501,33;Rohdaten
2022-08-24;501,32;Rohdaten
2022-08-25;501,31;Rohdaten
2022-08-26;501,30;Rohdaten
2022-08-27;501,31;Rohdaten
2022-08-28;501,36;Rohdaten
2022-08-29;501,40;Rohdaten
2022-08-30;501,42;Rohdaten
2022-08-31;501,44;Rohdaten
2022-09-01;501,50;Rohdaten
2022-09-02;501,52;Rohdaten
2022-09-03;501,53;Rohdaten
2022-09-04;501,53;Rohdaten
2022-09-05;501,53;Rohdaten
2022-09-06;501,52;Rohdaten
2022-09-07;501,52;Rohdaten
2022-09-08;501,52;Rohdaten
2022-09-09;501,51;Rohdaten
2022-09-10;501,51;Rohdaten
2022-09-11;501,51;Rohdaten
2022-09-12;501,51;Rohdaten
2022-09-13;501,50;Rohdaten
2022-09-14;501,50;Rohdaten
2022-09-15;501,49;Rohdaten
2022-09-16;501,48;Rohdaten
2022-09-17;501,48;Rohdaten
2022-09-18;501,48;Rohdaten
2022-09-19;501,48;Rohdaten
2022-09-20;501,48;Rohdaten
2022-09-21;501,48;Rohdaten
2022-09-22;501,47;Rohdaten
2022-09-23;501,47;Rohdaten
2022-09-24;501,46;Rohdaten
2022-09-25;501,45;Rohdaten
2022-09-26;501,44;Rohdaten
2022-09-27;501,43;Rohdaten
2022-09-28;501,44;Rohdaten
2022-09-29;501,45;Rohdaten
2022-09-30;501,45;Rohdaten
2022-10-01;501,45;Rohdaten
2022-10-02;501,46;Rohdaten
2022-10-03;501,50;Rohdaten
2022-10-04;501,52;Rohdaten
2022-10-05;501,55;Rohdaten
2022-10-06;501,56;Rohdaten
2022-10-07;501,56;Rohdaten
2022-10-08;501,57;Rohdaten
2022-10-09;501,56;Rohdaten
2022-10-10;501,56;Rohdaten
2022-10-11;501,55;Rohdaten
2022-10-12;501,55;Rohdaten
2022-10-13;501,54;Rohdaten
2022-10-14;501,55;Rohdaten
2022-10-15;501,57;Rohdaten
2022-10-16;501,58;Rohdaten
2022-10-17;501,58;Rohdaten
2022-10-18;501,59;Rohdaten
2022-10-19;501,59;Rohdaten
2022-10-20;501,59;Rohdaten
2022-10-21;501,59;Rohdaten
2022-10-22;501,60;Rohdaten
2022-10-23;501,59;Rohdaten
2022-10-24;501,60;Rohdaten
2022-10-25;501,61;Rohdaten
2022-10-26;501,61;Rohdaten
2022-10-27;501,61;Rohdaten
2022-10-28;501,61;Rohdaten
2022-10-29;501,61;Rohdaten
2022-10-30;501,61;Rohdaten
2022-10-31;501,60;Rohdaten
2022-11-01;501,60;Rohdaten
2022-11-02;501,59;Rohdaten
2022-11-03;501,59;Rohdaten
2022-11-04;501,58;Rohdaten
2022-11-05;501,58;Rohdaten
2022-11-06;501,57;Rohdaten
2022-11-07;501,57;Rohdaten
2022-11-08;501,56;Rohdaten
2022-11-09;501,55;Rohdaten
2022-11-10;501,54;Rohdaten
2022-11-11;501,54;Rohdaten
2022-11-12;501,53;Rohdaten
2022-11-13;501,52;Rohdaten
2022-11-14;501,52;Rohdaten
2022-11-15;501,51;Rohdaten
2022-11-16;501,50;Rohdaten
2022-11-17;501,50;Rohdaten
2022-11-18;501,50;Rohdaten
2022-11-19;501,51;Rohdaten
2022-11-20;501,51;Rohdaten
2022-11-21;501,51;Rohdaten
2022-11-22;501,51;Rohdaten
2022-11-23;501,51;Rohdaten
2022-11-24;501,50;Rohdaten
2022-11-25;501,51;Rohdaten
2022-11-26;501,51;Rohdaten
2022-11-27;501,51;Rohdaten
2022-11-28;501,51;Rohdaten
2022-11-29;501,51;Rohdaten
2022-11-30;501,51;Rohdaten
2022-12-01;501,51;Rohdaten
2022-12-02;501,51;Rohdaten
2022-12-03;501,51;Rohdaten
2022-12-04;501,50;Rohdaten
2022-12-05;501,50;Rohdaten
2022-12-06;501,49;Rohdaten
2022-12-07;501,49;Rohdaten
2022-12-08;501,48;Rohdaten
2022-12-09;501,48;Rohdaten
2022-12-10;501,47;Rohdaten
2022-12-11;501,46;Rohdaten
2022-12-12;501,46;Rohdaten
2022-12-13;501,45;Rohdaten
2022-12-14;501,44;Rohdaten
2022-12-15;501,44;Rohdaten
2022-12-16;501,44;Rohdaten
2022-12-17;501,43;Rohdaten
2022-12-18;501,43;Rohdaten
2022-12-19;501,42;Rohdaten
2022-12-20;501,41;Rohdaten
2022-12-21;501,41;Rohdaten
2022-12-22;501,43;Rohdaten
2022-12-23;501,44;Rohdaten
2022-12-24;501,47;Rohdaten
2022-12-25;501,50;Rohdaten
2022-12-26;501,52;Rohdaten
2022-12-27;501,55;Rohdaten
2022-12-28;501,58;Rohdaten
2022-12-29;501,59;Rohdaten
2022-12-30;501,61;Rohdaten
2022-12-31;501,61;Rohdaten
