﻿Quelle:;"Bayerisches Landesamt für Umwelt, www.gkd.bayern.de"
Datenbankabfrage:;"18.11.2023 09:05"
Zeitbezug:;MEZ
Messstellen-Name:;"LAUFZORN SCHLOSS 247"
Messstellen-Nr.:;16001
Ostwert:;690356;Nordwert:;5320959;"ETRS89 / UTM Zone 32N"

Datum;"Grundwasserstand [m ü. NN]";Prüfstatus
2023-01-01;573,72;Rohdaten
2023-01-02;573,72;Rohdaten
2023-01-03;573,71;Rohdaten
2023-01-04;573,72;Rohdaten
2023-01-05;573,72;Rohdaten
2023-01-06;573,72;Rohdaten
2023-01-07;573,72;Rohdaten
2023-01-08;573,72;Rohdaten
2023-01-09;573,72;Rohdaten
2023-01-10;573,72;Rohdaten
2023-01-11;573,72;Rohdaten
2023-01-12;573,73;Rohdaten
2023-01-13;573,73;Rohdaten
2023-01-14;573,73;Rohdaten
2023-01-15;573,73;Rohdaten
2023-01-16;573,74;Rohdaten
2023-01-17;573,74;Rohdaten
2023-01-18;573,73;Rohdaten
2023-01-19;573,74;Rohdaten
2023-01-20;573,74;Rohdaten
2023-01-21;573,74;Rohdaten
2023-01-22;573,74;Rohdaten
2023-01-23;573,75;Rohdaten
2023-01-24;573,75;Rohdaten
2023-01-25;573,76;Rohdaten
2023-01-26;573,76;Rohdaten
2023-01-27;573,76;Rohdaten
2023-01-28;573,76;Rohdaten
2023-01-29;573,76;Rohdaten
2023-01-30;573,76;Rohdaten
2023-01-31;573,76;Rohdaten
2023-02-01;573,77;Rohdaten
2023-02-02;573,76;Rohdaten
2023-02-03;573,77;Rohdaten
2023-02-04;573,77;Rohdaten
2023-02-05;573,77;Rohdaten
2023-02-06;573,77;Rohdaten
2023-02-07;573,78;Rohdaten
2023-02-08;573,78;Rohdaten
2023-02-09;573,78;Rohdaten
2023-02-10;573,78;Rohdaten
2023-02-11;573,78;Rohdaten
2023-02-12;573,78;Rohdaten
2023-02-13;573,78;Rohdaten
2023-02-14;573,78;Rohdaten
2023-02-15;573,78;Rohdaten
2023-02-16;573,78;Rohdaten
2023-02-17;573,78;Rohdaten
2023-02-18;573,79;Rohdaten
2023-02-19;573,78;Rohdaten
2023-02-20;573,79;Rohdaten
2023-02-21;573,79;Rohdaten
2023-02-22;573,79;Rohdaten
2023-02-23;573,79;Rohdaten
2023-02-24;573,79;Rohdaten
2023-02-25;573,79;Rohdaten
2023-02-26;573,79;Rohdaten
2023-02-27;573,79;Rohdaten
2023-02-28;573,79;Rohdaten
2023-03-01;573,79;Rohdaten
2023-03-02;573,79;Rohdaten
2023-03-03;573,79;Rohdaten
2023-03-04;573,79;Rohdaten
2023-03-05;573,80;Rohdaten
2023-03-06;573,80;Rohdaten
2023-03-07;573,80;Rohdaten
2023-03-08;573,80;Rohdaten
2023-03-09;573,80;Rohdaten
2023-03-10;573,80;Rohdaten
2023-03-11;573,79;Rohdaten
2023-03-12;573,80;Rohdaten
2023-03-13;573,80;Rohdaten
2023-03-14;573,80;Rohdaten
2023-03-15;573,80;Rohdaten
2023-03-16;573,80;Rohdaten
2023-03-17;573,80;Rohdaten
2023-03-18;573,80;Rohdaten
2023-03-19;573,80;Rohdaten
2023-03-20;573,80;Rohdaten
2023-03-21;573,80;Rohdaten
2023-03-22;573,80;Rohdaten
2023-03-23;573,80;Rohdaten
2023-03-24;573,80;Rohdaten
2023-03-25;573,80;Rohdaten
2023-03-26;573,80;Rohdaten
2023-03-27;573,79;Rohdaten
2023-03-28;573,80;Rohdaten
2023-03-29;573,80;Rohdaten
2023-03-30;573,80;Rohdaten
2023-03-31;573,80;Rohdaten
2023-04-01;573,80;Rohdaten
2023-04-02;573,79;Rohdaten
2023-04-03;573,80;Rohdaten
2023-04-04;573,80;Rohdaten
2023-04-05;573,80;Rohdaten
2023-04-06;573,80;Rohdaten
2023-04-07;573,80;Rohdaten
2023-04-08;573,79;Rohdaten
2023-04-09;573,80;Rohdaten
2023-04-10;573,80;Rohdaten
2023-04-11;573,80;Rohdaten
2023-04-12;573,80;Rohdaten
2023-04-13;573,80;Rohdaten
2023-04-14;573,80;Rohdaten
2023-04-15;573,81;Rohdaten
2023-04-16;573,81;Rohdaten
2023-04-17;573,81;Rohdaten
2023-04-18;573,81;Rohdaten
2023-04-19;573,81;Rohdaten
2023-04-20;573,81;Rohdaten
2023-04-21;573,81;Rohdaten
2023-04-22;573,81;Rohdaten
2023-04-23;573,81;Rohdaten
2023-04-24;573,81;Rohdaten
2023-04-25;573,81;Rohdaten
2023-04-26;573,81;Rohdaten
2023-04-27;573,81;Rohdaten
2023-04-28;573,82;Rohdaten
2023-04-29;573,82;Rohdaten
2023-04-30;573,83;Rohdaten
2023-05-01;573,83;Rohdaten
2023-05-02;573,83;Rohdaten
2023-05-03;573,83;Rohdaten
2023-05-04;573,84;Rohdaten
2023-05-05;573,84;Rohdaten
2023-05-06;573,84;Rohdaten
2023-05-07;573,84;Rohdaten
2023-05-08;573,84;Rohdaten
2023-05-09;573,85;Rohdaten
2023-05-10;573,85;Rohdaten
2023-05-11;573,87;Rohdaten
2023-05-12;573,91;Rohdaten
2023-05-13;573,90;Rohdaten
2023-05-14;573,90;Rohdaten
2023-05-15;573,90;Rohdaten
2023-05-16;573,90;Rohdaten
2023-05-17;573,91;Rohdaten
2023-05-18;573,92;Rohdaten
2023-05-19;573,93;Rohdaten
2023-05-20;573,94;Rohdaten
2023-05-21;573,94;Rohdaten
2023-05-22;573,95;Rohdaten
2023-05-23;573,96;Rohdaten
2023-05-24;573,97;Rohdaten
2023-05-25;573,97;Rohdaten
2023-05-26;573,98;Rohdaten
2023-05-27;573,99;Rohdaten
2023-05-28;574,00;Rohdaten
2023-05-29;574,01;Rohdaten
2023-05-30;574,02;Rohdaten
2023-05-31;574,03;Rohdaten
2023-06-01;574,04;Rohdaten
2023-06-02;574,05;Rohdaten
2023-06-03;574,06;Rohdaten
2023-06-04;574,07;Rohdaten
2023-06-05;574,08;Rohdaten
2023-06-06;574,09;Rohdaten
2023-06-07;574,10;Rohdaten
2023-06-08;574,11;Rohdaten
2023-06-09;574,12;Rohdaten
2023-06-10;574,12;Rohdaten
2023-06-11;574,13;Rohdaten
2023-06-12;574,14;Rohdaten
2023-06-13;574,15;Rohdaten
2023-06-14;574,16;Rohdaten
2023-06-15;574,17;Rohdaten
2023-06-16;574,18;Rohdaten
2023-06-17;574,19;Rohdaten
2023-06-18;574,19;Rohdaten
2023-06-19;574,20;Rohdaten
2023-06-20;574,21;Rohdaten
2023-06-21;574,22;Rohdaten
2023-06-22;574,23;Rohdaten
2023-06-23;574,23;Rohdaten
2023-06-24;574,24;Rohdaten
2023-06-25;574,25;Rohdaten
2023-06-26;574,25;Rohdaten
2023-06-27;574,26;Rohdaten
2023-06-28;574,26;Rohdaten
2023-06-29;574,27;Rohdaten
2023-06-30;574,28;Rohdaten
2023-07-01;574,28;Rohdaten
2023-07-02;574,29;Rohdaten
2023-07-03;574,29;Rohdaten
2023-07-04;574,30;Rohdaten
2023-07-05;574,30;Rohdaten
2023-07-06;574,30;Rohdaten
2023-07-07;574,31;Rohdaten
2023-07-08;574,31;Rohdaten
2023-07-09;574,31;Rohdaten
2023-07-10;574,32;Rohdaten
2023-07-11;574,32;Rohdaten
2023-07-12;574,32;Rohdaten
2023-07-13;574,32;Rohdaten
2023-07-14;574,33;Rohdaten
2023-07-15;574,33;Rohdaten
2023-07-16;574,33;Rohdaten
2023-07-17;574,33;Rohdaten
2023-07-18;574,33;Rohdaten
2023-07-19;574,33;Rohdaten
2023-07-20;574,33;Rohdaten
2023-07-21;574,33;Rohdaten
2023-07-22;574,33;Rohdaten
2023-07-23;574,33;Rohdaten
2023-07-24;574,34;Rohdaten
2023-07-25;574,33;Rohdaten
2023-07-26;574,33;Rohdaten
2023-07-27;574,33;Rohdaten
2023-07-28;574,33;Rohdaten
2023-07-29;574,33;Rohdaten
2023-07-30;574,32;Rohdaten
2023-07-31;574,32;Rohdaten
2023-08-01;574,32;Rohdaten
2023-08-02;574,32;Rohdaten
2023-08-03;574,31;Rohdaten
2023-08-04;574,31;Rohdaten
2023-08-05;574,31;Rohdaten
2023-08-06;574,31;Rohdaten
2023-08-07;574,30;Rohdaten
2023-08-08;574,30;Rohdaten
2023-08-09;574,29;Rohdaten
2023-08-10;574,29;Rohdaten
2023-08-11;574,29;Rohdaten
2023-08-12;574,28;Rohdaten
2023-08-13;574,28;Rohdaten
2023-08-14;574,27;Rohdaten
2023-08-15;574,27;Rohdaten
2023-08-16;574,26;Rohdaten
2023-08-17;574,26;Rohdaten
2023-08-18;574,25;Rohdaten
2023-08-19;574,25;Rohdaten
2023-08-20;574,24;Rohdaten
2023-08-21;574,24;Rohdaten
2023-08-22;574,23;Rohdaten
2023-08-23;574,22;Rohdaten
2023-08-24;574,22;Rohdaten
2023-08-25;574,21;Rohdaten
2023-08-26;574,20;Rohdaten
2023-08-27;574,20;Rohdaten
2023-08-28;574,20;Rohdaten
2023-08-29;574,22;Rohdaten
2023-08-30;574,24;Rohdaten
2023-08-31;574,22;Rohdaten
2023-09-01;574,20;Rohdaten
2023-09-02;574,19;Rohdaten
2023-09-03;574,18;Rohdaten
2023-09-04;574,17;Rohdaten
2023-09-05;574,17;Rohdaten
2023-09-06;574,16;Rohdaten
2023-09-07;574,15;Rohdaten
2023-09-08;574,15;Rohdaten
2023-09-09;574,14;Rohdaten
2023-09-10;574,13;Rohdaten
2023-09-11;574,13;Rohdaten
2023-09-12;574,12;Rohdaten
2023-09-13;574,11;Rohdaten
2023-09-14;574,11;Rohdaten
2023-09-15;574,10;Rohdaten
2023-09-16;574,10;Rohdaten
2023-09-17;574,09;Rohdaten
2023-09-18;574,09;Rohdaten
2023-09-19;574,08;Rohdaten
2023-09-20;574,08;Rohdaten
2023-09-21;574,08;Rohdaten
2023-09-22;574,07;Rohdaten
2023-09-23;574,06;Rohdaten
2023-09-24;574,06;Rohdaten
2023-09-25;574,05;Rohdaten
2023-09-26;574,05;Rohdaten
2023-09-27;574,04;Rohdaten
2023-09-28;574,04;Rohdaten
2023-09-29;574,03;Rohdaten
2023-09-30;574,03;Rohdaten
2023-10-01;574,02;Rohdaten
2023-10-02;574,02;Rohdaten
2023-10-03;574,01;Rohdaten
2023-10-04;574,01;Rohdaten
2023-10-05;574,00;Rohdaten
2023-10-06;574,00;Rohdaten
2023-10-07;573,99;Rohdaten
2023-10-08;573,99;Rohdaten
2023-10-09;573,99;Rohdaten
2023-10-10;573,98;Rohdaten
2023-10-11;573,98;Rohdaten
2023-10-12;573,97;Rohdaten
2023-10-13;573,97;Rohdaten
2023-10-14;573,96;Rohdaten
2023-10-15;573,96;Rohdaten
2023-10-16;573,96;Rohdaten
2023-10-17;573,95;Rohdaten
2023-10-18;573,95;Rohdaten
2023-10-19;573,95;Rohdaten
2023-10-20;573,94;Rohdaten
2023-10-21;573,93;Rohdaten
2023-10-22;573,93;Rohdaten
2023-10-23;573,93;Rohdaten
2023-10-24;573,92;Rohdaten
2023-10-25;573,92;Rohdaten
2023-10-26;573,92;Rohdaten
2023-10-27;573,91;Rohdaten
2023-10-28;573,91;Rohdaten
2023-10-29;573,91;Rohdaten
2023-10-30;573,90;Rohdaten
2023-10-31;573,89;Rohdaten
