﻿Quelle:;"Bayerisches Landesamt für Umwelt, www.gkd.bayern.de"
Datenbankabfrage:;"18.11.2023 09:05"
Zeitbezug:;MEZ
Messstellen-Name:;"EGLFING LEHRER 265B"
Messstellen-Nr.:;16006
Ostwert:;704219;Nordwert:;5332868;"ETRS89 / UTM Zone 32N"

Datum;"Grundwasserstand [m ü. NN]";Prüfstatus
2023-01-01;523,54;Rohdaten
2023-01-02;523,55;Rohdaten
2023-01-03;523,56;Rohdaten
2023-01-04;523,57;Rohdaten
2023-01-05;523,58;Rohdaten
2023-01-06;523,58;Rohdaten
2023-01-07;523,59;Rohdaten
2023-01-08;523,59;Rohdaten
2023-01-09;523,60;Rohdaten
2023-01-10;523,60;Rohdaten
2023-01-11;523,60;Rohdaten
2023-01-12;523,61;Rohdaten
2023-01-13;523,61;Rohdaten
2023-01-14;523,61;Rohdaten
2023-01-15;523,61;Rohdaten
2023-01-16;523,61;Rohdaten
2023-01-17;523,61;Rohdaten
2023-01-18;523,60;Rohdaten
2023-01-19;523,60;Rohdaten
2023-01-20;523,60;Rohdaten
2023-01-21;523,59;Rohdaten
2023-01-22;523,59;Rohdaten
2023-01-23;523,59;Rohdaten
2023-01-24;523,58;Rohdaten
2023-01-25;523,58;Rohdaten
2023-01-26;523,57;Rohdaten
2023-01-27;523,57;Rohdaten
2023-01-28;523,56;Rohdaten
2023-01-29;523,56;Rohdaten
2023-01-30;523,55;Rohdaten
2023-01-31;523,54;Rohdaten
2023-02-01;523,54;Rohdaten
2023-02-02;523,53;Rohdaten
2023-02-03;523,53;Rohdaten
2023-02-04;523,52;Rohdaten
2023-02-05;523,52;Rohdaten
2023-02-06;523,51;Rohdaten
2023-02-07;523,51;Rohdaten
2023-02-08;523,50;Rohdaten
2023-02-09;523,49;Rohdaten
2023-02-10;523,49;Rohdaten
2023-02-11;523,48;Rohdaten
2023-02-12;523,48;Rohdaten
2023-02-13;523,47;Rohdaten
2023-02-14;523,47;Rohdaten
2023-02-15;523,46;Rohdaten
2023-02-16;523,46;Rohdaten
2023-02-17;523,45;Rohdaten
2023-02-18;523,44;Rohdaten
2023-02-19;523,44;Rohdaten
2023-02-20;523,43;Rohdaten
2023-02-21;523,43;Rohdaten
2023-02-22;523,42;Rohdaten
2023-02-23;523,42;Rohdaten
2023-02-24;523,41;Rohdaten
2023-02-25;523,40;Rohdaten
2023-02-26;523,40;Rohdaten
2023-02-27;523,40;Rohdaten
2023-02-28;523,39;Rohdaten
2023-03-01;523,39;Rohdaten
2023-03-02;523,38;Rohdaten
2023-03-03;523,38;Rohdaten
2023-03-04;523,37;Rohdaten
2023-03-05;523,37;Rohdaten
2023-03-06;523,36;Rohdaten
2023-03-07;523,36;Rohdaten
2023-03-08;523,35;Rohdaten
2023-03-09;523,35;Rohdaten
2023-03-10;523,34;Rohdaten
2023-03-11;523,34;Rohdaten
2023-03-12;523,33;Rohdaten
2023-03-13;523,32;Rohdaten
2023-03-14;523,32;Rohdaten
2023-03-15;523,31;Rohdaten
2023-03-16;523,31;Rohdaten
2023-03-17;523,30;Rohdaten
2023-03-18;523,30;Rohdaten
2023-03-19;523,29;Rohdaten
2023-03-20;523,29;Rohdaten
2023-03-21;523,28;Rohdaten
2023-03-22;523,28;Rohdaten
2023-03-23;523,27;Rohdaten
2023-03-24;523,26;Rohdaten
2023-03-25;523,26;Rohdaten
2023-03-26;523,25;Rohdaten
2023-03-27;523,25;Rohdaten
2023-03-28;523,24;Rohdaten
2023-03-29;523,24;Rohdaten
2023-03-30;523,23;Rohdaten
2023-03-31;523,23;Rohdaten
2023-04-01;523,23;Rohdaten
2023-04-02;523,22;Rohdaten
2023-04-03;523,22;Rohdaten
2023-04-04;523,21;Rohdaten
2023-04-05;523,21;Rohdaten
2023-04-06;523,21;Rohdaten
2023-04-07;523,20;Rohdaten
2023-04-08;523,19;Rohdaten
2023-04-09;523,19;Rohdaten
2023-04-10;523,18;Rohdaten
2023-04-11;523,18;Rohdaten
2023-04-12;523,18;Rohdaten
2023-04-13;523,17;Rohdaten
2023-04-14;523,17;Rohdaten
2023-04-15;523,17;Rohdaten
2023-04-16;523,17;Rohdaten
2023-04-17;523,17;Rohdaten
2023-04-18;523,16;Rohdaten
2023-04-19;523,16;Rohdaten
2023-04-20;523,16;Rohdaten
2023-04-21;523,16;Rohdaten
2023-04-22;523,16;Rohdaten
2023-04-23;523,15;Rohdaten
2023-04-24;523,15;Rohdaten
2023-04-25;523,15;Rohdaten
2023-04-26;523,15;Rohdaten
2023-04-27;523,15;Rohdaten
2023-04-28;523,15;Rohdaten
2023-04-29;523,17;Rohdaten
2023-04-30;523,18;Rohdaten
2023-05-01;523,19;Rohdaten
2023-05-02;523,19;Rohdaten
2023-05-03;523,20;Rohdaten
2023-05-04;523,22;Rohdaten
2023-05-05;523,24;Rohdaten
2023-05-06;523,25;Rohdaten
2023-05-07;523,27;Rohdaten
2023-05-08;523,29;Rohdaten
2023-05-09;523,30;Rohdaten
2023-05-10;523,31;Rohdaten
2023-05-11;523,33;Rohdaten
2023-05-12;523,36;Rohdaten
2023-05-13;523,38;Rohdaten
2023-05-14;523,39;Rohdaten
2023-05-15;523,41;Rohdaten
2023-05-16;523,43;Rohdaten
2023-05-17;523,45;Rohdaten
2023-05-18;523,47;Rohdaten
2023-05-19;523,49;Rohdaten
2023-05-20;523,51;Rohdaten
2023-05-21;523,53;Rohdaten
2023-05-22;523,54;Rohdaten
2023-05-23;523,55;Rohdaten
2023-05-24;523,56;Rohdaten
2023-05-25;523,57;Rohdaten
2023-05-26;523,57;Rohdaten
2023-05-27;523,58;Rohdaten
2023-05-28;523,58;Rohdaten
2023-05-29;523,59;Rohdaten
2023-05-30;523,59;Rohdaten
2023-05-31;523,59;Rohdaten
2023-06-01;523,59;Rohdaten
2023-06-02;523,58;Rohdaten
2023-06-03;523,58;Rohdaten
2023-06-04;523,58;Rohdaten
2023-06-05;523,58;Rohdaten
2023-06-06;523,57;Rohdaten
2023-06-07;523,57;Rohdaten
2023-06-08;523,57;Rohdaten
2023-06-09;523,56;Rohdaten
2023-06-10;523,56;Rohdaten
2023-06-11;523,55;Rohdaten
2023-06-12;523,55;Rohdaten
2023-06-13;523,54;Rohdaten
2023-06-14;523,54;Rohdaten
2023-06-15;523,53;Rohdaten
2023-06-16;523,53;Rohdaten
2023-06-17;523,52;Rohdaten
2023-06-18;523,51;Rohdaten
2023-06-19;523,51;Rohdaten
2023-06-20;523,50;Rohdaten
2023-06-21;523,49;Rohdaten
2023-06-22;523,49;Rohdaten
2023-06-23;523,48;Rohdaten
2023-06-24;523,48;Rohdaten
2023-06-25;523,47;Rohdaten
2023-06-26;523,47;Rohdaten
2023-06-27;523,46;Rohdaten
2023-06-28;523,46;Rohdaten
2023-06-29;523,45;Rohdaten
2023-06-30;523,44;Rohdaten
2023-07-01;523,44;Rohdaten
2023-07-02;523,43;Rohdaten
2023-07-03;523,43;Rohdaten
2023-07-04;523,42;Rohdaten
2023-07-05;523,42;Rohdaten
2023-07-06;523,41;Rohdaten
2023-07-07;523,41;Rohdaten
2023-07-08;523,40;Rohdaten
2023-07-09;523,40;Rohdaten
2023-07-10;523,39;Rohdaten
2023-07-11;523,38;Rohdaten
2023-07-12;523,38;Rohdaten
2023-07-13;523,37;Rohdaten
2023-07-14;523,36;Rohdaten
2023-07-15;523,36;Rohdaten
2023-07-16;523,35;Rohdaten
2023-07-17;523,34;Rohdaten
2023-07-18;523,34;Rohdaten
2023-07-19;523,33;Rohdaten
2023-07-20;523,33;Rohdaten
2023-07-21;523,32;Rohdaten
2023-07-22;523,32;Rohdaten
2023-07-23;523,31;Rohdaten
2023-07-24;523,31;Rohdaten
2023-07-25;523,30;Rohdaten
2023-07-26;523,30;Rohdaten
2023-07-27;523,29;Rohdaten
2023-07-28;523,29;Rohdaten
2023-07-29;523,29;Rohdaten
2023-07-30;523,28;Rohdaten
2023-07-31;523,28;Rohdaten
2023-08-01;523,28;Rohdaten
2023-08-02;523,27;Rohdaten
2023-08-03;523,27;Rohdaten
2023-08-04;523,26;Rohdaten
2023-08-05;523,26;Rohdaten
2023-08-06;523,26;Rohdaten
2023-08-07;523,25;Rohdaten
2023-08-08;523,25;Rohdaten
2023-08-09;523,25;Rohdaten
2023-08-10;523,24;Rohdaten
2023-08-11;523,24;Rohdaten
2023-08-12;523,24;Rohdaten
2023-08-13;523,23;Rohdaten
2023-08-14;523,23;Rohdaten
2023-08-15;523,22;Rohdaten
2023-08-16;523,22;Rohdaten
2023-08-17;523,21;Rohdaten
2023-08-18;523,21;Rohdaten
2023-08-19;523,20;Rohdaten
2023-08-20;523,20;Rohdaten
2023-08-21;523,19;Rohdaten
2023-08-22;523,19;Rohdaten
2023-08-23;523,18;Rohdaten
2023-08-24;523,18;Rohdaten
2023-08-25;523,17;Rohdaten
2023-08-26;523,17;Rohdaten
2023-08-27;523,17;Rohdaten
2023-08-28;523,19;Rohdaten
2023-08-29;523,22;Rohdaten
2023-08-30;523,25;Rohdaten
2023-08-31;523,26;Rohdaten
2023-09-01;523,26;Rohdaten
2023-09-02;523,27;Rohdaten
2023-09-03;523,27;Rohdaten
2023-09-04;523,28;Rohdaten
2023-09-05;523,28;Rohdaten
2023-09-06;523,28;Rohdaten
2023-09-07;523,29;Rohdaten
2023-09-08;523,29;Rohdaten
2023-09-09;523,29;Rohdaten
2023-09-10;523,29;Rohdaten
2023-09-11;523,29;Rohdaten
2023-09-12;523,29;Rohdaten
2023-09-13;523,29;Rohdaten
2023-09-14;523,29;Rohdaten
2023-09-15;523,29;Rohdaten
2023-09-16;523,29;Rohdaten
2023-09-17;523,29;Rohdaten
2023-09-18;523,28;Rohdaten
2023-09-19;523,28;Rohdaten
2023-09-20;523,28;Rohdaten
2023-09-21;523,28;Rohdaten
2023-09-22;523,27;Rohdaten
2023-09-23;523,27;Rohdaten
2023-09-24;523,26;Rohdaten
2023-09-25;523,26;Rohdaten
2023-09-26;523,26;Rohdaten
2023-09-27;523,26;Rohdaten
2023-09-28;523,25;Rohdaten
2023-09-29;523,25;Rohdaten
2023-09-30;523,25;Rohdaten
2023-10-01;523,24;Rohdaten
2023-10-02;523,24;Rohdaten
2023-10-03;523,24;Rohdaten
2023-10-04;523,24;Rohdaten
2023-10-05;523,24;Rohdaten
2023-10-06;523,23;Rohdaten
2023-10-07;523,22;Rohdaten
2023-10-08;523,21;Rohdaten
2023-10-09;523,20;Rohdaten
2023-10-10;523,19;Rohdaten
2023-10-11;523,18;Rohdaten
2023-10-12;523,17;Rohdaten
2023-10-13;523,17;Rohdaten
2023-10-14;523,16;Rohdaten
2023-10-15;523,16;Rohdaten
2023-10-16;523,15;Rohdaten
2023-10-17;523,15;Rohdaten
2023-10-18;523,14;Rohdaten
2023-10-19;523,13;Rohdaten
2023-10-20;523,11;Rohdaten
2023-10-21;523,11;Rohdaten
2023-10-22;523,11;Rohdaten
2023-10-23;523,09;Rohdaten
2023-10-24;523,09;Rohdaten
2023-10-25;523,03;Rohdaten
2023-10-26;523,04;Rohdaten
