﻿Quelle:;"Bayerisches Landesamt für Umwelt, www.gkd.bayern.de"
Datenbankabfrage:;"18.11.2023 09:05"
Zeitbezug:;MEZ
Messstellen-Name:;OBERSCHLEISSHEIM
Messstellen-Nr.:;16269
Ostwert:;689543;Nordwert:;5347649;"ETRS89 / UTM Zone 32N"

Datum;"Grundwasserstand [m ü. NN]";Prüfstatus
2023-01-01;476,24;Rohdaten
2023-01-02;476,25;Rohdaten
2023-01-03;476,25;Rohdaten
2023-01-04;476,26;Rohdaten
2023-01-05;476,27;Rohdaten
2023-01-06;476,27;Rohdaten
2023-01-07;476,28;Rohdaten
2023-01-08;476,28;Rohdaten
2023-01-09;476,28;Rohdaten
2023-01-10;476,29;Rohdaten
2023-01-11;476,29;Rohdaten
2023-01-12;476,29;Rohdaten
2023-01-13;476,29;Rohdaten
2023-01-14;476,29;Rohdaten
2023-01-15;476,29;Rohdaten
2023-01-16;476,29;Rohdaten
2023-01-17;476,29;Rohdaten
2023-01-18;476,29;Rohdaten
2023-01-19;476,29;Rohdaten
2023-01-20;476,29;Rohdaten
2023-01-21;476,28;Rohdaten
2023-01-22;476,28;Rohdaten
2023-01-23;476,28;Rohdaten
2023-01-24;476,27;Rohdaten
2023-01-25;476,27;Rohdaten
2023-01-26;476,27;Rohdaten
2023-01-27;476,27;Rohdaten
2023-01-28;476,26;Rohdaten
2023-01-29;476,26;Rohdaten
2023-01-30;476,25;Rohdaten
2023-01-31;476,25;Rohdaten
2023-02-01;476,24;Rohdaten
2023-02-02;476,24;Rohdaten
2023-02-03;476,24;Rohdaten
2023-02-04;476,24;Rohdaten
2023-02-05;476,24;Rohdaten
2023-02-06;476,23;Rohdaten
2023-02-07;476,23;Rohdaten
2023-02-08;476,22;Rohdaten
2023-02-09;476,21;Rohdaten
2023-02-10;476,21;Rohdaten
2023-02-11;476,20;Rohdaten
2023-02-12;476,20;Rohdaten
2023-02-13;476,19;Rohdaten
2023-02-14;476,19;Rohdaten
2023-02-15;476,18;Rohdaten
2023-02-16;476,17;Rohdaten
2023-02-17;476,17;Rohdaten
2023-02-18;476,16;Rohdaten
2023-02-19;476,15;Rohdaten
2023-02-20;476,15;Rohdaten
2023-02-21;476,15;Rohdaten
2023-02-22;476,14;Rohdaten
2023-02-23;476,13;Rohdaten
2023-02-24;476,13;Rohdaten
2023-02-25;476,14;Rohdaten
2023-02-26;476,14;Rohdaten
2023-02-27;476,13;Rohdaten
2023-02-28;476,12;Rohdaten
2023-03-01;476,12;Rohdaten
2023-03-02;476,11;Rohdaten
2023-03-03;476,11;Rohdaten
2023-03-04;476,10;Rohdaten
2023-03-05;476,10;Rohdaten
2023-03-06;476,09;Rohdaten
2023-03-07;476,08;Rohdaten
2023-03-08;476,08;Rohdaten
2023-03-09;476,07;Rohdaten
2023-03-10;476,07;Rohdaten
2023-03-11;476,07;Rohdaten
2023-03-12;476,06;Rohdaten
2023-03-13;476,06;Rohdaten
2023-03-14;476,05;Rohdaten
2023-03-15;476,05;Rohdaten
2023-03-16;476,04;Rohdaten
2023-03-17;476,04;Rohdaten
2023-03-18;476,03;Rohdaten
2023-03-19;476,03;Rohdaten
2023-03-20;476,03;Rohdaten
2023-03-21;476,02;Rohdaten
2023-03-22;476,02;Rohdaten
2023-03-23;476,04;Rohdaten
2023-03-24;476,06;Rohdaten
2023-03-25;476,05;Rohdaten
2023-03-26;476,04;Rohdaten
2023-03-27;476,04;Rohdaten
2023-03-28;476,04;Rohdaten
2023-03-29;476,03;Rohdaten
2023-03-30;476,05;Rohdaten
2023-03-31;476,07;Rohdaten
2023-04-01;476,08;Rohdaten
2023-04-02;476,09;Rohdaten
2023-04-03;476,10;Rohdaten
2023-04-04;476,10;Rohdaten
2023-04-05;476,10;Rohdaten
2023-04-06;476,10;Rohdaten
2023-04-07;476,09;Rohdaten
2023-04-08;476,09;Rohdaten
2023-04-09;476,09;Rohdaten
2023-04-10;476,09;Rohdaten
2023-04-11;476,09;Rohdaten
2023-04-12;476,09;Rohdaten
2023-04-13;476,11;Rohdaten
2023-04-14;476,12;Rohdaten
2023-04-15;476,13;Rohdaten
2023-04-16;476,13;Rohdaten
2023-04-17;476,13;Rohdaten
2023-04-18;476,13;Rohdaten
2023-04-19;476,13;Rohdaten
2023-04-20;476,15;Rohdaten
2023-04-21;476,15;Rohdaten
2023-04-22;476,15;Rohdaten
2023-04-23;476,15;Rohdaten
2023-04-24;476,17;Rohdaten
2023-04-25;476,18;Rohdaten
2023-04-26;476,19;Rohdaten
2023-04-27;476,20;Rohdaten
2023-04-28;476,21;Rohdaten
2023-04-29;476,27;Rohdaten
2023-04-30;476,29;Rohdaten
2023-05-01;476,30;Rohdaten
2023-05-02;476,33;Rohdaten
2023-05-03;476,37;Rohdaten
2023-05-04;476,38;Rohdaten
2023-05-05;476,39;Rohdaten
2023-05-06;476,42;Rohdaten
2023-05-07;476,44;Rohdaten
2023-05-08;476,45;Rohdaten
2023-05-09;476,46;Rohdaten
2023-05-10;476,47;Rohdaten
2023-05-11;476,51;Rohdaten
2023-05-12;476,57;Rohdaten
2023-05-13;476,58;Rohdaten
2023-05-14;476,60;Rohdaten
2023-05-15;476,61;Rohdaten
2023-05-16;476,63;Rohdaten
2023-05-17;476,65;Rohdaten
2023-05-18;476,66;Rohdaten
2023-05-19;476,67;Rohdaten
2023-05-20;476,68;Rohdaten
2023-05-21;476,69;Rohdaten
2023-05-22;476,69;Rohdaten
2023-05-23;476,69;Rohdaten
2023-05-24;476,70;Rohdaten
2023-05-25;476,70;Rohdaten
2023-05-26;476,70;Rohdaten
2023-05-27;476,70;Rohdaten
2023-05-28;476,70;Rohdaten
2023-05-29;476,71;Rohdaten
2023-05-30;476,71;Rohdaten
2023-05-31;476,71;Rohdaten
2023-06-01;476,71;Rohdaten
2023-06-02;476,71;Rohdaten
2023-06-03;476,71;Rohdaten
2023-06-04;476,71;Rohdaten
2023-06-05;476,71;Rohdaten
2023-06-06;476,71;Rohdaten
2023-06-07;476,70;Rohdaten
2023-06-08;476,70;Rohdaten
2023-06-09;476,70;Rohdaten
2023-06-10;476,70;Rohdaten
2023-06-11;476,70;Rohdaten
2023-06-12;476,69;Rohdaten
2023-06-13;476,69;Rohdaten
2023-06-14;476,69;Rohdaten
2023-06-15;476,68;Rohdaten
2023-06-16;476,67;Rohdaten
2023-06-17;476,66;Rohdaten
2023-06-18;476,66;Rohdaten
2023-06-19;476,65;Rohdaten
2023-06-20;476,64;Rohdaten
2023-06-21;476,63;Rohdaten
2023-06-22;476,63;Rohdaten
2023-06-23;476,63;Rohdaten
2023-06-24;476,62;Rohdaten
2023-06-25;476,62;Rohdaten
2023-06-26;476,61;Rohdaten
2023-06-27;476,60;Rohdaten
2023-06-28;476,59;Rohdaten
2023-06-29;476,58;Rohdaten
2023-06-30;476,57;Rohdaten
2023-07-01;476,57;Rohdaten
2023-07-02;476,56;Rohdaten
2023-07-03;476,55;Rohdaten
2023-07-04;476,54;Rohdaten
2023-07-05;476,52;Rohdaten
2023-07-06;476,51;Rohdaten
2023-07-07;476,50;Rohdaten
2023-07-08;476,49;Rohdaten
2023-07-09;476,49;Rohdaten
2023-07-10;476,48;Rohdaten
2023-07-11;476,47;Rohdaten
2023-07-12;476,46;Rohdaten
2023-07-13;476,47;Rohdaten
2023-07-14;476,46;Rohdaten
2023-07-15;476,44;Rohdaten
2023-07-16;476,43;Rohdaten
2023-07-17;476,42;Rohdaten
2023-07-18;476,41;Rohdaten
2023-07-19;476,40;Rohdaten
2023-07-20;476,39;Rohdaten
2023-07-21;476,38;Rohdaten
2023-07-22;476,37;Rohdaten
2023-07-23;476,36;Rohdaten
2023-07-24;476,35;Rohdaten
2023-07-25;476,35;Rohdaten
2023-07-26;476,35;Rohdaten
2023-07-27;476,34;Rohdaten
2023-07-28;476,33;Rohdaten
2023-07-29;476,32;Rohdaten
2023-07-30;476,32;Rohdaten
2023-07-31;476,31;Rohdaten
2023-08-01;476,30;Rohdaten
2023-08-02;476,29;Rohdaten
2023-08-03;476,29;Rohdaten
2023-08-04;476,28;Rohdaten
2023-08-05;476,27;Rohdaten
2023-08-06;476,28;Rohdaten
2023-08-07;476,29;Rohdaten
2023-08-08;476,28;Rohdaten
2023-08-09;476,27;Rohdaten
2023-08-10;476,26;Rohdaten
2023-08-11;476,25;Rohdaten
2023-08-12;476,24;Rohdaten
2023-08-13;476,24;Rohdaten
2023-08-14;476,24;Rohdaten
2023-08-15;476,23;Rohdaten
2023-08-16;476,22;Rohdaten
2023-08-17;476,21;Rohdaten
2023-08-18;476,20;Rohdaten
2023-08-19;476,19;Rohdaten
2023-08-20;476,19;Rohdaten
2023-08-21;476,18;Rohdaten
2023-08-22;476,17;Rohdaten
2023-08-23;476,16;Rohdaten
2023-08-24;476,15;Rohdaten
2023-08-25;476,16;Rohdaten
2023-08-26;476,16;Rohdaten
2023-08-27;476,19;Rohdaten
2023-08-28;476,28;Rohdaten
2023-08-29;476,37;Rohdaten
2023-08-30;476,41;Rohdaten
2023-08-31;476,40;Rohdaten
2023-09-01;476,38;Rohdaten
2023-09-02;476,37;Rohdaten
2023-09-03;476,36;Rohdaten
2023-09-04;476,35;Rohdaten
2023-09-05;476,35;Rohdaten
2023-09-06;476,34;Rohdaten
2023-09-07;476,34;Rohdaten
2023-09-08;476,33;Rohdaten
2023-09-09;476,33;Rohdaten
2023-09-10;476,33;Rohdaten
2023-09-11;476,33;Rohdaten
2023-09-12;476,33;Rohdaten
2023-09-13;476,34;Rohdaten
2023-09-14;476,38;Rohdaten
2023-09-15;476,37;Rohdaten
2023-09-16;476,37;Rohdaten
2023-09-17;476,37;Rohdaten
2023-09-18;476,37;Rohdaten
2023-09-19;476,36;Rohdaten
2023-09-20;476,36;Rohdaten
2023-09-21;476,36;Rohdaten
2023-09-22;476,37;Rohdaten
2023-09-23;476,38;Rohdaten
2023-09-24;476,38;Rohdaten
2023-09-25;476,37;Rohdaten
2023-09-26;476,37;Rohdaten
2023-09-27;476,36;Rohdaten
2023-09-28;476,36;Rohdaten
2023-09-29;476,36;Rohdaten
2023-09-30;476,35;Rohdaten
2023-10-01;476,35;Rohdaten
2023-10-02;476,35;Rohdaten
2023-10-03;476,34;Rohdaten
2023-10-04;476,34;Rohdaten
2023-10-05;476,33;Rohdaten
2023-10-06;476,32;Rohdaten
2023-10-07;476,32;Rohdaten
2023-10-08;476,31;Rohdaten
2023-10-09;476,31;Rohdaten
2023-10-10;476,30;Rohdaten
2023-10-11;476,29;Rohdaten
2023-10-12;476,29;Rohdaten
2023-10-13;476,28;Rohdaten
2023-10-14;476,27;Rohdaten
2023-10-15;476,27;Rohdaten
2023-10-16;476,26;Rohdaten
2023-10-17;476,26;Rohdaten
2023-10-18;476,25;Rohdaten
2023-10-19;476,24;Rohdaten
2023-10-20;476,24;Rohdaten
2023-10-21;476,23;Rohdaten
2023-10-22;476,22;Rohdaten
2023-10-23;476,22;Rohdaten
2023-10-24;476,21;Rohdaten
2023-10-25;476,20;Rohdaten
2023-10-26;476,20;Rohdaten
2023-10-27;476,21;Rohdaten
2023-10-28;476,21;Rohdaten
2023-10-29;476,20;Rohdaten
2023-10-30;476,19;Rohdaten
2023-10-31;476,19;Rohdaten
