﻿Quelle:;"Bayerisches Landesamt für Umwelt, www.gkd.bayern.de"
Datenbankabfrage:;"18.11.2023 09:05"
Zeitbezug:;MEZ
Messstellen-Name:;"OBERHACHING D 62"
Messstellen-Nr.:;16262
Ostwert:;693836;Nordwert:;5322087;"ETRS89 / UTM Zone 32N"

Datum;"Grundwasserstand [m ü. NN]";Prüfstatus
2023-01-01;567,97;Rohdaten
2023-01-02;567,97;Rohdaten
2023-01-03;567,97;Rohdaten
2023-01-04;567,97;Rohdaten
2023-01-05;567,97;Rohdaten
2023-01-06;567,97;Rohdaten
2023-01-07;567,97;Rohdaten
2023-01-08;567,97;Rohdaten
2023-01-09;567,97;Rohdaten
2023-01-10;567,97;Rohdaten
2023-01-11;567,97;Rohdaten
2023-01-12;567,97;Rohdaten
2023-01-13;567,96;Rohdaten
2023-01-14;567,96;Rohdaten
2023-01-15;567,96;Rohdaten
2023-01-16;567,96;Rohdaten
2023-01-17;567,96;Rohdaten
2023-01-18;567,96;Rohdaten
2023-01-19;567,96;Rohdaten
2023-01-20;567,96;Rohdaten
2023-01-21;567,96;Rohdaten
2023-01-22;567,97;Rohdaten
2023-01-23;567,97;Rohdaten
2023-01-24;567,97;Rohdaten
2023-01-25;567,97;Rohdaten
2023-01-26;567,97;Rohdaten
2023-01-27;567,97;Rohdaten
2023-01-28;567,97;Rohdaten
2023-01-29;567,97;Rohdaten
2023-01-30;567,97;Rohdaten
2023-01-31;567,97;Rohdaten
2023-02-01;567,97;Rohdaten
2023-02-02;567,97;Rohdaten
2023-02-03;567,97;Rohdaten
2023-02-04;567,96;Rohdaten
2023-02-05;567,96;Rohdaten
2023-02-06;567,96;Rohdaten
2023-02-07;567,96;Rohdaten
2023-02-08;567,96;Rohdaten
2023-02-09;567,96;Rohdaten
2023-02-10;567,95;Rohdaten
2023-02-11;567,95;Rohdaten
2023-02-12;567,95;Rohdaten
2023-02-13;567,94;Rohdaten
2023-02-14;567,94;Rohdaten
2023-02-15;567,94;Rohdaten
2023-02-16;567,93;Rohdaten
2023-02-17;567,93;Rohdaten
2023-02-18;567,93;Rohdaten
2023-02-19;567,92;Rohdaten
2023-02-20;567,92;Rohdaten
2023-02-21;567,92;Rohdaten
2023-02-22;567,91;Rohdaten
2023-02-23;567,91;Rohdaten
2023-02-24;567,91;Rohdaten
2023-02-25;567,91;Rohdaten
2023-02-26;567,91;Rohdaten
2023-02-27;567,91;Rohdaten
2023-02-28;567,90;Rohdaten
2023-03-01;567,90;Rohdaten
2023-03-02;567,89;Rohdaten
2023-03-03;567,89;Rohdaten
2023-03-04;567,89;Rohdaten
2023-03-05;567,89;Rohdaten
2023-03-06;567,89;Rohdaten
2023-03-07;567,89;Rohdaten
2023-03-08;567,89;Rohdaten
2023-03-09;567,90;Rohdaten
2023-03-10;567,90;Rohdaten
2023-03-11;567,89;Rohdaten
2023-03-12;567,89;Rohdaten
2023-03-13;567,88;Rohdaten
2023-03-14;567,89;Rohdaten
2023-03-15;567,89;Rohdaten
2023-03-16;567,89;Rohdaten
2023-03-17;567,89;Rohdaten
2023-03-18;567,88;Rohdaten
2023-03-19;567,87;Rohdaten
2023-03-20;567,88;Rohdaten
2023-03-21;567,88;Rohdaten
2023-03-22;567,88;Rohdaten
2023-03-23;567,88;Rohdaten
2023-03-24;567,88;Rohdaten
2023-03-25;567,87;Rohdaten
2023-03-26;567,86;Rohdaten
2023-03-27;567,87;Rohdaten
2023-03-28;567,87;Rohdaten
2023-03-29;567,87;Rohdaten
2023-03-30;567,87;Rohdaten
2023-03-31;567,88;Rohdaten
2023-04-01;567,87;Rohdaten
2023-04-02;567,87;Rohdaten
2023-04-03;567,87;Rohdaten
2023-04-04;567,88;Rohdaten
2023-04-05;567,87;Rohdaten
2023-04-06;567,87;Rohdaten
2023-04-07;567,87;Rohdaten
2023-04-08;567,86;Rohdaten
2023-04-09;567,86;Rohdaten
2023-04-10;567,86;Rohdaten
2023-04-11;567,86;Rohdaten
2023-04-12;567,87;Rohdaten
2023-04-13;567,88;Rohdaten
2023-04-14;567,89;Rohdaten
2023-04-15;567,90;Rohdaten
2023-04-16;567,90;Rohdaten
2023-04-17;567,91;Rohdaten
2023-04-18;567,91;Rohdaten
2023-04-19;567,92;Rohdaten
2023-04-20;567,93;Rohdaten
2023-04-21;567,93;Rohdaten
2023-04-22;567,93;Rohdaten
2023-04-23;567,93;Rohdaten
2023-04-24;567,94;Rohdaten
2023-04-25;567,96;Rohdaten
2023-04-26;567,97;Rohdaten
2023-04-27;567,98;Rohdaten
2023-04-28;567,98;Rohdaten
2023-04-29;567,99;Rohdaten
2023-04-30;568,00;Rohdaten
2023-05-01;568,01;Rohdaten
2023-05-02;568,02;Rohdaten
2023-05-03;568,03;Rohdaten
2023-05-04;568,04;Rohdaten
2023-05-05;568,05;Rohdaten
2023-05-06;568,05;Rohdaten
2023-05-07;568,05;Rohdaten
2023-05-08;568,05;Rohdaten
2023-05-09;568,06;Rohdaten
2023-05-10;568,06;Rohdaten
2023-05-11;568,08;Rohdaten
2023-05-12;568,10;Rohdaten
2023-05-13;568,12;Rohdaten
2023-05-14;568,13;Rohdaten
2023-05-15;568,15;Rohdaten
2023-05-16;568,16;Rohdaten
2023-05-17;568,17;Rohdaten
2023-05-18;568,19;Rohdaten
2023-05-19;568,20;Rohdaten
2023-05-20;568,21;Rohdaten
2023-05-21;568,23;Rohdaten
2023-05-22;568,24;Rohdaten
2023-05-23;568,25;Rohdaten
2023-05-24;568,26;Rohdaten
2023-05-25;568,27;Rohdaten
2023-05-26;568,27;Rohdaten
2023-05-27;568,28;Rohdaten
2023-05-28;568,28;Rohdaten
2023-05-29;568,28;Rohdaten
2023-05-30;568,29;Rohdaten
2023-05-31;568,30;Rohdaten
2023-06-01;568,31;Rohdaten
2023-06-02;568,31;Rohdaten
2023-06-03;568,31;Rohdaten
2023-06-04;568,32;Rohdaten
2023-06-05;568,32;Rohdaten
2023-06-06;568,33;Rohdaten
2023-06-07;568,34;Rohdaten
2023-06-08;568,34;Rohdaten
2023-06-09;568,35;Rohdaten
2023-06-10;568,35;Rohdaten
2023-06-11;568,36;Rohdaten
2023-06-12;568,36;Rohdaten
2023-06-13;568,37;Rohdaten
2023-06-14;568,38;Rohdaten
2023-06-15;568,39;Rohdaten
2023-06-16;568,39;Rohdaten
2023-06-17;568,39;Rohdaten
2023-06-18;568,39;Rohdaten
2023-06-19;568,40;Rohdaten
2023-06-20;568,40;Rohdaten
2023-06-21;568,40;Rohdaten
2023-06-22;568,41;Rohdaten
2023-06-23;568,42;Rohdaten
2023-06-24;568,42;Rohdaten
2023-06-25;568,43;Rohdaten
2023-06-26;568,43;Rohdaten
2023-06-27;568,43;Rohdaten
2023-06-28;568,44;Rohdaten
2023-06-29;568,44;Rohdaten
2023-06-30;568,44;Rohdaten
2023-07-01;568,45;Rohdaten
2023-07-02;568,46;Rohdaten
2023-07-03;568,46;Rohdaten
2023-07-04;568,47;Rohdaten
2023-07-05;568,47;Rohdaten
2023-07-06;568,47;Rohdaten
2023-07-07;568,47;Rohdaten
2023-07-08;568,47;Rohdaten
2023-07-09;568,47;Rohdaten
2023-07-10;568,47;Rohdaten
2023-07-11;568,48;Rohdaten
2023-07-12;568,48;Rohdaten
2023-07-13;568,48;Rohdaten
2023-07-14;568,48;Rohdaten
2023-07-15;568,47;Rohdaten
2023-07-16;568,47;Rohdaten
2023-07-17;568,47;Rohdaten
2023-07-18;568,47;Rohdaten
2023-07-19;568,46;Rohdaten
2023-07-20;568,46;Rohdaten
2023-07-21;568,45;Rohdaten
2023-07-22;568,45;Rohdaten
2023-07-23;568,45;Rohdaten
2023-07-24;568,45;Rohdaten
2023-07-25;568,45;Rohdaten
2023-07-26;568,45;Rohdaten
2023-07-27;568,45;Rohdaten
2023-07-28;568,45;Rohdaten
2023-07-29;568,44;Rohdaten
2023-07-30;568,44;Rohdaten
2023-07-31;568,43;Rohdaten
2023-08-01;568,43;Rohdaten
2023-08-02;568,43;Rohdaten
2023-08-03;568,43;Rohdaten
2023-08-04;568,42;Rohdaten
2023-08-05;568,42;Rohdaten
2023-08-06;568,43;Rohdaten
2023-08-07;568,43;Rohdaten
2023-08-08;568,43;Rohdaten
2023-08-09;568,42;Rohdaten
2023-08-10;568,42;Rohdaten
2023-08-11;568,42;Rohdaten
2023-08-12;568,42;Rohdaten
2023-08-13;568,42;Rohdaten
2023-08-14;568,42;Rohdaten
2023-08-15;568,42;Rohdaten
2023-08-16;568,42;Rohdaten
2023-08-17;568,42;Rohdaten
2023-08-18;568,42;Rohdaten
2023-08-19;568,41;Rohdaten
2023-08-20;568,41;Rohdaten
2023-08-21;568,41;Rohdaten
2023-08-22;568,40;Rohdaten
2023-08-23;568,40;Rohdaten
2023-08-24;568,39;Rohdaten
2023-08-25;568,39;Rohdaten
2023-08-26;568,39;Rohdaten
2023-08-27;568,39;Rohdaten
2023-08-28;568,41;Rohdaten
2023-08-29;568,45;Rohdaten
2023-08-30;568,47;Rohdaten
2023-08-31;568,48;Rohdaten
2023-09-01;568,47;Rohdaten
2023-09-02;568,47;Rohdaten
2023-09-03;568,46;Rohdaten
2023-09-04;568,46;Rohdaten
2023-09-05;568,45;Rohdaten
2023-09-06;568,44;Rohdaten
2023-09-07;568,43;Rohdaten
2023-09-08;568,42;Rohdaten
2023-09-09;568,41;Rohdaten
2023-09-10;568,40;Rohdaten
2023-09-11;568,40;Rohdaten
2023-09-12;568,39;Rohdaten
2023-09-13;568,38;Rohdaten
2023-09-14;568,38;Rohdaten
2023-09-15;568,37;Rohdaten
2023-09-16;568,36;Rohdaten
2023-09-17;568,36;Rohdaten
2023-09-18;568,35;Rohdaten
2023-09-19;568,35;Rohdaten
2023-09-20;568,34;Rohdaten
2023-09-21;568,33;Rohdaten
2023-09-22;568,33;Rohdaten
2023-09-23;568,32;Rohdaten
2023-09-24;568,32;Rohdaten
2023-09-25;568,32;Rohdaten
2023-09-26;568,31;Rohdaten
2023-09-27;568,31;Rohdaten
2023-09-28;568,30;Rohdaten
2023-09-29;568,29;Rohdaten
2023-09-30;568,29;Rohdaten
2023-10-01;568,29;Rohdaten
2023-10-02;568,28;Rohdaten
2023-10-03;568,28;Rohdaten
2023-10-04;568,28;Rohdaten
2023-10-05;568,27;Rohdaten
2023-10-06;568,27;Rohdaten
2023-10-07;568,26;Rohdaten
2023-10-08;568,26;Rohdaten
2023-10-09;568,25;Rohdaten
2023-10-10;568,25;Rohdaten
2023-10-11;568,24;Rohdaten
2023-10-12;568,23;Rohdaten
2023-10-13;568,23;Rohdaten
2023-10-14;568,22;Rohdaten
2023-10-15;568,22;Rohdaten
2023-10-16;568,21;Rohdaten
2023-10-17;568,21;Rohdaten
2023-10-18;568,20;Rohdaten
2023-10-19;568,20;Rohdaten
2023-10-20;568,19;Rohdaten
2023-10-21;568,18;Rohdaten
2023-10-22;568,18;Rohdaten
2023-10-23;568,18;Rohdaten
2023-10-24;568,17;Rohdaten
2023-10-25;568,17;Rohdaten
2023-10-26;568,17;Rohdaten
2023-10-27;568,17;Rohdaten
2023-10-28;568,17;Rohdaten
2023-10-29;568,17;Rohdaten
2023-10-30;568,17;Rohdaten
2023-10-31;568,15;Rohdaten
