﻿Quelle:;"Bayerisches Landesamt für Umwelt, www.gkd.bayern.de"
Datenbankabfrage:;"18.11.2023 09:05"
Zeitbezug:;MEZ
Messstellen-Name:;"PLANEGG D 82"
Messstellen-Nr.:;16267
Ostwert:;680462;Nordwert:;5330726;"ETRS89 / UTM Zone 32N"

Datum;"Grundwasserstand [m ü. NN]";Prüfstatus
2023-01-01;530,14;Rohdaten
2023-01-02;530,14;Rohdaten
2023-01-03;530,14;Rohdaten
2023-01-04;530,15;Rohdaten
2023-01-05;530,15;Rohdaten
2023-01-06;530,15;Rohdaten
2023-01-07;530,15;Rohdaten
2023-01-08;530,15;Rohdaten
2023-01-09;530,15;Rohdaten
2023-01-10;530,15;Rohdaten
2023-01-11;530,16;Rohdaten
2023-01-12;530,16;Rohdaten
2023-01-13;530,16;Rohdaten
2023-01-14;530,16;Rohdaten
2023-01-15;530,16;Rohdaten
2023-01-16;530,16;Rohdaten
2023-01-17;530,16;Rohdaten
2023-01-18;530,16;Rohdaten
2023-01-19;530,16;Rohdaten
2023-01-20;530,16;Rohdaten
2023-01-21;530,16;Rohdaten
2023-01-22;530,16;Rohdaten
2023-01-23;530,16;Rohdaten
2023-01-24;530,16;Rohdaten
2023-01-25;530,16;Rohdaten
2023-01-26;530,16;Rohdaten
2023-01-27;530,16;Rohdaten
2023-01-28;530,16;Rohdaten
2023-01-29;530,15;Rohdaten
2023-01-30;530,15;Rohdaten
2023-01-31;530,15;Rohdaten
2023-02-01;530,15;Rohdaten
2023-02-02;530,15;Rohdaten
2023-02-03;530,15;Rohdaten
2023-02-04;530,15;Rohdaten
2023-02-05;530,15;Rohdaten
2023-02-06;530,15;Rohdaten
2023-02-07;530,15;Rohdaten
2023-02-08;530,15;Rohdaten
2023-02-09;530,15;Rohdaten
2023-02-10;530,14;Rohdaten
2023-02-11;530,14;Rohdaten
2023-02-12;530,14;Rohdaten
2023-02-13;530,14;Rohdaten
2023-02-14;530,14;Rohdaten
2023-02-15;530,13;Rohdaten
2023-02-16;530,13;Rohdaten
2023-02-17;530,13;Rohdaten
2023-02-18;530,13;Rohdaten
2023-02-19;530,13;Rohdaten
2023-02-20;530,12;Rohdaten
2023-02-21;530,12;Rohdaten
2023-02-22;530,12;Rohdaten
2023-02-23;530,12;Rohdaten
2023-02-24;530,12;Rohdaten
2023-02-25;530,12;Rohdaten
2023-02-26;530,12;Rohdaten
2023-02-27;530,12;Rohdaten
2023-02-28;530,12;Rohdaten
2023-03-01;530,12;Rohdaten
2023-03-02;530,12;Rohdaten
2023-03-03;530,12;Rohdaten
2023-03-04;530,12;Rohdaten
2023-03-05;530,11;Rohdaten
2023-03-06;530,11;Rohdaten
2023-03-07;530,11;Rohdaten
2023-03-08;530,11;Rohdaten
2023-03-09;530,11;Rohdaten
2023-03-10;530,11;Rohdaten
2023-03-11;530,10;Rohdaten
2023-03-12;530,10;Rohdaten
2023-03-13;530,10;Rohdaten
2023-03-14;530,10;Rohdaten
2023-03-15;530,10;Rohdaten
2023-03-16;530,10;Rohdaten
2023-03-17;530,10;Rohdaten
2023-03-18;530,10;Rohdaten
2023-03-19;530,09;Rohdaten
2023-03-20;530,09;Rohdaten
2023-03-21;530,09;Rohdaten
2023-03-22;530,09;Rohdaten
2023-03-23;530,08;Rohdaten
2023-03-24;530,08;Rohdaten
2023-03-25;530,08;Rohdaten
2023-03-26;530,08;Rohdaten
2023-03-27;530,08;Rohdaten
2023-03-28;530,07;Rohdaten
2023-03-29;530,07;Rohdaten
2023-03-30;530,07;Rohdaten
2023-03-31;530,07;Rohdaten
2023-04-01;530,07;Rohdaten
2023-04-02;530,07;Rohdaten
2023-04-03;530,07;Rohdaten
2023-04-04;530,07;Rohdaten
2023-04-05;530,07;Rohdaten
2023-04-06;530,07;Rohdaten
2023-04-07;530,07;Rohdaten
2023-04-08;530,07;Rohdaten
2023-04-09;530,07;Rohdaten
2023-04-10;530,07;Rohdaten
2023-04-11;530,06;Rohdaten
2023-04-12;530,06;Rohdaten
2023-04-13;530,07;Rohdaten
2023-04-14;530,07;Rohdaten
2023-04-15;530,08;Rohdaten
2023-04-16;530,09;Rohdaten
2023-04-17;530,10;Rohdaten
2023-04-18;530,10;Rohdaten
2023-04-19;530,10;Rohdaten
2023-04-20;530,10;Rohdaten
2023-04-21;530,11;Rohdaten
2023-04-22;530,11;Rohdaten
2023-04-23;530,12;Rohdaten
2023-04-24;530,12;Rohdaten
2023-04-25;530,13;Rohdaten
2023-04-26;530,13;Rohdaten
2023-04-27;530,14;Rohdaten
2023-04-28;530,14;Rohdaten
2023-04-29;530,15;Rohdaten
2023-04-30;530,17;Rohdaten
2023-05-01;530,18;Rohdaten
2023-05-02;530,19;Rohdaten
2023-05-03;530,20;Rohdaten
2023-05-04;530,22;Rohdaten
2023-05-05;530,23;Rohdaten
2023-05-06;530,24;Rohdaten
2023-05-07;530,25;Rohdaten
2023-05-08;530,26;Rohdaten
2023-05-09;530,27;Rohdaten
2023-05-10;530,28;Rohdaten
2023-05-11;530,30;Rohdaten
2023-05-12;530,34;Rohdaten
2023-05-13;530,37;Rohdaten
2023-05-14;530,39;Rohdaten
2023-05-15;530,40;Rohdaten
2023-05-16;530,42;Rohdaten
2023-05-17;530,44;Rohdaten
2023-05-18;530,46;Rohdaten
2023-05-19;530,49;Rohdaten
2023-05-20;530,51;Rohdaten
2023-05-21;530,53;Rohdaten
2023-05-22;530,55;Rohdaten
2023-05-23;530,57;Rohdaten
2023-05-24;530,59;Rohdaten
2023-05-25;530,61;Rohdaten
2023-05-26;530,63;Rohdaten
2023-05-27;530,64;Rohdaten
2023-05-28;530,66;Rohdaten
2023-05-29;530,68;Rohdaten
2023-05-30;530,70;Rohdaten
2023-05-31;530,72;Rohdaten
2023-06-01;530,74;Rohdaten
2023-06-02;530,76;Rohdaten
2023-06-03;530,77;Rohdaten
2023-06-04;530,79;Rohdaten
2023-06-05;530,81;Rohdaten
2023-06-06;530,82;Rohdaten
2023-06-07;530,84;Rohdaten
2023-06-08;530,86;Rohdaten
2023-06-09;530,87;Rohdaten
2023-06-10;530,89;Rohdaten
2023-06-11;530,90;Rohdaten
2023-06-12;530,92;Rohdaten
2023-06-13;530,93;Rohdaten
2023-06-14;530,94;Rohdaten
2023-06-15;530,95;Rohdaten
2023-06-16;530,96;Rohdaten
2023-06-17;530,98;Rohdaten
2023-06-18;530,99;Rohdaten
2023-06-19;531,00;Rohdaten
2023-06-20;531,01;Rohdaten
2023-06-21;531,02;Rohdaten
2023-06-22;531,03;Rohdaten
2023-06-23;531,04;Rohdaten
2023-06-24;531,05;Rohdaten
2023-06-25;531,06;Rohdaten
2023-06-26;531,07;Rohdaten
2023-06-27;531,08;Rohdaten
2023-06-28;531,09;Rohdaten
2023-06-29;531,10;Rohdaten
2023-06-30;531,11;Rohdaten
2023-07-01;531,11;Rohdaten
2023-07-02;531,13;Rohdaten
2023-07-03;531,14;Rohdaten
2023-07-04;531,14;Rohdaten
2023-07-05;531,15;Rohdaten
2023-07-06;531,16;Rohdaten
2023-07-07;531,16;Rohdaten
2023-07-08;531,16;Rohdaten
2023-07-09;531,17;Rohdaten
2023-07-10;531,17;Rohdaten
2023-07-11;531,18;Rohdaten
2023-07-12;531,18;Rohdaten
2023-07-13;531,18;Rohdaten
2023-07-14;531,19;Rohdaten
2023-07-15;531,19;Rohdaten
2023-07-16;531,20;Rohdaten
2023-07-17;531,20;Rohdaten
2023-07-18;531,21;Rohdaten
2023-07-19;531,21;Rohdaten
2023-07-20;531,21;Rohdaten
2023-07-21;531,22;Rohdaten
2023-07-22;531,22;Rohdaten
2023-07-23;531,22;Rohdaten
2023-07-24;531,22;Rohdaten
2023-07-25;531,22;Rohdaten
2023-07-26;531,22;Rohdaten
2023-07-27;531,22;Rohdaten
2023-07-28;531,23;Rohdaten
2023-07-29;531,23;Rohdaten
2023-07-30;531,23;Rohdaten
2023-07-31;531,24;Rohdaten
2023-08-01;531,24;Rohdaten
2023-08-02;531,24;Rohdaten
2023-08-03;531,24;Rohdaten
2023-08-04;531,24;Rohdaten
2023-08-05;531,24;Rohdaten
2023-08-06;531,24;Rohdaten
2023-08-07;531,23;Rohdaten
2023-08-08;531,24;Rohdaten
2023-08-09;531,23;Rohdaten
2023-08-10;531,23;Rohdaten
2023-08-11;531,23;Rohdaten
2023-08-12;531,23;Rohdaten
2023-08-13;531,23;Rohdaten
2023-08-14;531,23;Rohdaten
2023-08-15;531,23;Rohdaten
2023-08-16;531,23;Rohdaten
2023-08-17;531,23;Rohdaten
2023-08-18;531,23;Rohdaten
2023-08-19;531,23;Rohdaten
2023-08-20;531,22;Rohdaten
2023-08-21;531,22;Rohdaten
2023-08-22;531,22;Rohdaten
2023-08-23;531,21;Rohdaten
2023-08-24;531,21;Rohdaten
2023-08-25;531,21;Rohdaten
2023-08-26;531,20;Rohdaten
2023-08-27;531,21;Rohdaten
2023-08-28;531,24;Rohdaten
2023-08-29;531,31;Rohdaten
2023-08-30;531,35;Rohdaten
2023-08-31;531,37;Rohdaten
2023-09-01;531,37;Rohdaten
2023-09-02;531,38;Rohdaten
2023-09-03;531,38;Rohdaten
2023-09-04;531,38;Rohdaten
2023-09-05;531,38;Rohdaten
2023-09-06;531,38;Rohdaten
2023-09-07;531,38;Rohdaten
2023-09-08;531,38;Rohdaten
2023-09-09;531,38;Rohdaten
2023-09-10;531,38;Rohdaten
2023-09-11;531,38;Rohdaten
2023-09-12;531,38;Rohdaten
2023-09-13;531,37;Rohdaten
2023-09-14;531,39;Rohdaten
2023-09-15;531,41;Rohdaten
2023-09-16;531,41;Rohdaten
2023-09-17;531,40;Rohdaten
2023-09-18;531,40;Rohdaten
2023-09-19;531,40;Rohdaten
2023-09-20;531,39;Rohdaten
2023-09-21;531,39;Rohdaten
2023-09-22;531,38;Rohdaten
2023-09-23;531,38;Rohdaten
2023-09-24;531,37;Rohdaten
2023-09-25;531,37;Rohdaten
2023-09-26;531,36;Rohdaten
2023-09-27;531,36;Rohdaten
2023-09-28;531,35;Rohdaten
2023-09-29;531,35;Rohdaten
2023-09-30;531,34;Rohdaten
2023-10-01;531,33;Rohdaten
2023-10-02;531,33;Rohdaten
2023-10-03;531,32;Rohdaten
2023-10-04;531,31;Rohdaten
2023-10-05;531,30;Rohdaten
2023-10-06;531,30;Rohdaten
2023-10-07;531,29;Rohdaten
2023-10-08;531,29;Rohdaten
2023-10-09;531,28;Rohdaten
2023-10-10;531,27;Rohdaten
2023-10-11;531,26;Rohdaten
2023-10-12;531,26;Rohdaten
2023-10-13;531,25;Rohdaten
2023-10-14;531,24;Rohdaten
2023-10-15;531,23;Rohdaten
2023-10-16;531,23;Rohdaten
2023-10-17;531,22;Rohdaten
2023-10-18;531,21;Rohdaten
2023-10-19;531,20;Rohdaten
2023-10-20;531,20;Rohdaten
2023-10-21;531,18;Rohdaten
2023-10-22;531,17;Rohdaten
2023-10-23;531,17;Rohdaten
2023-10-24;531,16;Rohdaten
2023-10-25;531,15;Rohdaten
2023-10-26;531,14;Rohdaten
2023-10-27;531,14;Rohdaten
2023-10-28;531,13;Rohdaten
2023-10-29;531,13;Rohdaten
2023-10-30;531,12;Rohdaten
2023-10-31;531,11;Rohdaten
