﻿Quelle:;"Bayerisches Landesamt für Umwelt, www.gkd.bayern.de"
Datenbankabfrage:;"18.11.2023 09:05"
Zeitbezug:;MEZ
Messstellen-Name:;"Neuried 2"
Messstellen-Nr.:;16275
Ostwert:;682903;Nordwert:;5328804;"ETRS89 / UTM Zone 32N"

Datum;"Grundwasserstand [m ü. NN]";Prüfstatus
2023-01-01;551,63;Rohdaten
2023-01-02;551,63;Rohdaten
2023-01-03;551,63;Rohdaten
2023-01-04;551,63;Rohdaten
2023-01-05;551,64;Rohdaten
2023-01-06;551,64;Rohdaten
2023-01-07;551,64;Rohdaten
2023-01-08;551,65;Rohdaten
2023-01-09;551,65;Rohdaten
2023-01-10;551,66;Rohdaten
2023-01-11;551,66;Rohdaten
2023-01-12;551,67;Rohdaten
2023-01-13;551,67;Rohdaten
2023-01-14;551,67;Rohdaten
2023-01-15;551,68;Rohdaten
2023-01-16;551,68;Rohdaten
2023-01-17;551,68;Rohdaten
2023-01-18;551,69;Rohdaten
2023-01-19;551,69;Rohdaten
2023-01-20;551,69;Rohdaten
2023-01-21;551,69;Rohdaten
2023-01-22;551,70;Rohdaten
2023-01-23;551,70;Rohdaten
2023-01-24;551,70;Rohdaten
2023-01-25;551,70;Rohdaten
2023-01-26;551,70;Rohdaten
2023-01-27;551,70;Rohdaten
2023-01-28;551,71;Rohdaten
2023-01-29;551,71;Rohdaten
2023-01-30;551,71;Rohdaten
2023-01-31;551,71;Rohdaten
2023-02-01;551,71;Rohdaten
2023-02-02;551,71;Rohdaten
2023-02-03;551,72;Rohdaten
2023-02-04;551,72;Rohdaten
2023-02-05;551,72;Rohdaten
2023-02-06;551,72;Rohdaten
2023-02-07;551,72;Rohdaten
2023-02-08;551,72;Rohdaten
2023-02-09;551,72;Rohdaten
2023-02-10;551,73;Rohdaten
2023-02-11;551,73;Rohdaten
2023-02-12;551,73;Rohdaten
2023-02-13;551,73;Rohdaten
2023-02-14;551,73;Rohdaten
2023-02-15;551,73;Rohdaten
2023-02-16;551,73;Rohdaten
2023-02-17;551,73;Rohdaten
2023-02-18;551,73;Rohdaten
2023-02-19;551,73;Rohdaten
2023-02-20;551,73;Rohdaten
2023-02-21;551,73;Rohdaten
2023-02-22;551,73;Rohdaten
2023-02-23;551,74;Rohdaten
2023-02-24;551,74;Rohdaten
2023-02-25;551,74;Rohdaten
2023-02-26;551,75;Rohdaten
2023-02-27;551,75;Rohdaten
2023-02-28;551,75;Rohdaten
2023-03-01;551,75;Rohdaten
2023-03-02;551,75;Rohdaten
2023-03-03;551,75;Rohdaten
2023-03-04;551,75;Rohdaten
2023-03-05;551,75;Rohdaten
2023-03-06;551,76;Rohdaten
2023-03-07;551,76;Rohdaten
2023-03-08;551,76;Rohdaten
2023-03-09;551,76;Rohdaten
2023-03-10;551,76;Rohdaten
2023-03-11;551,77;Rohdaten
2023-03-12;551,77;Rohdaten
2023-03-13;551,77;Rohdaten
2023-03-14;551,77;Rohdaten
2023-03-15;551,77;Rohdaten
2023-03-16;551,77;Rohdaten
2023-03-17;551,78;Rohdaten
2023-03-18;551,78;Rohdaten
2023-03-19;551,78;Rohdaten
2023-03-20;551,78;Rohdaten
2023-03-21;551,78;Rohdaten
2023-03-22;551,79;Rohdaten
2023-03-23;551,79;Rohdaten
2023-03-24;551,79;Rohdaten
2023-03-25;551,79;Rohdaten
2023-03-26;551,79;Rohdaten
2023-03-27;551,80;Rohdaten
2023-03-28;551,80;Rohdaten
2023-03-29;551,80;Rohdaten
2023-03-30;551,80;Rohdaten
2023-03-31;551,81;Rohdaten
2023-04-01;551,81;Rohdaten
2023-04-02;551,81;Rohdaten
2023-04-03;551,82;Rohdaten
2023-04-04;551,82;Rohdaten
2023-04-05;551,82;Rohdaten
2023-04-06;551,82;Rohdaten
2023-04-07;551,82;Rohdaten
2023-04-08;551,82;Rohdaten
2023-04-09;551,82;Rohdaten
2023-04-10;551,83;Rohdaten
2023-04-11;551,83;Rohdaten
2023-04-12;551,83;Rohdaten
2023-04-13;551,84;Rohdaten
2023-04-14;551,85;Rohdaten
2023-04-15;551,85;Rohdaten
2023-04-16;551,85;Rohdaten
2023-04-17;551,86;Rohdaten
2023-04-18;551,86;Rohdaten
2023-04-19;551,86;Rohdaten
2023-04-20;551,87;Rohdaten
2023-04-21;551,87;Rohdaten
2023-04-22;551,88;Rohdaten
2023-04-23;551,88;Rohdaten
2023-04-24;551,88;Rohdaten
2023-04-25;551,89;Rohdaten
2023-04-26;551,89;Rohdaten
2023-04-27;551,90;Rohdaten
2023-04-28;551,91;Rohdaten
2023-04-29;551,92;Rohdaten
2023-04-30;551,92;Rohdaten
2023-05-01;551,93;Rohdaten
2023-05-02;551,94;Rohdaten
2023-05-03;551,95;Rohdaten
2023-05-04;551,95;Rohdaten
2023-05-05;551,96;Rohdaten
2023-05-06;551,97;Rohdaten
2023-05-07;551,98;Rohdaten
2023-05-08;551,99;Rohdaten
2023-05-09;552,00;Rohdaten
2023-05-10;552,01;Rohdaten
2023-05-11;552,03;Rohdaten
2023-05-12;552,05;Rohdaten
2023-05-13;552,06;Rohdaten
2023-05-14;552,07;Rohdaten
2023-05-15;552,08;Rohdaten
2023-05-16;552,09;Rohdaten
2023-05-17;552,10;Rohdaten
2023-05-18;552,12;Rohdaten
2023-05-19;552,14;Rohdaten
2023-05-20;552,15;Rohdaten
2023-05-21;552,17;Rohdaten
2023-05-22;552,19;Rohdaten
2023-05-23;552,20;Rohdaten
2023-05-24;552,22;Rohdaten
2023-05-25;552,23;Rohdaten
2023-05-26;552,24;Rohdaten
2023-05-27;552,25;Rohdaten
2023-05-28;552,27;Rohdaten
2023-05-29;552,28;Rohdaten
2023-05-30;552,29;Rohdaten
2023-05-31;552,30;Rohdaten
2023-06-01;552,31;Rohdaten
2023-06-02;552,32;Rohdaten
2023-06-03;552,33;Rohdaten
2023-06-04;552,33;Rohdaten
2023-06-05;552,34;Rohdaten
2023-06-06;552,35;Rohdaten
2023-06-07;552,36;Rohdaten
2023-06-08;552,36;Rohdaten
2023-06-09;552,37;Rohdaten
2023-06-10;552,38;Rohdaten
2023-06-11;552,38;Rohdaten
2023-06-12;552,39;Rohdaten
2023-06-13;552,40;Rohdaten
2023-06-14;552,40;Rohdaten
2023-06-15;552,41;Rohdaten
2023-06-16;552,41;Rohdaten
2023-06-17;552,42;Rohdaten
2023-06-18;552,43;Rohdaten
2023-06-19;552,43;Rohdaten
2023-06-20;552,44;Rohdaten
2023-06-21;552,44;Rohdaten
2023-06-22;552,45;Rohdaten
2023-06-23;552,46;Rohdaten
2023-06-24;552,46;Rohdaten
2023-06-25;552,47;Rohdaten
2023-06-26;552,48;Rohdaten
2023-06-27;552,48;Rohdaten
2023-06-28;552,48;Rohdaten
2023-06-29;552,49;Rohdaten
2023-06-30;552,49;Rohdaten
2023-07-01;552,50;Rohdaten
2023-07-02;552,51;Rohdaten
2023-07-03;552,51;Rohdaten
2023-07-04;552,52;Rohdaten
2023-07-05;552,52;Rohdaten
2023-07-06;552,52;Rohdaten
2023-07-07;552,52;Rohdaten
2023-07-08;552,52;Rohdaten
2023-07-09;552,52;Rohdaten
2023-07-10;552,52;Rohdaten
2023-07-11;552,52;Rohdaten
2023-07-12;552,52;Rohdaten
2023-07-13;552,53;Rohdaten
2023-07-14;552,53;Rohdaten
2023-07-15;552,52;Rohdaten
2023-07-16;552,52;Rohdaten
2023-07-17;552,52;Rohdaten
2023-07-18;552,52;Rohdaten
2023-07-19;552,52;Rohdaten
2023-07-20;552,52;Rohdaten
2023-07-21;552,51;Rohdaten
2023-07-22;552,51;Rohdaten
2023-07-23;552,51;Rohdaten
2023-07-24;552,50;Rohdaten
2023-07-25;552,50;Rohdaten
2023-07-26;552,49;Rohdaten
2023-07-27;552,49;Rohdaten
2023-07-28;552,49;Rohdaten
2023-07-29;552,48;Rohdaten
2023-07-30;552,48;Rohdaten
2023-07-31;552,47;Rohdaten
2023-08-01;552,47;Rohdaten
2023-08-02;552,46;Rohdaten
2023-08-03;552,45;Rohdaten
2023-08-04;552,45;Rohdaten
2023-08-05;552,44;Rohdaten
2023-08-06;552,43;Rohdaten
2023-08-07;552,42;Rohdaten
2023-08-08;552,42;Rohdaten
2023-08-09;552,41;Rohdaten
2023-08-10;552,40;Rohdaten
2023-08-11;552,40;Rohdaten
2023-08-12;552,39;Rohdaten
2023-08-13;552,38;Rohdaten
2023-08-14;552,37;Rohdaten
2023-08-15;552,36;Rohdaten
2023-08-16;552,35;Rohdaten
2023-08-17;552,35;Rohdaten
2023-08-18;552,34;Rohdaten
2023-08-19;552,33;Rohdaten
2023-08-20;552,32;Rohdaten
2023-08-21;552,31;Rohdaten
2023-08-22;552,30;Rohdaten
2023-08-23;552,29;Rohdaten
2023-08-24;552,28;Rohdaten
2023-08-25;552,27;Rohdaten
2023-08-26;552,27;Rohdaten
2023-08-27;552,26;Rohdaten
2023-08-28;552,28;Rohdaten
2023-08-29;552,30;Rohdaten
2023-08-30;552,30;Rohdaten
2023-08-31;552,29;Rohdaten
2023-09-01;552,28;Rohdaten
2023-09-02;552,27;Rohdaten
2023-09-03;552,26;Rohdaten
2023-09-04;552,25;Rohdaten
2023-09-05;552,24;Rohdaten
2023-09-06;552,22;Rohdaten
2023-09-07;552,21;Rohdaten
2023-09-08;552,20;Rohdaten
2023-09-09;552,19;Rohdaten
2023-09-10;552,18;Rohdaten
2023-09-11;552,17;Rohdaten
2023-09-12;552,16;Rohdaten
2023-09-13;552,15;Rohdaten
2023-09-14;552,15;Rohdaten
2023-09-15;552,14;Rohdaten
2023-09-16;552,13;Rohdaten
2023-09-17;552,12;Rohdaten
2023-09-18;552,11;Rohdaten
2023-09-19;552,10;Rohdaten
2023-09-20;552,10;Rohdaten
2023-09-21;552,09;Rohdaten
2023-09-22;552,08;Rohdaten
2023-09-23;552,07;Rohdaten
2023-09-24;552,07;Rohdaten
2023-09-25;552,06;Rohdaten
2023-09-26;552,05;Rohdaten
2023-09-27;552,04;Rohdaten
2023-09-28;552,03;Rohdaten
2023-09-29;552,03;Rohdaten
2023-09-30;552,02;Rohdaten
2023-10-01;552,01;Rohdaten
2023-10-02;552,01;Rohdaten
2023-10-03;552,00;Rohdaten
2023-10-04;551,99;Rohdaten
2023-10-05;551,98;Rohdaten
2023-10-06;551,98;Rohdaten
2023-10-07;551,97;Rohdaten
2023-10-08;551,97;Rohdaten
2023-10-09;551,96;Rohdaten
2023-10-10;551,95;Rohdaten
2023-10-11;551,95;Rohdaten
2023-10-12;551,94;Rohdaten
2023-10-13;551,94;Rohdaten
2023-10-14;551,93;Rohdaten
2023-10-15;551,92;Rohdaten
2023-10-16;551,92;Rohdaten
2023-10-17;551,91;Rohdaten
2023-10-18;551,91;Rohdaten
2023-10-19;551,90;Rohdaten
2023-10-20;551,90;Rohdaten
2023-10-21;551,89;Rohdaten
2023-10-22;551,89;Rohdaten
2023-10-23;551,88;Rohdaten
2023-10-24;551,88;Rohdaten
2023-10-25;551,87;Rohdaten
2023-10-26;551,87;Rohdaten
2023-10-27;551,87;Rohdaten
2023-10-28;551,87;Rohdaten
2023-10-29;551,86;Rohdaten
2023-10-30;551,86;Rohdaten
2023-10-31;551,85;Rohdaten
