﻿Quelle:;"Bayerisches Landesamt für Umwelt, www.gkd.bayern.de"
Datenbankabfrage:;"18.11.2023 09:05"
Zeitbezug:;MEZ
Messstellen-Name:;UNTERSCHLEISSHEIM/RATH
Messstellen-Nr.:;16272
Ostwert:;690731;Nordwert:;5349729;"ETRS89 / UTM Zone 32N"

Datum;"Grundwasserstand [m ü. NN]";Prüfstatus
2023-01-01;470,43;Rohdaten
2023-01-02;470,44;Rohdaten
2023-01-03;470,44;Rohdaten
2023-01-04;470,45;Rohdaten
2023-01-05;470,46;Rohdaten
2023-01-06;470,46;Rohdaten
2023-01-07;470,47;Rohdaten
2023-01-08;470,47;Rohdaten
2023-01-09;470,48;Rohdaten
2023-01-10;470,48;Rohdaten
2023-01-11;470,48;Rohdaten
2023-01-12;470,48;Rohdaten
2023-01-13;470,49;Rohdaten
2023-01-14;470,49;Rohdaten
2023-01-15;470,49;Rohdaten
2023-01-16;470,49;Rohdaten
2023-01-17;470,50;Rohdaten
2023-01-18;470,50;Rohdaten
2023-01-19;470,49;Rohdaten
2023-01-20;470,49;Rohdaten
2023-01-21;470,49;Rohdaten
2023-01-22;470,50;Rohdaten
2023-01-23;470,50;Rohdaten
2023-01-24;470,50;Rohdaten
2023-01-25;470,50;Rohdaten
2023-01-26;470,50;Rohdaten
2023-01-27;470,50;Rohdaten
2023-01-28;470,50;Rohdaten
2023-01-29;470,50;Rohdaten
2023-01-30;470,50;Rohdaten
2023-01-31;470,49;Rohdaten
2023-02-01;470,49;Rohdaten
2023-02-02;470,49;Rohdaten
2023-02-03;470,49;Rohdaten
2023-02-04;470,49;Rohdaten
2023-02-05;470,49;Rohdaten
2023-02-06;470,49;Rohdaten
2023-02-07;470,49;Rohdaten
2023-02-08;470,49;Rohdaten
2023-02-09;470,48;Rohdaten
2023-02-10;470,48;Rohdaten
2023-02-11;470,48;Rohdaten
2023-02-12;470,48;Rohdaten
2023-02-13;470,47;Rohdaten
2023-02-14;470,47;Rohdaten
2023-02-15;470,47;Rohdaten
2023-02-16;470,46;Rohdaten
2023-02-17;470,46;Rohdaten
2023-02-18;470,46;Rohdaten
2023-02-19;470,45;Rohdaten
2023-02-20;470,45;Rohdaten
2023-02-21;470,45;Rohdaten
2023-02-22;470,44;Rohdaten
2023-02-23;470,44;Rohdaten
2023-02-24;470,44;Rohdaten
2023-02-25;470,45;Rohdaten
2023-02-26;470,45;Rohdaten
2023-02-27;470,44;Rohdaten
2023-02-28;470,44;Rohdaten
2023-03-01;470,43;Rohdaten
2023-03-02;470,43;Rohdaten
2023-03-03;470,42;Rohdaten
2023-03-04;470,42;Rohdaten
2023-03-05;470,41;Rohdaten
2023-03-06;470,41;Rohdaten
2023-03-07;470,40;Rohdaten
2023-03-08;470,40;Rohdaten
2023-03-09;470,39;Rohdaten
2023-03-10;470,39;Rohdaten
2023-03-11;470,38;Rohdaten
2023-03-12;470,38;Rohdaten
2023-03-13;470,37;Rohdaten
2023-03-14;470,37;Rohdaten
2023-03-15;470,37;Rohdaten
2023-03-16;470,37;Rohdaten
2023-03-17;470,36;Rohdaten
2023-03-18;470,36;Rohdaten
2023-03-19;470,35;Rohdaten
2023-03-20;470,35;Rohdaten
2023-03-21;470,35;Rohdaten
2023-03-22;470,34;Rohdaten
2023-03-23;470,34;Rohdaten
2023-03-24;470,33;Rohdaten
2023-03-25;470,33;Rohdaten
2023-03-26;470,32;Rohdaten
2023-03-27;470,33;Rohdaten
2023-03-28;470,33;Rohdaten
2023-03-29;470,32;Rohdaten
2023-03-30;470,33;Rohdaten
2023-03-31;470,33;Rohdaten
2023-04-01;470,33;Rohdaten
2023-04-02;470,33;Rohdaten
2023-04-03;470,33;Rohdaten
2023-04-04;470,32;Rohdaten
2023-04-05;470,32;Rohdaten
2023-04-06;470,32;Rohdaten
2023-04-07;470,32;Rohdaten
2023-04-08;470,31;Rohdaten
2023-04-09;470,31;Rohdaten
2023-04-10;470,31;Rohdaten
2023-04-11;470,31;Rohdaten
2023-04-12;470,31;Rohdaten
2023-04-13;470,32;Rohdaten
2023-04-14;470,34;Rohdaten
2023-04-15;470,35;Rohdaten
2023-04-16;470,35;Rohdaten
2023-04-17;470,35;Rohdaten
2023-04-18;470,35;Rohdaten
2023-04-19;470,35;Rohdaten
2023-04-20;470,37;Rohdaten
2023-04-21;470,37;Rohdaten
2023-04-22;470,37;Rohdaten
2023-04-23;470,37;Rohdaten
2023-04-24;470,39;Rohdaten
2023-04-25;470,39;Rohdaten
2023-04-26;470,40;Rohdaten
2023-04-27;470,40;Rohdaten
2023-04-28;470,43;Rohdaten
2023-04-29;470,48;Rohdaten
2023-04-30;470,48;Rohdaten
2023-05-01;470,50;Rohdaten
2023-05-02;470,52;Rohdaten
2023-05-03;470,56;Rohdaten
2023-05-04;470,57;Rohdaten
2023-05-05;470,59;Rohdaten
2023-05-06;470,62;Rohdaten
2023-05-07;470,63;Rohdaten
2023-05-08;470,64;Rohdaten
2023-05-09;470,66;Rohdaten
2023-05-10;470,68;Rohdaten
2023-05-11;470,73;Rohdaten
2023-05-12;470,77;Rohdaten
2023-05-13;470,77;Rohdaten
2023-05-14;470,79;Rohdaten
2023-05-15;470,81;Rohdaten
2023-05-16;470,83;Rohdaten
2023-05-17;470,85;Rohdaten
2023-05-18;470,86;Rohdaten
2023-05-19;470,87;Rohdaten
2023-05-20;470,88;Rohdaten
2023-05-21;470,88;Rohdaten
2023-05-22;470,89;Rohdaten
2023-05-23;470,89;Rohdaten
2023-05-24;470,89;Rohdaten
2023-05-25;470,89;Rohdaten
2023-05-26;470,90;Rohdaten
2023-05-27;470,90;Rohdaten
2023-05-28;470,90;Rohdaten
2023-05-29;470,90;Rohdaten
2023-05-30;470,90;Rohdaten
2023-05-31;470,90;Rohdaten
2023-06-01;470,90;Rohdaten
2023-06-02;470,90;Rohdaten
2023-06-03;470,90;Rohdaten
2023-06-04;470,90;Rohdaten
2023-06-05;470,90;Rohdaten
2023-06-06;470,90;Rohdaten
2023-06-07;470,90;Rohdaten
2023-06-08;470,90;Rohdaten
2023-06-09;470,90;Rohdaten
2023-06-10;470,90;Rohdaten
2023-06-11;470,90;Rohdaten
2023-06-12;470,90;Rohdaten
2023-06-13;470,90;Rohdaten
2023-06-14;470,89;Rohdaten
2023-06-15;470,89;Rohdaten
2023-06-16;470,89;Rohdaten
2023-06-17;470,88;Rohdaten
2023-06-18;470,88;Rohdaten
2023-06-19;470,87;Rohdaten
2023-06-20;470,87;Rohdaten
2023-06-21;470,87;Rohdaten
2023-06-22;470,87;Rohdaten
2023-06-23;470,87;Rohdaten
2023-06-24;470,87;Rohdaten
2023-06-25;470,87;Rohdaten
2023-06-26;470,86;Rohdaten
2023-06-27;470,86;Rohdaten
2023-06-28;470,85;Rohdaten
2023-06-29;470,85;Rohdaten
2023-06-30;470,84;Rohdaten
2023-07-01;470,85;Rohdaten
2023-07-02;470,84;Rohdaten
2023-07-03;470,84;Rohdaten
2023-07-04;470,83;Rohdaten
2023-07-05;470,83;Rohdaten
2023-07-06;470,82;Rohdaten
2023-07-07;470,81;Rohdaten
2023-07-08;470,81;Rohdaten
2023-07-09;470,80;Rohdaten
2023-07-10;470,79;Rohdaten
2023-07-11;470,78;Rohdaten
2023-07-12;470,78;Rohdaten
2023-07-13;470,82;Rohdaten
2023-07-14;470,81;Rohdaten
2023-07-15;470,80;Rohdaten
2023-07-16;470,79;Rohdaten
2023-07-17;470,78;Rohdaten
2023-07-18;470,77;Rohdaten
2023-07-19;470,76;Rohdaten
2023-07-20;470,75;Rohdaten
2023-07-21;470,74;Rohdaten
2023-07-22;470,74;Rohdaten
2023-07-23;470,73;Rohdaten
2023-07-24;470,72;Rohdaten
2023-07-25;470,72;Rohdaten
2023-07-26;470,72;Rohdaten
2023-07-27;470,71;Rohdaten
2023-07-28;470,71;Rohdaten
2023-07-29;470,70;Rohdaten
2023-07-30;470,71;Rohdaten
2023-07-31;470,70;Rohdaten
2023-08-01;470,70;Rohdaten
2023-08-02;470,69;Rohdaten
2023-08-03;470,69;Rohdaten
2023-08-04;470,68;Rohdaten
2023-08-05;470,68;Rohdaten
2023-08-06;470,70;Rohdaten
2023-08-07;470,71;Rohdaten
2023-08-08;470,70;Rohdaten
2023-08-09;470,69;Rohdaten
2023-08-10;470,70;Rohdaten
2023-08-11;470,68;Rohdaten
2023-08-12;470,68;Rohdaten
2023-08-13;470,67;Rohdaten
2023-08-14;470,67;Rohdaten
2023-08-15;470,66;Rohdaten
2023-08-16;470,66;Rohdaten
2023-08-17;470,64;Rohdaten
2023-08-18;470,63;Rohdaten
2023-08-19;470,63;Rohdaten
2023-08-20;470,62;Rohdaten
2023-08-21;470,61;Rohdaten
2023-08-22;470,60;Rohdaten
2023-08-23;470,59;Rohdaten
2023-08-24;470,58;Rohdaten
2023-08-25;470,58;Rohdaten
2023-08-26;470,58;Rohdaten
2023-08-27;470,61;Rohdaten
2023-08-28;470,69;Rohdaten
2023-08-29;470,76;Rohdaten
2023-08-30;470,78;Rohdaten
2023-08-31;470,79;Rohdaten
2023-09-01;470,80;Rohdaten
2023-09-02;470,80;Rohdaten
2023-09-03;470,80;Rohdaten
2023-09-04;470,80;Rohdaten
2023-09-05;470,79;Rohdaten
2023-09-06;470,78;Rohdaten
2023-09-07;470,77;Rohdaten
2023-09-08;470,76;Rohdaten
2023-09-09;470,75;Rohdaten
2023-09-10;470,74;Rohdaten
2023-09-11;470,74;Rohdaten
2023-09-12;470,72;Rohdaten
2023-09-13;470,73;Rohdaten
2023-09-14;470,74;Rohdaten
2023-09-15;470,73;Rohdaten
2023-09-16;470,73;Rohdaten
2023-09-17;470,72;Rohdaten
2023-09-18;470,72;Rohdaten
2023-09-19;470,71;Rohdaten
2023-09-20;470,70;Rohdaten
2023-09-21;470,70;Rohdaten
2023-09-22;470,70;Rohdaten
2023-09-23;470,70;Rohdaten
2023-09-24;470,70;Rohdaten
2023-09-25;470,69;Rohdaten
2023-09-26;470,69;Rohdaten
2023-09-27;470,68;Rohdaten
2023-09-28;470,68;Rohdaten
2023-09-29;470,68;Rohdaten
2023-09-30;470,67;Rohdaten
2023-10-01;470,67;Rohdaten
2023-10-02;470,66;Rohdaten
2023-10-03;470,66;Rohdaten
2023-10-04;470,65;Rohdaten
2023-10-05;470,65;Rohdaten
2023-10-06;470,65;Rohdaten
2023-10-07;470,64;Rohdaten
2023-10-08;470,64;Rohdaten
2023-10-09;470,63;Rohdaten
2023-10-10;470,63;Rohdaten
2023-10-11;470,62;Rohdaten
2023-10-12;470,62;Rohdaten
2023-10-13;470,61;Rohdaten
2023-10-14;470,61;Rohdaten
2023-10-15;470,61;Rohdaten
2023-10-16;470,60;Rohdaten
2023-10-17;470,60;Rohdaten
2023-10-18;470,60;Rohdaten
2023-10-19;470,59;Rohdaten
2023-10-20;470,59;Rohdaten
2023-10-21;470,58;Rohdaten
2023-10-22;470,58;Rohdaten
2023-10-23;470,57;Rohdaten
2023-10-24;470,57;Rohdaten
2023-10-25;470,56;Rohdaten
2023-10-26;470,56;Rohdaten
2023-10-27;470,58;Rohdaten
2023-10-28;470,57;Rohdaten
2023-10-29;470,57;Rohdaten
2023-10-30;470,56;Rohdaten
2023-10-31;470,57;Rohdaten
