﻿Quelle:;"Bayerisches Landesamt für Umwelt, www.gkd.bayern.de"
Datenbankabfrage:;"18.11.2023 09:05"
Zeitbezug:;MEZ
Messstellen-Name:;"Hochmutting Süd"
Messstellen-Nr.:;16273
Ostwert:;691890;Nordwert:;5345057;"ETRS89 / UTM Zone 32N"

Datum;"Grundwasserstand [m ü. NN]";Prüfstatus
2023-01-01;482,44;Rohdaten
2023-01-02;482,45;Rohdaten
2023-01-03;482,47;Rohdaten
2023-01-04;482,48;Rohdaten
2023-01-05;482,49;Rohdaten
2023-01-06;482,50;Rohdaten
2023-01-07;482,51;Rohdaten
2023-01-08;482,53;Rohdaten
2023-01-09;482,53;Rohdaten
2023-01-10;482,54;Rohdaten
2023-01-11;482,54;Rohdaten
2023-01-12;482,55;Rohdaten
2023-01-13;482,55;Rohdaten
2023-01-14;482,56;Rohdaten
2023-01-15;482,56;Rohdaten
2023-01-16;482,56;Rohdaten
2023-01-17;482,56;Rohdaten
2023-01-18;482,56;Rohdaten
2023-01-19;482,55;Rohdaten
2023-01-20;482,55;Rohdaten
2023-01-21;482,55;Rohdaten
2023-01-22;482,55;Rohdaten
2023-01-23;482,54;Rohdaten
2023-01-24;482,54;Rohdaten
2023-01-25;482,54;Rohdaten
2023-01-26;482,53;Rohdaten
2023-01-27;482,53;Rohdaten
2023-01-28;482,53;Rohdaten
2023-01-29;482,52;Rohdaten
2023-01-30;482,51;Rohdaten
2023-01-31;482,51;Rohdaten
2023-02-01;482,50;Rohdaten
2023-02-02;482,50;Rohdaten
2023-02-03;482,49;Rohdaten
2023-02-04;482,48;Rohdaten
2023-02-05;482,48;Rohdaten
2023-02-06;482,47;Rohdaten
2023-02-07;482,46;Rohdaten
2023-02-08;482,46;Rohdaten
2023-02-09;482,45;Rohdaten
2023-02-10;482,44;Rohdaten
2023-02-11;482,44;Rohdaten
2023-02-12;482,43;Rohdaten
2023-02-13;482,42;Rohdaten
2023-02-14;482,41;Rohdaten
2023-02-15;482,41;Rohdaten
2023-02-16;482,40;Rohdaten
2023-02-17;482,39;Rohdaten
2023-02-18;482,39;Rohdaten
2023-02-19;482,38;Rohdaten
2023-02-20;482,37;Rohdaten
2023-02-21;482,36;Rohdaten
2023-02-22;482,36;Rohdaten
2023-02-23;482,35;Rohdaten
2023-02-24;482,34;Rohdaten
2023-02-25;482,34;Rohdaten
2023-02-26;482,34;Rohdaten
2023-02-27;482,33;Rohdaten
2023-02-28;482,32;Rohdaten
2023-03-01;482,32;Rohdaten
2023-03-02;482,31;Rohdaten
2023-03-03;482,30;Rohdaten
2023-03-04;482,30;Rohdaten
2023-03-05;482,29;Rohdaten
2023-03-06;482,28;Rohdaten
2023-03-07;482,28;Rohdaten
2023-03-08;482,27;Rohdaten
2023-03-09;482,27;Rohdaten
2023-03-10;482,26;Rohdaten
2023-03-11;482,26;Rohdaten
2023-03-12;482,25;Rohdaten
2023-03-13;482,25;Rohdaten
2023-03-14;482,24;Rohdaten
2023-03-15;482,24;Rohdaten
2023-03-16;482,24;Rohdaten
2023-03-17;482,23;Rohdaten
2023-03-18;482,23;Rohdaten
2023-03-19;482,22;Rohdaten
2023-03-20;482,22;Rohdaten
2023-03-21;482,22;Rohdaten
2023-03-22;482,21;Rohdaten
2023-03-23;482,21;Rohdaten
2023-03-24;482,21;Rohdaten
2023-03-25;482,20;Rohdaten
2023-03-26;482,20;Rohdaten
2023-03-27;482,20;Rohdaten
2023-03-28;482,19;Rohdaten
2023-03-29;482,19;Rohdaten
2023-03-30;482,19;Rohdaten
2023-03-31;482,19;Rohdaten
2023-04-01;482,19;Rohdaten
2023-04-02;482,19;Rohdaten
2023-04-03;482,19;Rohdaten
2023-04-04;482,18;Rohdaten
2023-04-05;482,18;Rohdaten
2023-04-06;482,18;Rohdaten
2023-04-07;482,17;Rohdaten
2023-04-08;482,17;Rohdaten
2023-04-09;482,17;Rohdaten
2023-04-10;482,17;Rohdaten
2023-04-11;482,17;Rohdaten
2023-04-12;482,16;Rohdaten
2023-04-13;482,17;Rohdaten
2023-04-14;482,17;Rohdaten
2023-04-15;482,18;Rohdaten
2023-04-16;482,18;Rohdaten
2023-04-17;482,18;Rohdaten
2023-04-18;482,18;Rohdaten
2023-04-19;482,18;Rohdaten
2023-04-20;482,19;Rohdaten
2023-04-21;482,20;Rohdaten
2023-04-22;482,20;Rohdaten
2023-04-23;482,21;Rohdaten
2023-04-24;482,22;Rohdaten
2023-04-25;482,22;Rohdaten
2023-04-26;482,23;Rohdaten
2023-04-27;482,24;Rohdaten
2023-04-28;482,26;Rohdaten
2023-04-29;482,29;Rohdaten
2023-04-30;482,30;Rohdaten
2023-05-01;482,31;Rohdaten
2023-05-02;482,33;Rohdaten
2023-05-03;482,35;Rohdaten
2023-05-04;482,38;Rohdaten
2023-05-05;482,41;Rohdaten
2023-05-06;482,43;Rohdaten
2023-05-07;482,46;Rohdaten
2023-05-08;482,48;Rohdaten
2023-05-09;482,50;Rohdaten
2023-05-10;482,52;Rohdaten
2023-05-11;482,55;Rohdaten
2023-05-12;482,58;Rohdaten
2023-05-13;482,60;Rohdaten
2023-05-14;482,62;Rohdaten
2023-05-15;482,65;Rohdaten
2023-05-16;482,68;Rohdaten
2023-05-17;482,72;Rohdaten
2023-05-18;482,75;Rohdaten
2023-05-19;482,78;Rohdaten
2023-05-20;482,80;Rohdaten
2023-05-21;482,83;Rohdaten
2023-05-22;482,85;Rohdaten
2023-05-23;482,86;Rohdaten
2023-05-24;482,88;Rohdaten
2023-05-25;482,89;Rohdaten
2023-05-26;482,90;Rohdaten
2023-05-27;482,91;Rohdaten
2023-05-28;482,91;Rohdaten
2023-05-29;482,92;Rohdaten
2023-05-30;482,92;Rohdaten
2023-05-31;482,92;Rohdaten
2023-06-01;482,92;Rohdaten
2023-06-02;482,92;Rohdaten
2023-06-03;482,92;Rohdaten
2023-06-04;482,91;Rohdaten
2023-06-05;482,91;Rohdaten
2023-06-06;482,90;Rohdaten
2023-06-07;482,90;Rohdaten
2023-06-08;482,89;Rohdaten
2023-06-09;482,88;Rohdaten
2023-06-10;482,87;Rohdaten
2023-06-11;482,86;Rohdaten
2023-06-12;482,86;Rohdaten
2023-06-13;482,85;Rohdaten
2023-06-14;482,83;Rohdaten
2023-06-15;482,82;Rohdaten
2023-06-16;482,81;Rohdaten
2023-06-17;482,80;Rohdaten
2023-06-18;482,79;Rohdaten
2023-06-19;482,78;Rohdaten
2023-06-20;482,77;Rohdaten
2023-06-21;482,75;Rohdaten
2023-06-22;482,74;Rohdaten
2023-06-23;482,73;Rohdaten
2023-06-24;482,72;Rohdaten
2023-06-25;482,71;Rohdaten
2023-06-26;482,70;Rohdaten
2023-06-27;482,68;Rohdaten
2023-06-28;482,67;Rohdaten
2023-06-29;482,66;Rohdaten
2023-06-30;482,65;Rohdaten
2023-07-01;482,63;Rohdaten
2023-07-02;482,62;Rohdaten
2023-07-03;482,61;Rohdaten
2023-07-04;482,60;Rohdaten
2023-07-05;482,59;Rohdaten
2023-07-06;482,57;Rohdaten
2023-07-07;482,56;Rohdaten
2023-07-08;482,55;Rohdaten
2023-07-09;482,54;Rohdaten
2023-07-10;482,53;Rohdaten
2023-07-11;482,52;Rohdaten
2023-07-12;482,51;Rohdaten
2023-07-13;482,50;Rohdaten
2023-07-14;482,49;Rohdaten
2023-07-15;482,48;Rohdaten
2023-07-16;482,47;Rohdaten
2023-07-17;482,46;Rohdaten
2023-07-18;482,45;Rohdaten
2023-07-19;482,44;Rohdaten
2023-07-20;482,43;Rohdaten
2023-07-21;482,42;Rohdaten
2023-07-22;482,41;Rohdaten
2023-07-23;482,41;Rohdaten
2023-07-24;482,40;Rohdaten
2023-07-25;482,39;Rohdaten
2023-07-26;482,38;Rohdaten
2023-07-27;482,38;Rohdaten
2023-07-28;482,37;Rohdaten
2023-07-29;482,36;Rohdaten
2023-07-30;482,35;Rohdaten
2023-07-31;482,35;Rohdaten
2023-08-01;482,34;Rohdaten
2023-08-02;482,33;Rohdaten
2023-08-03;482,33;Rohdaten
2023-08-04;482,32;Rohdaten
2023-08-05;482,32;Rohdaten
2023-08-06;482,32;Rohdaten
2023-08-07;482,31;Rohdaten
2023-08-08;482,31;Rohdaten
2023-08-09;482,30;Rohdaten
2023-08-10;482,30;Rohdaten
2023-08-11;482,29;Rohdaten
2023-08-12;482,29;Rohdaten
2023-08-13;482,28;Rohdaten
2023-08-14;482,29;Rohdaten
2023-08-15;482,28;Rohdaten
2023-08-16;482,28;Rohdaten
2023-08-17;482,27;Rohdaten
2023-08-18;482,27;Rohdaten
2023-08-19;482,26;Rohdaten
2023-08-20;482,26;Rohdaten
2023-08-21;482,26;Rohdaten
2023-08-22;482,25;Rohdaten
2023-08-23;482,25;Rohdaten
2023-08-24;482,24;Rohdaten
2023-08-25;482,24;Rohdaten
2023-08-26;482,24;Rohdaten
2023-08-27;482,25;Rohdaten
2023-08-28;482,27;Rohdaten
2023-08-29;482,31;Rohdaten
2023-08-30;482,32;Rohdaten
2023-08-31;482,31;Rohdaten
2023-09-01;482,31;Rohdaten
2023-09-02;482,32;Rohdaten
2023-09-03;482,32;Rohdaten
2023-09-04;482,33;Rohdaten
2023-09-05;482,33;Rohdaten
2023-09-06;482,34;Rohdaten
2023-09-07;482,34;Rohdaten
2023-09-08;482,35;Rohdaten
2023-09-09;482,36;Rohdaten
2023-09-10;482,37;Rohdaten
2023-09-11;482,38;Rohdaten
2023-09-12;482,39;Rohdaten
2023-09-13;482,40;Rohdaten
2023-09-14;482,41;Rohdaten
2023-09-15;482,42;Rohdaten
2023-09-16;482,43;Rohdaten
2023-09-17;482,44;Rohdaten
2023-09-18;482,45;Rohdaten
2023-09-19;482,46;Rohdaten
2023-09-20;482,47;Rohdaten
2023-09-21;482,48;Rohdaten
2023-09-22;482,49;Rohdaten
2023-09-23;482,50;Rohdaten
2023-09-24;482,50;Rohdaten
2023-09-25;482,51;Rohdaten
2023-09-26;482,52;Rohdaten
2023-09-27;482,53;Rohdaten
2023-09-28;482,53;Rohdaten
2023-09-29;482,54;Rohdaten
2023-09-30;482,54;Rohdaten
2023-10-01;482,54;Rohdaten
2023-10-02;482,54;Rohdaten
2023-10-03;482,54;Rohdaten
2023-10-04;482,54;Rohdaten
2023-10-05;482,54;Rohdaten
2023-10-06;482,54;Rohdaten
2023-10-07;482,54;Rohdaten
2023-10-08;482,53;Rohdaten
2023-10-09;482,53;Rohdaten
2023-10-10;482,53;Rohdaten
2023-10-11;482,52;Rohdaten
2023-10-12;482,52;Rohdaten
2023-10-13;482,52;Rohdaten
2023-10-14;482,51;Rohdaten
2023-10-15;482,51;Rohdaten
2023-10-16;482,50;Rohdaten
2023-10-17;482,50;Rohdaten
2023-10-18;482,49;Rohdaten
2023-10-19;482,49;Rohdaten
2023-10-20;482,48;Rohdaten
2023-10-21;482,47;Rohdaten
2023-10-22;482,46;Rohdaten
2023-10-23;482,46;Rohdaten
2023-10-24;482,45;Rohdaten
2023-10-25;482,44;Rohdaten
2023-10-26;482,44;Rohdaten
2023-10-27;482,44;Rohdaten
2023-10-28;482,43;Rohdaten
2023-10-29;482,42;Rohdaten
2023-10-30;482,41;Rohdaten
2023-10-31;482,41;Rohdaten
